File_Name,File_Description,Standard,Start_Date,End_Date,Missing_Value_Codes,File_Path
L2-create-time-series.R,Sample R code to create a time series from data,,,,,code_examples_L2
Level 2 processing.pdf,Detailed description of Level 2 processing steps,,,,,code_examples_L2
README.md,Minimal README about the folder,,,,,code_examples_L2
CRC_2022_L2_v2-1_metadata.txt,Metadata for all data files in CRC_2022 folder,,,,,CRC_2022
CRC_OW_2022_battery-voltage_L2_v2-1.parquet,Year 2022 sensor data for OW plot at CRC site,,2022-01-01,2022-12-31,'NA',CRC_2022
CRC_OW_2022_battery-voltage_L2_v2-1.pdf,Plots of Jan 2022 sensor data for CRC-OW,,2022-01-01,2022-12-31,,CRC_2022
CRC_OW_2022_sonde-cable_L2_v2-1.parquet,Year 2022 sensor data for OW plot at CRC site,,2022-01-01,2022-12-31,'NA',CRC_2022
CRC_OW_2022_sonde-cable_L2_v2-1.pdf,Plots of Jan 2022 sensor data for CRC-OW,,2022-01-01,2022-12-31,,CRC_2022
CRC_OW_2022_sonde-conductivity_L2_v2-1.parquet,Year 2022 sensor data for OW plot at CRC site,,2022-01-01,2022-12-31,'NA',CRC_2022
CRC_OW_2022_sonde-conductivity_L2_v2-1.pdf,Plots of Jan 2022 sensor data for CRC-OW,,2022-01-01,2022-12-31,,CRC_2022
CRC_OW_2022_sonde-fdom_L2_v2-1.parquet,Year 2022 sensor data for OW plot at CRC site,,2022-01-01,2022-12-31,'NA',CRC_2022
CRC_OW_2022_sonde-fdom_L2_v2-1.pdf,Plots of Jan 2022 sensor data for CRC-OW,,2022-01-01,2022-12-31,,CRC_2022
CRC_OW_2022_sonde-fdom-rfu_L2_v2-1.parquet,Year 2022 sensor data for OW plot at CRC site,,2022-01-01,2022-12-31,'NA',CRC_2022
CRC_OW_2022_sonde-fdom-rfu_L2_v2-1.pdf,Plots of Jan 2022 sensor data for CRC-OW,,2022-01-01,2022-12-31,,CRC_2022
CRC_OW_2022_sonde-nlf-cond_L2_v2-1.parquet,Year 2022 sensor data for OW plot at CRC site,,2022-01-01,2022-12-31,'NA',CRC_2022
CRC_OW_2022_sonde-nlf-cond_L2_v2-1.pdf,Plots of Jan 2022 sensor data for CRC-OW,,2022-01-01,2022-12-31,,CRC_2022
CRC_OW_2022_sonde-odo-local_L2_v2-1.parquet,Year 2022 sensor data for OW plot at CRC site,,2022-01-01,2022-12-31,'NA',CRC_2022
CRC_OW_2022_sonde-odo-local_L2_v2-1.pdf,Plots of Jan 2022 sensor data for CRC-OW,,2022-01-01,2022-12-31,,CRC_2022
CRC_OW_2022_sonde-odo-mgl_L2_v2-1.parquet,Year 2022 sensor data for OW plot at CRC site,,2022-01-01,2022-12-31,'NA',CRC_2022
CRC_OW_2022_sonde-odo-mgl_L2_v2-1.pdf,Plots of Jan 2022 sensor data for CRC-OW,,2022-01-01,2022-12-31,,CRC_2022
CRC_OW_2022_sonde-odo-sat_L2_v2-1.parquet,Year 2022 sensor data for OW plot at CRC site,,2022-01-01,2022-12-31,'NA',CRC_2022
CRC_OW_2022_sonde-odo-sat_L2_v2-1.pdf,Plots of Jan 2022 sensor data for CRC-OW,,2022-01-01,2022-12-31,,CRC_2022
CRC_OW_2022_sonde-ph_L2_v2-1.parquet,Year 2022 sensor data for OW plot at CRC site,,2022-01-01,2022-12-31,'NA',CRC_2022
CRC_OW_2022_sonde-ph_L2_v2-1.pdf,Plots of Jan 2022 sensor data for CRC-OW,,2022-01-01,2022-12-31,,CRC_2022
CRC_OW_2022_sonde-ph-mv_L2_v2-1.parquet,Year 2022 sensor data for OW plot at CRC site,,2022-01-01,2022-12-31,'NA',CRC_2022
CRC_OW_2022_sonde-ph-mv_L2_v2-1.pdf,Plots of Jan 2022 sensor data for CRC-OW,,2022-01-01,2022-12-31,,CRC_2022
CRC_OW_2022_sonde-pressure_L2_v2-1.parquet,Year 2022 sensor data for OW plot at CRC site,,2022-01-01,2022-12-31,'NA',CRC_2022
CRC_OW_2022_sonde-pressure_L2_v2-1.pdf,Plots of Jan 2022 sensor data for CRC-OW,,2022-01-01,2022-12-31,,CRC_2022
CRC_OW_2022_sonde-salinity_L2_v2-1.parquet,Year 2022 sensor data for OW plot at CRC site,,2022-01-01,2022-12-31,'NA',CRC_2022
CRC_OW_2022_sonde-salinity_L2_v2-1.pdf,Plots of Jan 2022 sensor data for CRC-OW,,2022-01-01,2022-12-31,,CRC_2022
CRC_OW_2022_sonde-spcond_L2_v2-1.parquet,Year 2022 sensor data for OW plot at CRC site,,2022-01-01,2022-12-31,'NA',CRC_2022
CRC_OW_2022_sonde-spcond_L2_v2-1.pdf,Plots of Jan 2022 sensor data for CRC-OW,,2022-01-01,2022-12-31,,CRC_2022
CRC_OW_2022_sonde-temp_L2_v2-1.parquet,Year 2022 sensor data for OW plot at CRC site,,2022-01-01,2022-12-31,'NA',CRC_2022
CRC_OW_2022_sonde-temp_L2_v2-1.pdf,Plots of Jan 2022 sensor data for CRC-OW,,2022-01-01,2022-12-31,,CRC_2022
CRC_OW_2022_sonde-wipercur_L2_v2-1.parquet,Year 2022 sensor data for OW plot at CRC site,,2022-01-01,2022-12-31,'NA',CRC_2022
CRC_OW_2022_sonde-wipercur_L2_v2-1.pdf,Plots of Jan 2022 sensor data for CRC-OW,,2022-01-01,2022-12-31,,CRC_2022
CRC_OW_2022_sonde-wiperpos_L2_v2-1.parquet,Year 2022 sensor data for OW plot at CRC site,,2022-01-01,2022-12-31,'NA',CRC_2022
CRC_OW_2022_sonde-wiperpos_L2_v2-1.pdf,Plots of Jan 2022 sensor data for CRC-OW,,2022-01-01,2022-12-31,,CRC_2022
CRC_TR_2022_gw-act-cond_L2_v2-1.parquet,Year 2022 sensor data for TR plot at CRC site,,2022-01-01,2022-12-31,'NA',CRC_2022
CRC_TR_2022_gw-act-cond_L2_v2-1.pdf,Plots of Jan 2022 sensor data for CRC-TR,,2022-01-01,2022-12-31,,CRC_2022
CRC_TR_2022_gw-bar-pressure_L2_v2-1.parquet,Year 2022 sensor data for TR plot at CRC site,,2022-01-01,2022-12-31,'NA',CRC_2022
CRC_TR_2022_gw-bar-pressure_L2_v2-1.pdf,Plots of Jan 2022 sensor data for CRC-TR,,2022-01-01,2022-12-31,,CRC_2022
CRC_TR_2022_gw-battery_L2_v2-1.parquet,Year 2022 sensor data for TR plot at CRC site,,2022-01-01,2022-12-31,'NA',CRC_2022
CRC_TR_2022_gw-battery_L2_v2-1.pdf,Plots of Jan 2022 sensor data for CRC-TR,,2022-01-01,2022-12-31,,CRC_2022
CRC_TR_2022_gw-density_L2_v2-1.parquet,Year 2022 sensor data for TR plot at CRC site,,2022-01-01,2022-12-31,'NA',CRC_2022
CRC_TR_2022_gw-density_L2_v2-1.pdf,Plots of Jan 2022 sensor data for CRC-TR,,2022-01-01,2022-12-31,,CRC_2022
CRC_TR_2022_gw-depth_L2_v2-1.parquet,Year 2022 sensor data for TR plot at CRC site,,2022-01-01,2022-12-31,'NA',CRC_2022
CRC_TR_2022_gw-depth_L2_v2-1.pdf,Plots of Jan 2022 sensor data for CRC-TR,,2022-01-01,2022-12-31,,CRC_2022
CRC_TR_2022_gw-part-pressure_L2_v2-1.parquet,Year 2022 sensor data for TR plot at CRC site,,2022-01-01,2022-12-31,'NA',CRC_2022
CRC_TR_2022_gw-part-pressure_L2_v2-1.pdf,Plots of Jan 2022 sensor data for CRC-TR,,2022-01-01,2022-12-31,,CRC_2022
CRC_TR_2022_gw-perc-sat_L2_v2-1.parquet,Year 2022 sensor data for TR plot at CRC site,,2022-01-01,2022-12-31,'NA',CRC_2022
CRC_TR_2022_gw-perc-sat_L2_v2-1.pdf,Plots of Jan 2022 sensor data for CRC-TR,,2022-01-01,2022-12-31,,CRC_2022
CRC_TR_2022_gw-ph_L2_v2-1.parquet,Year 2022 sensor data for TR plot at CRC site,,2022-01-01,2022-12-31,'NA',CRC_2022
CRC_TR_2022_gw-ph_L2_v2-1.pdf,Plots of Jan 2022 sensor data for CRC-TR,,2022-01-01,2022-12-31,,CRC_2022
CRC_TR_2022_gw-ph-mv_L2_v2-1.parquet,Year 2022 sensor data for TR plot at CRC site,,2022-01-01,2022-12-31,'NA',CRC_2022
CRC_TR_2022_gw-ph-mv_L2_v2-1.pdf,Plots of Jan 2022 sensor data for CRC-TR,,2022-01-01,2022-12-31,,CRC_2022
CRC_TR_2022_gw-ph-orp_L2_v2-1.parquet,Year 2022 sensor data for TR plot at CRC site,,2022-01-01,2022-12-31,'NA',CRC_2022
CRC_TR_2022_gw-ph-orp_L2_v2-1.pdf,Plots of Jan 2022 sensor data for CRC-TR,,2022-01-01,2022-12-31,,CRC_2022
CRC_TR_2022_gw-pressure-vented_L2_v2-1.parquet,Year 2022 sensor data for TR plot at CRC site,,2022-01-01,2022-12-31,'NA',CRC_2022
CRC_TR_2022_gw-pressure-vented_L2_v2-1.pdf,Plots of Jan 2022 sensor data for CRC-TR,,2022-01-01,2022-12-31,,CRC_2022
CRC_TR_2022_gw-rdo-conc_L2_v2-1.parquet,Year 2022 sensor data for TR plot at CRC site,,2022-01-01,2022-12-31,'NA',CRC_2022
CRC_TR_2022_gw-rdo-conc_L2_v2-1.pdf,Plots of Jan 2022 sensor data for CRC-TR,,2022-01-01,2022-12-31,,CRC_2022
CRC_TR_2022_gw-resistivity_L2_v2-1.parquet,Year 2022 sensor data for TR plot at CRC site,,2022-01-01,2022-12-31,'NA',CRC_2022
CRC_TR_2022_gw-resistivity_L2_v2-1.pdf,Plots of Jan 2022 sensor data for CRC-TR,,2022-01-01,2022-12-31,,CRC_2022
CRC_TR_2022_gw-salinity_L2_v2-1.parquet,Year 2022 sensor data for TR plot at CRC site,,2022-01-01,2022-12-31,'NA',CRC_2022
CRC_TR_2022_gw-salinity_L2_v2-1.pdf,Plots of Jan 2022 sensor data for CRC-TR,,2022-01-01,2022-12-31,,CRC_2022
CRC_TR_2022_gw-spec-cond_L2_v2-1.parquet,Year 2022 sensor data for TR plot at CRC site,,2022-01-01,2022-12-31,'NA',CRC_2022
CRC_TR_2022_gw-spec-cond_L2_v2-1.pdf,Plots of Jan 2022 sensor data for CRC-TR,,2022-01-01,2022-12-31,,CRC_2022
CRC_TR_2022_gw-tds_L2_v2-1.parquet,Year 2022 sensor data for TR plot at CRC site,,2022-01-01,2022-12-31,'NA',CRC_2022
CRC_TR_2022_gw-tds_L2_v2-1.pdf,Plots of Jan 2022 sensor data for CRC-TR,,2022-01-01,2022-12-31,,CRC_2022
CRC_TR_2022_gw-temperature_L2_v2-1.parquet,Year 2022 sensor data for TR plot at CRC site,,2022-01-01,2022-12-31,'NA',CRC_2022
CRC_TR_2022_gw-temperature_L2_v2-1.pdf,Plots of Jan 2022 sensor data for CRC-TR,,2022-01-01,2022-12-31,,CRC_2022
CRC_TR_2022_gw-voltage-ext_L2_v2-1.parquet,Year 2022 sensor data for TR plot at CRC site,,2022-01-01,2022-12-31,'NA',CRC_2022
CRC_TR_2022_gw-voltage-ext_L2_v2-1.pdf,Plots of Jan 2022 sensor data for CRC-TR,,2022-01-01,2022-12-31,,CRC_2022
CRC_TR_2022_gw-wl-below-surface_L2_v2-1.parquet,Year 2022 sensor data for TR plot at CRC site,,2022-01-01,2022-12-31,'NA',CRC_2022
CRC_TR_2022_gw-wl-below-surface_L2_v2-1.pdf,Plots of Jan 2022 sensor data for CRC-TR,,2022-01-01,2022-12-31,,CRC_2022
CRC_TR_2022_sapflow-3.5cm_L2_v2-1.parquet,Year 2022 sensor data for TR plot at CRC site,,2022-01-01,2022-12-31,'NA',CRC_2022
CRC_TR_2022_sapflow-3.5cm_L2_v2-1.pdf,Plots of Jan 2022 sensor data for CRC-TR,,2022-01-01,2022-12-31,,CRC_2022
CRC_TR_2022_sapflow-5cm_L2_v2-1.parquet,Year 2022 sensor data for TR plot at CRC site,,2022-01-01,2022-12-31,'NA',CRC_2022
CRC_TR_2022_sapflow-5cm_L2_v2-1.pdf,Plots of Jan 2022 sensor data for CRC-TR,,2022-01-01,2022-12-31,,CRC_2022
CRC_TR_2022_soil-EC-10cm_L2_v2-1.parquet,Year 2022 sensor data for TR plot at CRC site,,2022-01-01,2022-12-31,'NA',CRC_2022
CRC_TR_2022_soil-EC-10cm_L2_v2-1.pdf,Plots of Jan 2022 sensor data for CRC-TR,,2022-01-01,2022-12-31,,CRC_2022
CRC_TR_2022_soil-EC-30cm_L2_v2-1.parquet,Year 2022 sensor data for TR plot at CRC site,,2022-01-01,2022-12-31,'NA',CRC_2022
CRC_TR_2022_soil-EC-30cm_L2_v2-1.pdf,Plots of Jan 2022 sensor data for CRC-TR,,2022-01-01,2022-12-31,,CRC_2022
CRC_TR_2022_soil-salinity-10cm_L2_v2-1.parquet,Year 2022 sensor data for TR plot at CRC site,,2022-01-01,2022-12-31,'NA',CRC_2022
CRC_TR_2022_soil-salinity-10cm_L2_v2-1.pdf,Plots of Jan 2022 sensor data for CRC-TR,,2022-01-01,2022-12-31,,CRC_2022
CRC_TR_2022_soil-salinity-30cm_L2_v2-1.parquet,Year 2022 sensor data for TR plot at CRC site,,2022-01-01,2022-12-31,'NA',CRC_2022
CRC_TR_2022_soil-salinity-30cm_L2_v2-1.pdf,Plots of Jan 2022 sensor data for CRC-TR,,2022-01-01,2022-12-31,,CRC_2022
CRC_TR_2022_soil-temp-10cm_L2_v2-1.parquet,Year 2022 sensor data for TR plot at CRC site,,2022-01-01,2022-12-31,'NA',CRC_2022
CRC_TR_2022_soil-temp-10cm_L2_v2-1.pdf,Plots of Jan 2022 sensor data for CRC-TR,,2022-01-01,2022-12-31,,CRC_2022
CRC_TR_2022_soil-temp-30cm_L2_v2-1.parquet,Year 2022 sensor data for TR plot at CRC site,,2022-01-01,2022-12-31,'NA',CRC_2022
CRC_TR_2022_soil-temp-30cm_L2_v2-1.pdf,Plots of Jan 2022 sensor data for CRC-TR,,2022-01-01,2022-12-31,,CRC_2022
CRC_TR_2022_soil-vwc-10cm_L2_v2-1.parquet,Year 2022 sensor data for TR plot at CRC site,,2022-01-01,2022-12-31,'NA',CRC_2022
CRC_TR_2022_soil-vwc-10cm_L2_v2-1.pdf,Plots of Jan 2022 sensor data for CRC-TR,,2022-01-01,2022-12-31,,CRC_2022
CRC_TR_2022_soil-vwc-30cm_L2_v2-1.parquet,Year 2022 sensor data for TR plot at CRC site,,2022-01-01,2022-12-31,'NA',CRC_2022
CRC_TR_2022_soil-vwc-30cm_L2_v2-1.pdf,Plots of Jan 2022 sensor data for CRC-TR,,2022-01-01,2022-12-31,,CRC_2022
CRC_UP_2022_gw-act-cond_L2_v2-1.parquet,Year 2022 sensor data for UP plot at CRC site,,2022-01-01,2022-12-31,'NA',CRC_2022
CRC_UP_2022_gw-act-cond_L2_v2-1.pdf,Plots of Jan 2022 sensor data for CRC-UP,,2022-01-01,2022-12-31,,CRC_2022
CRC_UP_2022_gw-bar-pressure_L2_v2-1.parquet,Year 2022 sensor data for UP plot at CRC site,,2022-01-01,2022-12-31,'NA',CRC_2022
CRC_UP_2022_gw-bar-pressure_L2_v2-1.pdf,Plots of Jan 2022 sensor data for CRC-UP,,2022-01-01,2022-12-31,,CRC_2022
CRC_UP_2022_gw-battery_L2_v2-1.parquet,Year 2022 sensor data for UP plot at CRC site,,2022-01-01,2022-12-31,'NA',CRC_2022
CRC_UP_2022_gw-battery_L2_v2-1.pdf,Plots of Jan 2022 sensor data for CRC-UP,,2022-01-01,2022-12-31,,CRC_2022
CRC_UP_2022_gw-density_L2_v2-1.parquet,Year 2022 sensor data for UP plot at CRC site,,2022-01-01,2022-12-31,'NA',CRC_2022
CRC_UP_2022_gw-density_L2_v2-1.pdf,Plots of Jan 2022 sensor data for CRC-UP,,2022-01-01,2022-12-31,,CRC_2022
CRC_UP_2022_gw-depth_L2_v2-1.parquet,Year 2022 sensor data for UP plot at CRC site,,2022-01-01,2022-12-31,'NA',CRC_2022
CRC_UP_2022_gw-depth_L2_v2-1.pdf,Plots of Jan 2022 sensor data for CRC-UP,,2022-01-01,2022-12-31,,CRC_2022
CRC_UP_2022_gw-part-pressure_L2_v2-1.parquet,Year 2022 sensor data for UP plot at CRC site,,2022-01-01,2022-12-31,'NA',CRC_2022
CRC_UP_2022_gw-part-pressure_L2_v2-1.pdf,Plots of Jan 2022 sensor data for CRC-UP,,2022-01-01,2022-12-31,,CRC_2022
CRC_UP_2022_gw-perc-sat_L2_v2-1.parquet,Year 2022 sensor data for UP plot at CRC site,,2022-01-01,2022-12-31,'NA',CRC_2022
CRC_UP_2022_gw-perc-sat_L2_v2-1.pdf,Plots of Jan 2022 sensor data for CRC-UP,,2022-01-01,2022-12-31,,CRC_2022
CRC_UP_2022_gw-ph_L2_v2-1.parquet,Year 2022 sensor data for UP plot at CRC site,,2022-01-01,2022-12-31,'NA',CRC_2022
CRC_UP_2022_gw-ph_L2_v2-1.pdf,Plots of Jan 2022 sensor data for CRC-UP,,2022-01-01,2022-12-31,,CRC_2022
CRC_UP_2022_gw-ph-mv_L2_v2-1.parquet,Year 2022 sensor data for UP plot at CRC site,,2022-01-01,2022-12-31,'NA',CRC_2022
CRC_UP_2022_gw-ph-mv_L2_v2-1.pdf,Plots of Jan 2022 sensor data for CRC-UP,,2022-01-01,2022-12-31,,CRC_2022
CRC_UP_2022_gw-ph-orp_L2_v2-1.parquet,Year 2022 sensor data for UP plot at CRC site,,2022-01-01,2022-12-31,'NA',CRC_2022
CRC_UP_2022_gw-ph-orp_L2_v2-1.pdf,Plots of Jan 2022 sensor data for CRC-UP,,2022-01-01,2022-12-31,,CRC_2022
CRC_UP_2022_gw-pressure-vented_L2_v2-1.parquet,Year 2022 sensor data for UP plot at CRC site,,2022-01-01,2022-12-31,'NA',CRC_2022
CRC_UP_2022_gw-pressure-vented_L2_v2-1.pdf,Plots of Jan 2022 sensor data for CRC-UP,,2022-01-01,2022-12-31,,CRC_2022
CRC_UP_2022_gw-rdo-conc_L2_v2-1.parquet,Year 2022 sensor data for UP plot at CRC site,,2022-01-01,2022-12-31,'NA',CRC_2022
CRC_UP_2022_gw-rdo-conc_L2_v2-1.pdf,Plots of Jan 2022 sensor data for CRC-UP,,2022-01-01,2022-12-31,,CRC_2022
CRC_UP_2022_gw-resistivity_L2_v2-1.parquet,Year 2022 sensor data for UP plot at CRC site,,2022-01-01,2022-12-31,'NA',CRC_2022
CRC_UP_2022_gw-resistivity_L2_v2-1.pdf,Plots of Jan 2022 sensor data for CRC-UP,,2022-01-01,2022-12-31,,CRC_2022
CRC_UP_2022_gw-salinity_L2_v2-1.parquet,Year 2022 sensor data for UP plot at CRC site,,2022-01-01,2022-12-31,'NA',CRC_2022
CRC_UP_2022_gw-salinity_L2_v2-1.pdf,Plots of Jan 2022 sensor data for CRC-UP,,2022-01-01,2022-12-31,,CRC_2022
CRC_UP_2022_gw-spec-cond_L2_v2-1.parquet,Year 2022 sensor data for UP plot at CRC site,,2022-01-01,2022-12-31,'NA',CRC_2022
CRC_UP_2022_gw-spec-cond_L2_v2-1.pdf,Plots of Jan 2022 sensor data for CRC-UP,,2022-01-01,2022-12-31,,CRC_2022
CRC_UP_2022_gw-tds_L2_v2-1.parquet,Year 2022 sensor data for UP plot at CRC site,,2022-01-01,2022-12-31,'NA',CRC_2022
CRC_UP_2022_gw-tds_L2_v2-1.pdf,Plots of Jan 2022 sensor data for CRC-UP,,2022-01-01,2022-12-31,,CRC_2022
CRC_UP_2022_gw-temperature_L2_v2-1.parquet,Year 2022 sensor data for UP plot at CRC site,,2022-01-01,2022-12-31,'NA',CRC_2022
CRC_UP_2022_gw-temperature_L2_v2-1.pdf,Plots of Jan 2022 sensor data for CRC-UP,,2022-01-01,2022-12-31,,CRC_2022
CRC_UP_2022_gw-voltage-ext_L2_v2-1.parquet,Year 2022 sensor data for UP plot at CRC site,,2022-01-01,2022-12-31,'NA',CRC_2022
CRC_UP_2022_gw-voltage-ext_L2_v2-1.pdf,Plots of Jan 2022 sensor data for CRC-UP,,2022-01-01,2022-12-31,,CRC_2022
CRC_UP_2022_gw-wl-below-surface_L2_v2-1.parquet,Year 2022 sensor data for UP plot at CRC site,,2022-01-01,2022-12-31,'NA',CRC_2022
CRC_UP_2022_gw-wl-below-surface_L2_v2-1.pdf,Plots of Jan 2022 sensor data for CRC-UP,,2022-01-01,2022-12-31,,CRC_2022
CRC_UP_2022_sapflow-3.5cm_L2_v2-1.parquet,Year 2022 sensor data for UP plot at CRC site,,2022-01-01,2022-12-31,'NA',CRC_2022
CRC_UP_2022_sapflow-3.5cm_L2_v2-1.pdf,Plots of Jan 2022 sensor data for CRC-UP,,2022-01-01,2022-12-31,,CRC_2022
CRC_UP_2022_sapflow-5cm_L2_v2-1.parquet,Year 2022 sensor data for UP plot at CRC site,,2022-01-01,2022-12-31,'NA',CRC_2022
CRC_UP_2022_sapflow-5cm_L2_v2-1.pdf,Plots of Jan 2022 sensor data for CRC-UP,,2022-01-01,2022-12-31,,CRC_2022
CRC_UP_2022_soil-EC-10cm_L2_v2-1.parquet,Year 2022 sensor data for UP plot at CRC site,,2022-01-01,2022-12-31,'NA',CRC_2022
CRC_UP_2022_soil-EC-10cm_L2_v2-1.pdf,Plots of Jan 2022 sensor data for CRC-UP,,2022-01-01,2022-12-31,,CRC_2022
CRC_UP_2022_soil-EC-30cm_L2_v2-1.parquet,Year 2022 sensor data for UP plot at CRC site,,2022-01-01,2022-12-31,'NA',CRC_2022
CRC_UP_2022_soil-EC-30cm_L2_v2-1.pdf,Plots of Jan 2022 sensor data for CRC-UP,,2022-01-01,2022-12-31,,CRC_2022
CRC_UP_2022_soil-salinity-10cm_L2_v2-1.parquet,Year 2022 sensor data for UP plot at CRC site,,2022-01-01,2022-12-31,'NA',CRC_2022
CRC_UP_2022_soil-salinity-10cm_L2_v2-1.pdf,Plots of Jan 2022 sensor data for CRC-UP,,2022-01-01,2022-12-31,,CRC_2022
CRC_UP_2022_soil-salinity-30cm_L2_v2-1.parquet,Year 2022 sensor data for UP plot at CRC site,,2022-01-01,2022-12-31,'NA',CRC_2022
CRC_UP_2022_soil-salinity-30cm_L2_v2-1.pdf,Plots of Jan 2022 sensor data for CRC-UP,,2022-01-01,2022-12-31,,CRC_2022
CRC_UP_2022_soil-temp-10cm_L2_v2-1.parquet,Year 2022 sensor data for UP plot at CRC site,,2022-01-01,2022-12-31,'NA',CRC_2022
CRC_UP_2022_soil-temp-10cm_L2_v2-1.pdf,Plots of Jan 2022 sensor data for CRC-UP,,2022-01-01,2022-12-31,,CRC_2022
CRC_UP_2022_soil-temp-30cm_L2_v2-1.parquet,Year 2022 sensor data for UP plot at CRC site,,2022-01-01,2022-12-31,'NA',CRC_2022
CRC_UP_2022_soil-temp-30cm_L2_v2-1.pdf,Plots of Jan 2022 sensor data for CRC-UP,,2022-01-01,2022-12-31,,CRC_2022
CRC_UP_2022_soil-vwc-10cm_L2_v2-1.parquet,Year 2022 sensor data for UP plot at CRC site,,2022-01-01,2022-12-31,'NA',CRC_2022
CRC_UP_2022_soil-vwc-10cm_L2_v2-1.pdf,Plots of Jan 2022 sensor data for CRC-UP,,2022-01-01,2022-12-31,,CRC_2022
CRC_UP_2022_soil-vwc-30cm_L2_v2-1.parquet,Year 2022 sensor data for UP plot at CRC site,,2022-01-01,2022-12-31,'NA',CRC_2022
CRC_UP_2022_soil-vwc-30cm_L2_v2-1.pdf,Plots of Jan 2022 sensor data for CRC-UP,,2022-01-01,2022-12-31,,CRC_2022
CRC_W_2022_battery-voltage_L2_v2-1.parquet,Year 2022 sensor data for W plot at CRC site,,2022-01-01,2022-12-31,'NA',CRC_2022
CRC_W_2022_battery-voltage_L2_v2-1.pdf,Plots of Jan 2022 sensor data for CRC-W,,2022-01-01,2022-12-31,,CRC_2022
CRC_W_2022_gw-act-cond_L2_v2-1.parquet,Year 2022 sensor data for W plot at CRC site,,2022-01-01,2022-12-31,'NA',CRC_2022
CRC_W_2022_gw-act-cond_L2_v2-1.pdf,Plots of Jan 2022 sensor data for CRC-W,,2022-01-01,2022-12-31,,CRC_2022
CRC_W_2022_gw-bar-pressure_L2_v2-1.parquet,Year 2022 sensor data for W plot at CRC site,,2022-01-01,2022-12-31,'NA',CRC_2022
CRC_W_2022_gw-bar-pressure_L2_v2-1.pdf,Plots of Jan 2022 sensor data for CRC-W,,2022-01-01,2022-12-31,,CRC_2022
CRC_W_2022_gw-battery_L2_v2-1.parquet,Year 2022 sensor data for W plot at CRC site,,2022-01-01,2022-12-31,'NA',CRC_2022
CRC_W_2022_gw-battery_L2_v2-1.pdf,Plots of Jan 2022 sensor data for CRC-W,,2022-01-01,2022-12-31,,CRC_2022
CRC_W_2022_gw-density_L2_v2-1.parquet,Year 2022 sensor data for W plot at CRC site,,2022-01-01,2022-12-31,'NA',CRC_2022
CRC_W_2022_gw-density_L2_v2-1.pdf,Plots of Jan 2022 sensor data for CRC-W,,2022-01-01,2022-12-31,,CRC_2022
CRC_W_2022_gw-depth_L2_v2-1.parquet,Year 2022 sensor data for W plot at CRC site,,2022-01-01,2022-12-31,'NA',CRC_2022
CRC_W_2022_gw-depth_L2_v2-1.pdf,Plots of Jan 2022 sensor data for CRC-W,,2022-01-01,2022-12-31,,CRC_2022
CRC_W_2022_gw-part-pressure_L2_v2-1.parquet,Year 2022 sensor data for W plot at CRC site,,2022-01-01,2022-12-31,'NA',CRC_2022
CRC_W_2022_gw-part-pressure_L2_v2-1.pdf,Plots of Jan 2022 sensor data for CRC-W,,2022-01-01,2022-12-31,,CRC_2022
CRC_W_2022_gw-perc-sat_L2_v2-1.parquet,Year 2022 sensor data for W plot at CRC site,,2022-01-01,2022-12-31,'NA',CRC_2022
CRC_W_2022_gw-perc-sat_L2_v2-1.pdf,Plots of Jan 2022 sensor data for CRC-W,,2022-01-01,2022-12-31,,CRC_2022
CRC_W_2022_gw-ph_L2_v2-1.parquet,Year 2022 sensor data for W plot at CRC site,,2022-01-01,2022-12-31,'NA',CRC_2022
CRC_W_2022_gw-ph_L2_v2-1.pdf,Plots of Jan 2022 sensor data for CRC-W,,2022-01-01,2022-12-31,,CRC_2022
CRC_W_2022_gw-ph-mv_L2_v2-1.parquet,Year 2022 sensor data for W plot at CRC site,,2022-01-01,2022-12-31,'NA',CRC_2022
CRC_W_2022_gw-ph-mv_L2_v2-1.pdf,Plots of Jan 2022 sensor data for CRC-W,,2022-01-01,2022-12-31,,CRC_2022
CRC_W_2022_gw-ph-orp_L2_v2-1.parquet,Year 2022 sensor data for W plot at CRC site,,2022-01-01,2022-12-31,'NA',CRC_2022
CRC_W_2022_gw-ph-orp_L2_v2-1.pdf,Plots of Jan 2022 sensor data for CRC-W,,2022-01-01,2022-12-31,,CRC_2022
CRC_W_2022_gw-pressure-vented_L2_v2-1.parquet,Year 2022 sensor data for W plot at CRC site,,2022-01-01,2022-12-31,'NA',CRC_2022
CRC_W_2022_gw-pressure-vented_L2_v2-1.pdf,Plots of Jan 2022 sensor data for CRC-W,,2022-01-01,2022-12-31,,CRC_2022
CRC_W_2022_gw-rdo-conc_L2_v2-1.parquet,Year 2022 sensor data for W plot at CRC site,,2022-01-01,2022-12-31,'NA',CRC_2022
CRC_W_2022_gw-rdo-conc_L2_v2-1.pdf,Plots of Jan 2022 sensor data for CRC-W,,2022-01-01,2022-12-31,,CRC_2022
CRC_W_2022_gw-resistivity_L2_v2-1.parquet,Year 2022 sensor data for W plot at CRC site,,2022-01-01,2022-12-31,'NA',CRC_2022
CRC_W_2022_gw-resistivity_L2_v2-1.pdf,Plots of Jan 2022 sensor data for CRC-W,,2022-01-01,2022-12-31,,CRC_2022
CRC_W_2022_gw-salinity_L2_v2-1.parquet,Year 2022 sensor data for W plot at CRC site,,2022-01-01,2022-12-31,'NA',CRC_2022
CRC_W_2022_gw-salinity_L2_v2-1.pdf,Plots of Jan 2022 sensor data for CRC-W,,2022-01-01,2022-12-31,,CRC_2022
CRC_W_2022_gw-spec-cond_L2_v2-1.parquet,Year 2022 sensor data for W plot at CRC site,,2022-01-01,2022-12-31,'NA',CRC_2022
CRC_W_2022_gw-spec-cond_L2_v2-1.pdf,Plots of Jan 2022 sensor data for CRC-W,,2022-01-01,2022-12-31,,CRC_2022
CRC_W_2022_gw-tds_L2_v2-1.parquet,Year 2022 sensor data for W plot at CRC site,,2022-01-01,2022-12-31,'NA',CRC_2022
CRC_W_2022_gw-tds_L2_v2-1.pdf,Plots of Jan 2022 sensor data for CRC-W,,2022-01-01,2022-12-31,,CRC_2022
CRC_W_2022_gw-temperature_L2_v2-1.parquet,Year 2022 sensor data for W plot at CRC site,,2022-01-01,2022-12-31,'NA',CRC_2022
CRC_W_2022_gw-temperature_L2_v2-1.pdf,Plots of Jan 2022 sensor data for CRC-W,,2022-01-01,2022-12-31,,CRC_2022
CRC_W_2022_gw-voltage-ext_L2_v2-1.parquet,Year 2022 sensor data for W plot at CRC site,,2022-01-01,2022-12-31,'NA',CRC_2022
CRC_W_2022_gw-voltage-ext_L2_v2-1.pdf,Plots of Jan 2022 sensor data for CRC-W,,2022-01-01,2022-12-31,,CRC_2022
CRC_W_2022_gw-wl-below-surface_L2_v2-1.parquet,Year 2022 sensor data for W plot at CRC site,,2022-01-01,2022-12-31,'NA',CRC_2022
CRC_W_2022_gw-wl-below-surface_L2_v2-1.pdf,Plots of Jan 2022 sensor data for CRC-W,,2022-01-01,2022-12-31,,CRC_2022
CRC_W_2022_soil-EC-10cm_L2_v2-1.parquet,Year 2022 sensor data for W plot at CRC site,,2022-01-01,2022-12-31,'NA',CRC_2022
CRC_W_2022_soil-EC-10cm_L2_v2-1.pdf,Plots of Jan 2022 sensor data for CRC-W,,2022-01-01,2022-12-31,,CRC_2022
CRC_W_2022_soil-EC-30cm_L2_v2-1.parquet,Year 2022 sensor data for W plot at CRC site,,2022-01-01,2022-12-31,'NA',CRC_2022
CRC_W_2022_soil-EC-30cm_L2_v2-1.pdf,Plots of Jan 2022 sensor data for CRC-W,,2022-01-01,2022-12-31,,CRC_2022
CRC_W_2022_soil-salinity-10cm_L2_v2-1.parquet,Year 2022 sensor data for W plot at CRC site,,2022-01-01,2022-12-31,'NA',CRC_2022
CRC_W_2022_soil-salinity-10cm_L2_v2-1.pdf,Plots of Jan 2022 sensor data for CRC-W,,2022-01-01,2022-12-31,,CRC_2022
CRC_W_2022_soil-salinity-30cm_L2_v2-1.parquet,Year 2022 sensor data for W plot at CRC site,,2022-01-01,2022-12-31,'NA',CRC_2022
CRC_W_2022_soil-salinity-30cm_L2_v2-1.pdf,Plots of Jan 2022 sensor data for CRC-W,,2022-01-01,2022-12-31,,CRC_2022
CRC_W_2022_soil-temp-10cm_L2_v2-1.parquet,Year 2022 sensor data for W plot at CRC site,,2022-01-01,2022-12-31,'NA',CRC_2022
CRC_W_2022_soil-temp-10cm_L2_v2-1.pdf,Plots of Jan 2022 sensor data for CRC-W,,2022-01-01,2022-12-31,,CRC_2022
CRC_W_2022_soil-temp-30cm_L2_v2-1.parquet,Year 2022 sensor data for W plot at CRC site,,2022-01-01,2022-12-31,'NA',CRC_2022
CRC_W_2022_soil-temp-30cm_L2_v2-1.pdf,Plots of Jan 2022 sensor data for CRC-W,,2022-01-01,2022-12-31,,CRC_2022
CRC_W_2022_soil-vwc-10cm_L2_v2-1.parquet,Year 2022 sensor data for W plot at CRC site,,2022-01-01,2022-12-31,'NA',CRC_2022
CRC_W_2022_soil-vwc-10cm_L2_v2-1.pdf,Plots of Jan 2022 sensor data for CRC-W,,2022-01-01,2022-12-31,,CRC_2022
CRC_W_2022_soil-vwc-30cm_L2_v2-1.parquet,Year 2022 sensor data for W plot at CRC site,,2022-01-01,2022-12-31,'NA',CRC_2022
CRC_W_2022_soil-vwc-30cm_L2_v2-1.pdf,Plots of Jan 2022 sensor data for CRC-W,,2022-01-01,2022-12-31,,CRC_2022
CRC_W_2022_wx-barpress15_L2_v2-1.parquet,Year 2022 sensor data for W plot at CRC site,,2022-01-01,2022-12-31,'NA',CRC_2022
CRC_W_2022_wx-barpress15_L2_v2-1.pdf,Plots of Jan 2022 sensor data for CRC-W,,2022-01-01,2022-12-31,,CRC_2022
CRC_W_2022_wx-bpmax15_L2_v2-1.parquet,Year 2022 sensor data for W plot at CRC site,,2022-01-01,2022-12-31,'NA',CRC_2022
CRC_W_2022_wx-bpmax15_L2_v2-1.pdf,Plots of Jan 2022 sensor data for CRC-W,,2022-01-01,2022-12-31,,CRC_2022
CRC_W_2022_wx-bpmin15_L2_v2-1.parquet,Year 2022 sensor data for W plot at CRC site,,2022-01-01,2022-12-31,'NA',CRC_2022
CRC_W_2022_wx-bpmin15_L2_v2-1.pdf,Plots of Jan 2022 sensor data for CRC-W,,2022-01-01,2022-12-31,,CRC_2022
CRC_W_2022_wx-dist-min15_L2_v2-1.parquet,Year 2022 sensor data for W plot at CRC site,,2022-01-01,2022-12-31,'NA',CRC_2022
CRC_W_2022_wx-dist-min15_L2_v2-1.pdf,Plots of Jan 2022 sensor data for CRC-W,,2022-01-01,2022-12-31,,CRC_2022
CRC_W_2022_wx-invalid-wind15_L2_v2-1.parquet,Year 2022 sensor data for W plot at CRC site,,2022-01-01,2022-12-31,'NA',CRC_2022
CRC_W_2022_wx-invalid-wind15_L2_v2-1.pdf,Plots of Jan 2022 sensor data for CRC-W,,2022-01-01,2022-12-31,,CRC_2022
CRC_W_2022_wx-maxws15_L2_v2-1.parquet,Year 2022 sensor data for W plot at CRC site,,2022-01-01,2022-12-31,'NA',CRC_2022
CRC_W_2022_wx-maxws15_L2_v2-1.pdf,Plots of Jan 2022 sensor data for CRC-W,,2022-01-01,2022-12-31,,CRC_2022
CRC_W_2022_wx-maxws24_L2_v2-1.parquet,Year 2022 sensor data for W plot at CRC site,,2022-01-01,2022-12-31,'NA',CRC_2022
CRC_W_2022_wx-maxws24_L2_v2-1.pdf,Plots of Jan 2022 sensor data for CRC-W,,2022-01-01,2022-12-31,,CRC_2022
CRC_W_2022_wx-par-den15_L2_v2-1.parquet,Year 2022 sensor data for W plot at CRC site,,2022-01-01,2022-12-31,'NA',CRC_2022
CRC_W_2022_wx-par-den15_L2_v2-1.pdf,Plots of Jan 2022 sensor data for CRC-W,,2022-01-01,2022-12-31,,CRC_2022
CRC_W_2022_wx-par-den24_L2_v2-1.parquet,Year 2022 sensor data for W plot at CRC site,,2022-01-01,2022-12-31,'NA',CRC_2022
CRC_W_2022_wx-par-den24_L2_v2-1.pdf,Plots of Jan 2022 sensor data for CRC-W,,2022-01-01,2022-12-31,,CRC_2022
CRC_W_2022_wx-par-tot15_L2_v2-1.parquet,Year 2022 sensor data for W plot at CRC site,,2022-01-01,2022-12-31,'NA',CRC_2022
CRC_W_2022_wx-par-tot15_L2_v2-1.pdf,Plots of Jan 2022 sensor data for CRC-W,,2022-01-01,2022-12-31,,CRC_2022
CRC_W_2022_wx-par-tot24_L2_v2-1.parquet,Year 2022 sensor data for W plot at CRC site,,2022-01-01,2022-12-31,'NA',CRC_2022
CRC_W_2022_wx-par-tot24_L2_v2-1.pdf,Plots of Jan 2022 sensor data for CRC-W,,2022-01-01,2022-12-31,,CRC_2022
CRC_W_2022_wx-rain15_L2_v2-1.parquet,Year 2022 sensor data for W plot at CRC site,,2022-01-01,2022-12-31,'NA',CRC_2022
CRC_W_2022_wx-rain15_L2_v2-1.pdf,Plots of Jan 2022 sensor data for CRC-W,,2022-01-01,2022-12-31,,CRC_2022
CRC_W_2022_wx-rain24_L2_v2-1.parquet,Year 2022 sensor data for W plot at CRC site,,2022-01-01,2022-12-31,'NA',CRC_2022
CRC_W_2022_wx-rain24_L2_v2-1.pdf,Plots of Jan 2022 sensor data for CRC-W,,2022-01-01,2022-12-31,,CRC_2022
CRC_W_2022_wx-rh15_L2_v2-1.parquet,Year 2022 sensor data for W plot at CRC site,,2022-01-01,2022-12-31,'NA',CRC_2022
CRC_W_2022_wx-rh15_L2_v2-1.pdf,Plots of Jan 2022 sensor data for CRC-W,,2022-01-01,2022-12-31,,CRC_2022
CRC_W_2022_wx-rh24_L2_v2-1.parquet,Year 2022 sensor data for W plot at CRC site,,2022-01-01,2022-12-31,'NA',CRC_2022
CRC_W_2022_wx-rh24_L2_v2-1.pdf,Plots of Jan 2022 sensor data for CRC-W,,2022-01-01,2022-12-31,,CRC_2022
CRC_W_2022_wx-rht15_L2_v2-1.parquet,Year 2022 sensor data for W plot at CRC site,,2022-01-01,2022-12-31,'NA',CRC_2022
CRC_W_2022_wx-rht15_L2_v2-1.pdf,Plots of Jan 2022 sensor data for CRC-W,,2022-01-01,2022-12-31,,CRC_2022
CRC_W_2022_wx-rht24_L2_v2-1.parquet,Year 2022 sensor data for W plot at CRC site,,2022-01-01,2022-12-31,'NA',CRC_2022
CRC_W_2022_wx-rht24_L2_v2-1.pdf,Plots of Jan 2022 sensor data for CRC-W,,2022-01-01,2022-12-31,,CRC_2022
CRC_W_2022_wx-rhtmax24_L2_v2-1.parquet,Year 2022 sensor data for W plot at CRC site,,2022-01-01,2022-12-31,'NA',CRC_2022
CRC_W_2022_wx-rhtmax24_L2_v2-1.pdf,Plots of Jan 2022 sensor data for CRC-W,,2022-01-01,2022-12-31,,CRC_2022
CRC_W_2022_wx-rhtmin24_L2_v2-1.parquet,Year 2022 sensor data for W plot at CRC site,,2022-01-01,2022-12-31,'NA',CRC_2022
CRC_W_2022_wx-rhtmin24_L2_v2-1.pdf,Plots of Jan 2022 sensor data for CRC-W,,2022-01-01,2022-12-31,,CRC_2022
CRC_W_2022_wx-slr-fd15_L2_v2-1.parquet,Year 2022 sensor data for W plot at CRC site,,2022-01-01,2022-12-31,'NA',CRC_2022
CRC_W_2022_wx-slr-fd15_L2_v2-1.pdf,Plots of Jan 2022 sensor data for CRC-W,,2022-01-01,2022-12-31,,CRC_2022
CRC_W_2022_wx-slr-fd24_L2_v2-1.parquet,Year 2022 sensor data for W plot at CRC site,,2022-01-01,2022-12-31,'NA',CRC_2022
CRC_W_2022_wx-slr-fd24_L2_v2-1.pdf,Plots of Jan 2022 sensor data for CRC-W,,2022-01-01,2022-12-31,,CRC_2022
CRC_W_2022_wx-slr-tf15_L2_v2-1.parquet,Year 2022 sensor data for W plot at CRC site,,2022-01-01,2022-12-31,'NA',CRC_2022
CRC_W_2022_wx-slr-tf15_L2_v2-1.pdf,Plots of Jan 2022 sensor data for CRC-W,,2022-01-01,2022-12-31,,CRC_2022
CRC_W_2022_wx-slr-tf24_L2_v2-1.parquet,Year 2022 sensor data for W plot at CRC site,,2022-01-01,2022-12-31,'NA',CRC_2022
CRC_W_2022_wx-slr-tf24_L2_v2-1.pdf,Plots of Jan 2022 sensor data for CRC-W,,2022-01-01,2022-12-31,,CRC_2022
CRC_W_2022_wx-strikes15_L2_v2-1.parquet,Year 2022 sensor data for W plot at CRC site,,2022-01-01,2022-12-31,'NA',CRC_2022
CRC_W_2022_wx-strikes15_L2_v2-1.pdf,Plots of Jan 2022 sensor data for CRC-W,,2022-01-01,2022-12-31,,CRC_2022
CRC_W_2022_wx-tempavg15_L2_v2-1.parquet,Year 2022 sensor data for W plot at CRC site,,2022-01-01,2022-12-31,'NA',CRC_2022
CRC_W_2022_wx-tempavg15_L2_v2-1.pdf,Plots of Jan 2022 sensor data for CRC-W,,2022-01-01,2022-12-31,,CRC_2022
CRC_W_2022_wx-tempavg24_L2_v2-1.parquet,Year 2022 sensor data for W plot at CRC site,,2022-01-01,2022-12-31,'NA',CRC_2022
CRC_W_2022_wx-tempavg24_L2_v2-1.pdf,Plots of Jan 2022 sensor data for CRC-W,,2022-01-01,2022-12-31,,CRC_2022
CRC_W_2022_wx-tempmax15_L2_v2-1.parquet,Year 2022 sensor data for W plot at CRC site,,2022-01-01,2022-12-31,'NA',CRC_2022
CRC_W_2022_wx-tempmax15_L2_v2-1.pdf,Plots of Jan 2022 sensor data for CRC-W,,2022-01-01,2022-12-31,,CRC_2022
CRC_W_2022_wx-tempmax24_L2_v2-1.parquet,Year 2022 sensor data for W plot at CRC site,,2022-01-01,2022-12-31,'NA',CRC_2022
CRC_W_2022_wx-tempmax24_L2_v2-1.pdf,Plots of Jan 2022 sensor data for CRC-W,,2022-01-01,2022-12-31,,CRC_2022
CRC_W_2022_wx-tempmin15_L2_v2-1.parquet,Year 2022 sensor data for W plot at CRC site,,2022-01-01,2022-12-31,'NA',CRC_2022
CRC_W_2022_wx-tempmin15_L2_v2-1.pdf,Plots of Jan 2022 sensor data for CRC-W,,2022-01-01,2022-12-31,,CRC_2022
CRC_W_2022_wx-tempmin24_L2_v2-1.parquet,Year 2022 sensor data for W plot at CRC site,,2022-01-01,2022-12-31,'NA',CRC_2022
CRC_W_2022_wx-tempmin24_L2_v2-1.pdf,Plots of Jan 2022 sensor data for CRC-W,,2022-01-01,2022-12-31,,CRC_2022
CRC_W_2022_wx-tilt-ns15_L2_v2-1.parquet,Year 2022 sensor data for W plot at CRC site,,2022-01-01,2022-12-31,'NA',CRC_2022
CRC_W_2022_wx-tilt-ns15_L2_v2-1.pdf,Plots of Jan 2022 sensor data for CRC-W,,2022-01-01,2022-12-31,,CRC_2022
CRC_W_2022_wx-tilt-ns24_L2_v2-1.parquet,Year 2022 sensor data for W plot at CRC site,,2022-01-01,2022-12-31,'NA',CRC_2022
CRC_W_2022_wx-tilt-ns24_L2_v2-1.pdf,Plots of Jan 2022 sensor data for CRC-W,,2022-01-01,2022-12-31,,CRC_2022
CRC_W_2022_wx-tilt-we15_L2_v2-1.parquet,Year 2022 sensor data for W plot at CRC site,,2022-01-01,2022-12-31,'NA',CRC_2022
CRC_W_2022_wx-tilt-we15_L2_v2-1.pdf,Plots of Jan 2022 sensor data for CRC-W,,2022-01-01,2022-12-31,,CRC_2022
CRC_W_2022_wx-tilt-we24_L2_v2-1.parquet,Year 2022 sensor data for W plot at CRC site,,2022-01-01,2022-12-31,'NA',CRC_2022
CRC_W_2022_wx-tilt-we24_L2_v2-1.pdf,Plots of Jan 2022 sensor data for CRC-W,,2022-01-01,2022-12-31,,CRC_2022
CRC_W_2022_wx-vappress15_L2_v2-1.parquet,Year 2022 sensor data for W plot at CRC site,,2022-01-01,2022-12-31,'NA',CRC_2022
CRC_W_2022_wx-vappress15_L2_v2-1.pdf,Plots of Jan 2022 sensor data for CRC-W,,2022-01-01,2022-12-31,,CRC_2022
CRC_W_2022_wx-vappress24_L2_v2-1.parquet,Year 2022 sensor data for W plot at CRC site,,2022-01-01,2022-12-31,'NA',CRC_2022
CRC_W_2022_wx-vappress24_L2_v2-1.pdf,Plots of Jan 2022 sensor data for CRC-W,,2022-01-01,2022-12-31,,CRC_2022
CRC_W_2022_wx-winddir-sd115_L2_v2-1.parquet,Year 2022 sensor data for W plot at CRC site,,2022-01-01,2022-12-31,'NA',CRC_2022
CRC_W_2022_wx-winddir-sd115_L2_v2-1.pdf,Plots of Jan 2022 sensor data for CRC-W,,2022-01-01,2022-12-31,,CRC_2022
CRC_W_2022_wx-winddir15_L2_v2-1.parquet,Year 2022 sensor data for W plot at CRC site,,2022-01-01,2022-12-31,'NA',CRC_2022
CRC_W_2022_wx-winddir15_L2_v2-1.pdf,Plots of Jan 2022 sensor data for CRC-W,,2022-01-01,2022-12-31,,CRC_2022
CRC_W_2022_wx-winderrors24_L2_v2-1.parquet,Year 2022 sensor data for W plot at CRC site,,2022-01-01,2022-12-31,'NA',CRC_2022
CRC_W_2022_wx-winderrors24_L2_v2-1.pdf,Plots of Jan 2022 sensor data for CRC-W,,2022-01-01,2022-12-31,,CRC_2022
CRC_W_2022_wx-windspeed15_L2_v2-1.parquet,Year 2022 sensor data for W plot at CRC site,,2022-01-01,2022-12-31,'NA',CRC_2022
CRC_W_2022_wx-windspeed15_L2_v2-1.pdf,Plots of Jan 2022 sensor data for CRC-W,,2022-01-01,2022-12-31,,CRC_2022
CRC_2023_L2_v2-1_metadata.txt,Metadata for all data files in CRC_2023 folder,,,,,CRC_2023
CRC_OW_2023_battery-voltage_L2_v2-1.parquet,Year 2023 sensor data for OW plot at CRC site,,2023-01-01,2023-12-31,'NA',CRC_2023
CRC_OW_2023_battery-voltage_L2_v2-1.pdf,Plots of Jan 2023 sensor data for CRC-OW,,2023-01-01,2023-12-31,,CRC_2023
CRC_OW_2023_sonde-cable_L2_v2-1.parquet,Year 2023 sensor data for OW plot at CRC site,,2023-01-01,2023-12-31,'NA',CRC_2023
CRC_OW_2023_sonde-cable_L2_v2-1.pdf,Plots of Jan 2023 sensor data for CRC-OW,,2023-01-01,2023-12-31,,CRC_2023
CRC_OW_2023_sonde-conductivity_L2_v2-1.parquet,Year 2023 sensor data for OW plot at CRC site,,2023-01-01,2023-12-31,'NA',CRC_2023
CRC_OW_2023_sonde-conductivity_L2_v2-1.pdf,Plots of Jan 2023 sensor data for CRC-OW,,2023-01-01,2023-12-31,,CRC_2023
CRC_OW_2023_sonde-fdom_L2_v2-1.parquet,Year 2023 sensor data for OW plot at CRC site,,2023-01-01,2023-12-31,'NA',CRC_2023
CRC_OW_2023_sonde-fdom_L2_v2-1.pdf,Plots of Jan 2023 sensor data for CRC-OW,,2023-01-01,2023-12-31,,CRC_2023
CRC_OW_2023_sonde-fdom-rfu_L2_v2-1.parquet,Year 2023 sensor data for OW plot at CRC site,,2023-01-01,2023-12-31,'NA',CRC_2023
CRC_OW_2023_sonde-fdom-rfu_L2_v2-1.pdf,Plots of Jan 2023 sensor data for CRC-OW,,2023-01-01,2023-12-31,,CRC_2023
CRC_OW_2023_sonde-nlf-cond_L2_v2-1.parquet,Year 2023 sensor data for OW plot at CRC site,,2023-01-01,2023-12-31,'NA',CRC_2023
CRC_OW_2023_sonde-nlf-cond_L2_v2-1.pdf,Plots of Jan 2023 sensor data for CRC-OW,,2023-01-01,2023-12-31,,CRC_2023
CRC_OW_2023_sonde-odo-local_L2_v2-1.parquet,Year 2023 sensor data for OW plot at CRC site,,2023-01-01,2023-12-31,'NA',CRC_2023
CRC_OW_2023_sonde-odo-local_L2_v2-1.pdf,Plots of Jan 2023 sensor data for CRC-OW,,2023-01-01,2023-12-31,,CRC_2023
CRC_OW_2023_sonde-odo-mgl_L2_v2-1.parquet,Year 2023 sensor data for OW plot at CRC site,,2023-01-01,2023-12-31,'NA',CRC_2023
CRC_OW_2023_sonde-odo-mgl_L2_v2-1.pdf,Plots of Jan 2023 sensor data for CRC-OW,,2023-01-01,2023-12-31,,CRC_2023
CRC_OW_2023_sonde-odo-sat_L2_v2-1.parquet,Year 2023 sensor data for OW plot at CRC site,,2023-01-01,2023-12-31,'NA',CRC_2023
CRC_OW_2023_sonde-odo-sat_L2_v2-1.pdf,Plots of Jan 2023 sensor data for CRC-OW,,2023-01-01,2023-12-31,,CRC_2023
CRC_OW_2023_sonde-orp_L2_v2-1.parquet,Year 2023 sensor data for OW plot at CRC site,,2023-01-01,2023-12-31,'NA',CRC_2023
CRC_OW_2023_sonde-orp_L2_v2-1.pdf,Plots of Jan 2023 sensor data for CRC-OW,,2023-01-01,2023-12-31,,CRC_2023
CRC_OW_2023_sonde-ph_L2_v2-1.parquet,Year 2023 sensor data for OW plot at CRC site,,2023-01-01,2023-12-31,'NA',CRC_2023
CRC_OW_2023_sonde-ph_L2_v2-1.pdf,Plots of Jan 2023 sensor data for CRC-OW,,2023-01-01,2023-12-31,,CRC_2023
CRC_OW_2023_sonde-ph-mv_L2_v2-1.parquet,Year 2023 sensor data for OW plot at CRC site,,2023-01-01,2023-12-31,'NA',CRC_2023
CRC_OW_2023_sonde-ph-mv_L2_v2-1.pdf,Plots of Jan 2023 sensor data for CRC-OW,,2023-01-01,2023-12-31,,CRC_2023
CRC_OW_2023_sonde-pressure_L2_v2-1.parquet,Year 2023 sensor data for OW plot at CRC site,,2023-01-01,2023-12-31,'NA',CRC_2023
CRC_OW_2023_sonde-pressure_L2_v2-1.pdf,Plots of Jan 2023 sensor data for CRC-OW,,2023-01-01,2023-12-31,,CRC_2023
CRC_OW_2023_sonde-salinity_L2_v2-1.parquet,Year 2023 sensor data for OW plot at CRC site,,2023-01-01,2023-12-31,'NA',CRC_2023
CRC_OW_2023_sonde-salinity_L2_v2-1.pdf,Plots of Jan 2023 sensor data for CRC-OW,,2023-01-01,2023-12-31,,CRC_2023
CRC_OW_2023_sonde-spcond_L2_v2-1.parquet,Year 2023 sensor data for OW plot at CRC site,,2023-01-01,2023-12-31,'NA',CRC_2023
CRC_OW_2023_sonde-spcond_L2_v2-1.pdf,Plots of Jan 2023 sensor data for CRC-OW,,2023-01-01,2023-12-31,,CRC_2023
CRC_OW_2023_sonde-tds_L2_v2-1.parquet,Year 2023 sensor data for OW plot at CRC site,,2023-01-01,2023-12-31,'NA',CRC_2023
CRC_OW_2023_sonde-tds_L2_v2-1.pdf,Plots of Jan 2023 sensor data for CRC-OW,,2023-01-01,2023-12-31,,CRC_2023
CRC_OW_2023_sonde-temp_L2_v2-1.parquet,Year 2023 sensor data for OW plot at CRC site,,2023-01-01,2023-12-31,'NA',CRC_2023
CRC_OW_2023_sonde-temp_L2_v2-1.pdf,Plots of Jan 2023 sensor data for CRC-OW,,2023-01-01,2023-12-31,,CRC_2023
CRC_OW_2023_sonde-tss_L2_v2-1.parquet,Year 2023 sensor data for OW plot at CRC site,,2023-01-01,2023-12-31,'NA',CRC_2023
CRC_OW_2023_sonde-tss_L2_v2-1.pdf,Plots of Jan 2023 sensor data for CRC-OW,,2023-01-01,2023-12-31,,CRC_2023
CRC_OW_2023_sonde-turb-raw_L2_v2-1.parquet,Year 2023 sensor data for OW plot at CRC site,,2023-01-01,2023-12-31,'NA',CRC_2023
CRC_OW_2023_sonde-turb-raw_L2_v2-1.pdf,Plots of Jan 2023 sensor data for CRC-OW,,2023-01-01,2023-12-31,,CRC_2023
CRC_OW_2023_sonde-turbidity_L2_v2-1.parquet,Year 2023 sensor data for OW plot at CRC site,,2023-01-01,2023-12-31,'NA',CRC_2023
CRC_OW_2023_sonde-turbidity_L2_v2-1.pdf,Plots of Jan 2023 sensor data for CRC-OW,,2023-01-01,2023-12-31,,CRC_2023
CRC_OW_2023_sonde-vpos_L2_v2-1.parquet,Year 2023 sensor data for OW plot at CRC site,,2023-01-01,2023-12-31,'NA',CRC_2023
CRC_OW_2023_sonde-vpos_L2_v2-1.pdf,Plots of Jan 2023 sensor data for CRC-OW,,2023-01-01,2023-12-31,,CRC_2023
CRC_OW_2023_sonde-wipercur_L2_v2-1.parquet,Year 2023 sensor data for OW plot at CRC site,,2023-01-01,2023-12-31,'NA',CRC_2023
CRC_OW_2023_sonde-wipercur_L2_v2-1.pdf,Plots of Jan 2023 sensor data for CRC-OW,,2023-01-01,2023-12-31,,CRC_2023
CRC_OW_2023_sonde-wiperpos_L2_v2-1.parquet,Year 2023 sensor data for OW plot at CRC site,,2023-01-01,2023-12-31,'NA',CRC_2023
CRC_OW_2023_sonde-wiperpos_L2_v2-1.pdf,Plots of Jan 2023 sensor data for CRC-OW,,2023-01-01,2023-12-31,,CRC_2023
CRC_TR_2023_battery-voltage_L2_v2-1.parquet,Year 2023 sensor data for TR plot at CRC site,,2023-01-01,2023-12-31,'NA',CRC_2023
CRC_TR_2023_battery-voltage_L2_v2-1.pdf,Plots of Jan 2023 sensor data for CRC-TR,,2023-01-01,2023-12-31,,CRC_2023
CRC_TR_2023_gw-act-cond_L2_v2-1.parquet,Year 2023 sensor data for TR plot at CRC site,,2023-01-01,2023-12-31,'NA',CRC_2023
CRC_TR_2023_gw-act-cond_L2_v2-1.pdf,Plots of Jan 2023 sensor data for CRC-TR,,2023-01-01,2023-12-31,,CRC_2023
CRC_TR_2023_gw-bar-pressure_L2_v2-1.parquet,Year 2023 sensor data for TR plot at CRC site,,2023-01-01,2023-12-31,'NA',CRC_2023
CRC_TR_2023_gw-bar-pressure_L2_v2-1.pdf,Plots of Jan 2023 sensor data for CRC-TR,,2023-01-01,2023-12-31,,CRC_2023
CRC_TR_2023_gw-battery_L2_v2-1.parquet,Year 2023 sensor data for TR plot at CRC site,,2023-01-01,2023-12-31,'NA',CRC_2023
CRC_TR_2023_gw-battery_L2_v2-1.pdf,Plots of Jan 2023 sensor data for CRC-TR,,2023-01-01,2023-12-31,,CRC_2023
CRC_TR_2023_gw-density_L2_v2-1.parquet,Year 2023 sensor data for TR plot at CRC site,,2023-01-01,2023-12-31,'NA',CRC_2023
CRC_TR_2023_gw-density_L2_v2-1.pdf,Plots of Jan 2023 sensor data for CRC-TR,,2023-01-01,2023-12-31,,CRC_2023
CRC_TR_2023_gw-depth_L2_v2-1.parquet,Year 2023 sensor data for TR plot at CRC site,,2023-01-01,2023-12-31,'NA',CRC_2023
CRC_TR_2023_gw-depth_L2_v2-1.pdf,Plots of Jan 2023 sensor data for CRC-TR,,2023-01-01,2023-12-31,,CRC_2023
CRC_TR_2023_gw-part-pressure_L2_v2-1.parquet,Year 2023 sensor data for TR plot at CRC site,,2023-01-01,2023-12-31,'NA',CRC_2023
CRC_TR_2023_gw-part-pressure_L2_v2-1.pdf,Plots of Jan 2023 sensor data for CRC-TR,,2023-01-01,2023-12-31,,CRC_2023
CRC_TR_2023_gw-perc-sat_L2_v2-1.parquet,Year 2023 sensor data for TR plot at CRC site,,2023-01-01,2023-12-31,'NA',CRC_2023
CRC_TR_2023_gw-perc-sat_L2_v2-1.pdf,Plots of Jan 2023 sensor data for CRC-TR,,2023-01-01,2023-12-31,,CRC_2023
CRC_TR_2023_gw-ph_L2_v2-1.parquet,Year 2023 sensor data for TR plot at CRC site,,2023-01-01,2023-12-31,'NA',CRC_2023
CRC_TR_2023_gw-ph_L2_v2-1.pdf,Plots of Jan 2023 sensor data for CRC-TR,,2023-01-01,2023-12-31,,CRC_2023
CRC_TR_2023_gw-ph-mv_L2_v2-1.parquet,Year 2023 sensor data for TR plot at CRC site,,2023-01-01,2023-12-31,'NA',CRC_2023
CRC_TR_2023_gw-ph-mv_L2_v2-1.pdf,Plots of Jan 2023 sensor data for CRC-TR,,2023-01-01,2023-12-31,,CRC_2023
CRC_TR_2023_gw-ph-orp_L2_v2-1.parquet,Year 2023 sensor data for TR plot at CRC site,,2023-01-01,2023-12-31,'NA',CRC_2023
CRC_TR_2023_gw-ph-orp_L2_v2-1.pdf,Plots of Jan 2023 sensor data for CRC-TR,,2023-01-01,2023-12-31,,CRC_2023
CRC_TR_2023_gw-pressure-vented_L2_v2-1.parquet,Year 2023 sensor data for TR plot at CRC site,,2023-01-01,2023-12-31,'NA',CRC_2023
CRC_TR_2023_gw-pressure-vented_L2_v2-1.pdf,Plots of Jan 2023 sensor data for CRC-TR,,2023-01-01,2023-12-31,,CRC_2023
CRC_TR_2023_gw-rdo-conc_L2_v2-1.parquet,Year 2023 sensor data for TR plot at CRC site,,2023-01-01,2023-12-31,'NA',CRC_2023
CRC_TR_2023_gw-rdo-conc_L2_v2-1.pdf,Plots of Jan 2023 sensor data for CRC-TR,,2023-01-01,2023-12-31,,CRC_2023
CRC_TR_2023_gw-resistivity_L2_v2-1.parquet,Year 2023 sensor data for TR plot at CRC site,,2023-01-01,2023-12-31,'NA',CRC_2023
CRC_TR_2023_gw-resistivity_L2_v2-1.pdf,Plots of Jan 2023 sensor data for CRC-TR,,2023-01-01,2023-12-31,,CRC_2023
CRC_TR_2023_gw-salinity_L2_v2-1.parquet,Year 2023 sensor data for TR plot at CRC site,,2023-01-01,2023-12-31,'NA',CRC_2023
CRC_TR_2023_gw-salinity_L2_v2-1.pdf,Plots of Jan 2023 sensor data for CRC-TR,,2023-01-01,2023-12-31,,CRC_2023
CRC_TR_2023_gw-spec-cond_L2_v2-1.parquet,Year 2023 sensor data for TR plot at CRC site,,2023-01-01,2023-12-31,'NA',CRC_2023
CRC_TR_2023_gw-spec-cond_L2_v2-1.pdf,Plots of Jan 2023 sensor data for CRC-TR,,2023-01-01,2023-12-31,,CRC_2023
CRC_TR_2023_gw-tds_L2_v2-1.parquet,Year 2023 sensor data for TR plot at CRC site,,2023-01-01,2023-12-31,'NA',CRC_2023
CRC_TR_2023_gw-tds_L2_v2-1.pdf,Plots of Jan 2023 sensor data for CRC-TR,,2023-01-01,2023-12-31,,CRC_2023
CRC_TR_2023_gw-temperature_L2_v2-1.parquet,Year 2023 sensor data for TR plot at CRC site,,2023-01-01,2023-12-31,'NA',CRC_2023
CRC_TR_2023_gw-temperature_L2_v2-1.pdf,Plots of Jan 2023 sensor data for CRC-TR,,2023-01-01,2023-12-31,,CRC_2023
CRC_TR_2023_gw-voltage-ext_L2_v2-1.parquet,Year 2023 sensor data for TR plot at CRC site,,2023-01-01,2023-12-31,'NA',CRC_2023
CRC_TR_2023_gw-voltage-ext_L2_v2-1.pdf,Plots of Jan 2023 sensor data for CRC-TR,,2023-01-01,2023-12-31,,CRC_2023
CRC_TR_2023_gw-wl-below-surface_L2_v2-1.parquet,Year 2023 sensor data for TR plot at CRC site,,2023-01-01,2023-12-31,'NA',CRC_2023
CRC_TR_2023_gw-wl-below-surface_L2_v2-1.pdf,Plots of Jan 2023 sensor data for CRC-TR,,2023-01-01,2023-12-31,,CRC_2023
CRC_TR_2023_sapflow-3.5cm_L2_v2-1.parquet,Year 2023 sensor data for TR plot at CRC site,,2023-01-01,2023-12-31,'NA',CRC_2023
CRC_TR_2023_sapflow-3.5cm_L2_v2-1.pdf,Plots of Jan 2023 sensor data for CRC-TR,,2023-01-01,2023-12-31,,CRC_2023
CRC_TR_2023_sapflow-5cm_L2_v2-1.parquet,Year 2023 sensor data for TR plot at CRC site,,2023-01-01,2023-12-31,'NA',CRC_2023
CRC_TR_2023_sapflow-5cm_L2_v2-1.pdf,Plots of Jan 2023 sensor data for CRC-TR,,2023-01-01,2023-12-31,,CRC_2023
CRC_TR_2023_soil-EC-10cm_L2_v2-1.parquet,Year 2023 sensor data for TR plot at CRC site,,2023-01-01,2023-12-31,'NA',CRC_2023
CRC_TR_2023_soil-EC-10cm_L2_v2-1.pdf,Plots of Jan 2023 sensor data for CRC-TR,,2023-01-01,2023-12-31,,CRC_2023
CRC_TR_2023_soil-EC-30cm_L2_v2-1.parquet,Year 2023 sensor data for TR plot at CRC site,,2023-01-01,2023-12-31,'NA',CRC_2023
CRC_TR_2023_soil-EC-30cm_L2_v2-1.pdf,Plots of Jan 2023 sensor data for CRC-TR,,2023-01-01,2023-12-31,,CRC_2023
CRC_TR_2023_soil-salinity-10cm_L2_v2-1.parquet,Year 2023 sensor data for TR plot at CRC site,,2023-01-01,2023-12-31,'NA',CRC_2023
CRC_TR_2023_soil-salinity-10cm_L2_v2-1.pdf,Plots of Jan 2023 sensor data for CRC-TR,,2023-01-01,2023-12-31,,CRC_2023
CRC_TR_2023_soil-salinity-30cm_L2_v2-1.parquet,Year 2023 sensor data for TR plot at CRC site,,2023-01-01,2023-12-31,'NA',CRC_2023
CRC_TR_2023_soil-salinity-30cm_L2_v2-1.pdf,Plots of Jan 2023 sensor data for CRC-TR,,2023-01-01,2023-12-31,,CRC_2023
CRC_TR_2023_soil-temp-10cm_L2_v2-1.parquet,Year 2023 sensor data for TR plot at CRC site,,2023-01-01,2023-12-31,'NA',CRC_2023
CRC_TR_2023_soil-temp-10cm_L2_v2-1.pdf,Plots of Jan 2023 sensor data for CRC-TR,,2023-01-01,2023-12-31,,CRC_2023
CRC_TR_2023_soil-temp-30cm_L2_v2-1.parquet,Year 2023 sensor data for TR plot at CRC site,,2023-01-01,2023-12-31,'NA',CRC_2023
CRC_TR_2023_soil-temp-30cm_L2_v2-1.pdf,Plots of Jan 2023 sensor data for CRC-TR,,2023-01-01,2023-12-31,,CRC_2023
CRC_TR_2023_soil-vwc-10cm_L2_v2-1.parquet,Year 2023 sensor data for TR plot at CRC site,,2023-01-01,2023-12-31,'NA',CRC_2023
CRC_TR_2023_soil-vwc-10cm_L2_v2-1.pdf,Plots of Jan 2023 sensor data for CRC-TR,,2023-01-01,2023-12-31,,CRC_2023
CRC_TR_2023_soil-vwc-30cm_L2_v2-1.parquet,Year 2023 sensor data for TR plot at CRC site,,2023-01-01,2023-12-31,'NA',CRC_2023
CRC_TR_2023_soil-vwc-30cm_L2_v2-1.pdf,Plots of Jan 2023 sensor data for CRC-TR,,2023-01-01,2023-12-31,,CRC_2023
CRC_TR_2023_solar-voltage_L2_v2-1.parquet,Year 2023 sensor data for TR plot at CRC site,,2023-01-01,2023-12-31,'NA',CRC_2023
CRC_TR_2023_solar-voltage_L2_v2-1.pdf,Plots of Jan 2023 sensor data for CRC-TR,,2023-01-01,2023-12-31,,CRC_2023
CRC_UP_2023_battery-voltage_L2_v2-1.parquet,Year 2023 sensor data for UP plot at CRC site,,2023-01-01,2023-12-31,'NA',CRC_2023
CRC_UP_2023_battery-voltage_L2_v2-1.pdf,Plots of Jan 2023 sensor data for CRC-UP,,2023-01-01,2023-12-31,,CRC_2023
CRC_UP_2023_gw-act-cond_L2_v2-1.parquet,Year 2023 sensor data for UP plot at CRC site,,2023-01-01,2023-12-31,'NA',CRC_2023
CRC_UP_2023_gw-act-cond_L2_v2-1.pdf,Plots of Jan 2023 sensor data for CRC-UP,,2023-01-01,2023-12-31,,CRC_2023
CRC_UP_2023_gw-bar-pressure_L2_v2-1.parquet,Year 2023 sensor data for UP plot at CRC site,,2023-01-01,2023-12-31,'NA',CRC_2023
CRC_UP_2023_gw-bar-pressure_L2_v2-1.pdf,Plots of Jan 2023 sensor data for CRC-UP,,2023-01-01,2023-12-31,,CRC_2023
CRC_UP_2023_gw-battery_L2_v2-1.parquet,Year 2023 sensor data for UP plot at CRC site,,2023-01-01,2023-12-31,'NA',CRC_2023
CRC_UP_2023_gw-battery_L2_v2-1.pdf,Plots of Jan 2023 sensor data for CRC-UP,,2023-01-01,2023-12-31,,CRC_2023
CRC_UP_2023_gw-density_L2_v2-1.parquet,Year 2023 sensor data for UP plot at CRC site,,2023-01-01,2023-12-31,'NA',CRC_2023
CRC_UP_2023_gw-density_L2_v2-1.pdf,Plots of Jan 2023 sensor data for CRC-UP,,2023-01-01,2023-12-31,,CRC_2023
CRC_UP_2023_gw-depth_L2_v2-1.parquet,Year 2023 sensor data for UP plot at CRC site,,2023-01-01,2023-12-31,'NA',CRC_2023
CRC_UP_2023_gw-depth_L2_v2-1.pdf,Plots of Jan 2023 sensor data for CRC-UP,,2023-01-01,2023-12-31,,CRC_2023
CRC_UP_2023_gw-part-pressure_L2_v2-1.parquet,Year 2023 sensor data for UP plot at CRC site,,2023-01-01,2023-12-31,'NA',CRC_2023
CRC_UP_2023_gw-part-pressure_L2_v2-1.pdf,Plots of Jan 2023 sensor data for CRC-UP,,2023-01-01,2023-12-31,,CRC_2023
CRC_UP_2023_gw-perc-sat_L2_v2-1.parquet,Year 2023 sensor data for UP plot at CRC site,,2023-01-01,2023-12-31,'NA',CRC_2023
CRC_UP_2023_gw-perc-sat_L2_v2-1.pdf,Plots of Jan 2023 sensor data for CRC-UP,,2023-01-01,2023-12-31,,CRC_2023
CRC_UP_2023_gw-ph_L2_v2-1.parquet,Year 2023 sensor data for UP plot at CRC site,,2023-01-01,2023-12-31,'NA',CRC_2023
CRC_UP_2023_gw-ph_L2_v2-1.pdf,Plots of Jan 2023 sensor data for CRC-UP,,2023-01-01,2023-12-31,,CRC_2023
CRC_UP_2023_gw-ph-mv_L2_v2-1.parquet,Year 2023 sensor data for UP plot at CRC site,,2023-01-01,2023-12-31,'NA',CRC_2023
CRC_UP_2023_gw-ph-mv_L2_v2-1.pdf,Plots of Jan 2023 sensor data for CRC-UP,,2023-01-01,2023-12-31,,CRC_2023
CRC_UP_2023_gw-ph-orp_L2_v2-1.parquet,Year 2023 sensor data for UP plot at CRC site,,2023-01-01,2023-12-31,'NA',CRC_2023
CRC_UP_2023_gw-ph-orp_L2_v2-1.pdf,Plots of Jan 2023 sensor data for CRC-UP,,2023-01-01,2023-12-31,,CRC_2023
CRC_UP_2023_gw-pressure-vented_L2_v2-1.parquet,Year 2023 sensor data for UP plot at CRC site,,2023-01-01,2023-12-31,'NA',CRC_2023
CRC_UP_2023_gw-pressure-vented_L2_v2-1.pdf,Plots of Jan 2023 sensor data for CRC-UP,,2023-01-01,2023-12-31,,CRC_2023
CRC_UP_2023_gw-rdo-conc_L2_v2-1.parquet,Year 2023 sensor data for UP plot at CRC site,,2023-01-01,2023-12-31,'NA',CRC_2023
CRC_UP_2023_gw-rdo-conc_L2_v2-1.pdf,Plots of Jan 2023 sensor data for CRC-UP,,2023-01-01,2023-12-31,,CRC_2023
CRC_UP_2023_gw-resistivity_L2_v2-1.parquet,Year 2023 sensor data for UP plot at CRC site,,2023-01-01,2023-12-31,'NA',CRC_2023
CRC_UP_2023_gw-resistivity_L2_v2-1.pdf,Plots of Jan 2023 sensor data for CRC-UP,,2023-01-01,2023-12-31,,CRC_2023
CRC_UP_2023_gw-salinity_L2_v2-1.parquet,Year 2023 sensor data for UP plot at CRC site,,2023-01-01,2023-12-31,'NA',CRC_2023
CRC_UP_2023_gw-salinity_L2_v2-1.pdf,Plots of Jan 2023 sensor data for CRC-UP,,2023-01-01,2023-12-31,,CRC_2023
CRC_UP_2023_gw-spec-cond_L2_v2-1.parquet,Year 2023 sensor data for UP plot at CRC site,,2023-01-01,2023-12-31,'NA',CRC_2023
CRC_UP_2023_gw-spec-cond_L2_v2-1.pdf,Plots of Jan 2023 sensor data for CRC-UP,,2023-01-01,2023-12-31,,CRC_2023
CRC_UP_2023_gw-tds_L2_v2-1.parquet,Year 2023 sensor data for UP plot at CRC site,,2023-01-01,2023-12-31,'NA',CRC_2023
CRC_UP_2023_gw-tds_L2_v2-1.pdf,Plots of Jan 2023 sensor data for CRC-UP,,2023-01-01,2023-12-31,,CRC_2023
CRC_UP_2023_gw-temperature_L2_v2-1.parquet,Year 2023 sensor data for UP plot at CRC site,,2023-01-01,2023-12-31,'NA',CRC_2023
CRC_UP_2023_gw-temperature_L2_v2-1.pdf,Plots of Jan 2023 sensor data for CRC-UP,,2023-01-01,2023-12-31,,CRC_2023
CRC_UP_2023_gw-voltage-ext_L2_v2-1.parquet,Year 2023 sensor data for UP plot at CRC site,,2023-01-01,2023-12-31,'NA',CRC_2023
CRC_UP_2023_gw-voltage-ext_L2_v2-1.pdf,Plots of Jan 2023 sensor data for CRC-UP,,2023-01-01,2023-12-31,,CRC_2023
CRC_UP_2023_gw-wl-below-surface_L2_v2-1.parquet,Year 2023 sensor data for UP plot at CRC site,,2023-01-01,2023-12-31,'NA',CRC_2023
CRC_UP_2023_gw-wl-below-surface_L2_v2-1.pdf,Plots of Jan 2023 sensor data for CRC-UP,,2023-01-01,2023-12-31,,CRC_2023
CRC_UP_2023_sapflow-3.5cm_L2_v2-1.parquet,Year 2023 sensor data for UP plot at CRC site,,2023-01-01,2023-12-31,'NA',CRC_2023
CRC_UP_2023_sapflow-3.5cm_L2_v2-1.pdf,Plots of Jan 2023 sensor data for CRC-UP,,2023-01-01,2023-12-31,,CRC_2023
CRC_UP_2023_sapflow-5cm_L2_v2-1.parquet,Year 2023 sensor data for UP plot at CRC site,,2023-01-01,2023-12-31,'NA',CRC_2023
CRC_UP_2023_sapflow-5cm_L2_v2-1.pdf,Plots of Jan 2023 sensor data for CRC-UP,,2023-01-01,2023-12-31,,CRC_2023
CRC_UP_2023_soil-EC-10cm_L2_v2-1.parquet,Year 2023 sensor data for UP plot at CRC site,,2023-01-01,2023-12-31,'NA',CRC_2023
CRC_UP_2023_soil-EC-10cm_L2_v2-1.pdf,Plots of Jan 2023 sensor data for CRC-UP,,2023-01-01,2023-12-31,,CRC_2023
CRC_UP_2023_soil-EC-30cm_L2_v2-1.parquet,Year 2023 sensor data for UP plot at CRC site,,2023-01-01,2023-12-31,'NA',CRC_2023
CRC_UP_2023_soil-EC-30cm_L2_v2-1.pdf,Plots of Jan 2023 sensor data for CRC-UP,,2023-01-01,2023-12-31,,CRC_2023
CRC_UP_2023_soil-salinity-10cm_L2_v2-1.parquet,Year 2023 sensor data for UP plot at CRC site,,2023-01-01,2023-12-31,'NA',CRC_2023
CRC_UP_2023_soil-salinity-10cm_L2_v2-1.pdf,Plots of Jan 2023 sensor data for CRC-UP,,2023-01-01,2023-12-31,,CRC_2023
CRC_UP_2023_soil-salinity-30cm_L2_v2-1.parquet,Year 2023 sensor data for UP plot at CRC site,,2023-01-01,2023-12-31,'NA',CRC_2023
CRC_UP_2023_soil-salinity-30cm_L2_v2-1.pdf,Plots of Jan 2023 sensor data for CRC-UP,,2023-01-01,2023-12-31,,CRC_2023
CRC_UP_2023_soil-temp-10cm_L2_v2-1.parquet,Year 2023 sensor data for UP plot at CRC site,,2023-01-01,2023-12-31,'NA',CRC_2023
CRC_UP_2023_soil-temp-10cm_L2_v2-1.pdf,Plots of Jan 2023 sensor data for CRC-UP,,2023-01-01,2023-12-31,,CRC_2023
CRC_UP_2023_soil-temp-30cm_L2_v2-1.parquet,Year 2023 sensor data for UP plot at CRC site,,2023-01-01,2023-12-31,'NA',CRC_2023
CRC_UP_2023_soil-temp-30cm_L2_v2-1.pdf,Plots of Jan 2023 sensor data for CRC-UP,,2023-01-01,2023-12-31,,CRC_2023
CRC_UP_2023_soil-vwc-10cm_L2_v2-1.parquet,Year 2023 sensor data for UP plot at CRC site,,2023-01-01,2023-12-31,'NA',CRC_2023
CRC_UP_2023_soil-vwc-10cm_L2_v2-1.pdf,Plots of Jan 2023 sensor data for CRC-UP,,2023-01-01,2023-12-31,,CRC_2023
CRC_UP_2023_soil-vwc-30cm_L2_v2-1.parquet,Year 2023 sensor data for UP plot at CRC site,,2023-01-01,2023-12-31,'NA',CRC_2023
CRC_UP_2023_soil-vwc-30cm_L2_v2-1.pdf,Plots of Jan 2023 sensor data for CRC-UP,,2023-01-01,2023-12-31,,CRC_2023
CRC_UP_2023_solar-voltage_L2_v2-1.parquet,Year 2023 sensor data for UP plot at CRC site,,2023-01-01,2023-12-31,'NA',CRC_2023
CRC_UP_2023_solar-voltage_L2_v2-1.pdf,Plots of Jan 2023 sensor data for CRC-UP,,2023-01-01,2023-12-31,,CRC_2023
CRC_W_2023_battery-voltage_L2_v2-1.parquet,Year 2023 sensor data for W plot at CRC site,,2023-01-01,2023-12-31,'NA',CRC_2023
CRC_W_2023_battery-voltage_L2_v2-1.pdf,Plots of Jan 2023 sensor data for CRC-W,,2023-01-01,2023-12-31,,CRC_2023
CRC_W_2023_gw-act-cond_L2_v2-1.parquet,Year 2023 sensor data for W plot at CRC site,,2023-01-01,2023-12-31,'NA',CRC_2023
CRC_W_2023_gw-act-cond_L2_v2-1.pdf,Plots of Jan 2023 sensor data for CRC-W,,2023-01-01,2023-12-31,,CRC_2023
CRC_W_2023_gw-bar-pressure_L2_v2-1.parquet,Year 2023 sensor data for W plot at CRC site,,2023-01-01,2023-12-31,'NA',CRC_2023
CRC_W_2023_gw-bar-pressure_L2_v2-1.pdf,Plots of Jan 2023 sensor data for CRC-W,,2023-01-01,2023-12-31,,CRC_2023
CRC_W_2023_gw-battery_L2_v2-1.parquet,Year 2023 sensor data for W plot at CRC site,,2023-01-01,2023-12-31,'NA',CRC_2023
CRC_W_2023_gw-battery_L2_v2-1.pdf,Plots of Jan 2023 sensor data for CRC-W,,2023-01-01,2023-12-31,,CRC_2023
CRC_W_2023_gw-density_L2_v2-1.parquet,Year 2023 sensor data for W plot at CRC site,,2023-01-01,2023-12-31,'NA',CRC_2023
CRC_W_2023_gw-density_L2_v2-1.pdf,Plots of Jan 2023 sensor data for CRC-W,,2023-01-01,2023-12-31,,CRC_2023
CRC_W_2023_gw-depth_L2_v2-1.parquet,Year 2023 sensor data for W plot at CRC site,,2023-01-01,2023-12-31,'NA',CRC_2023
CRC_W_2023_gw-depth_L2_v2-1.pdf,Plots of Jan 2023 sensor data for CRC-W,,2023-01-01,2023-12-31,,CRC_2023
CRC_W_2023_gw-part-pressure_L2_v2-1.parquet,Year 2023 sensor data for W plot at CRC site,,2023-01-01,2023-12-31,'NA',CRC_2023
CRC_W_2023_gw-part-pressure_L2_v2-1.pdf,Plots of Jan 2023 sensor data for CRC-W,,2023-01-01,2023-12-31,,CRC_2023
CRC_W_2023_gw-perc-sat_L2_v2-1.parquet,Year 2023 sensor data for W plot at CRC site,,2023-01-01,2023-12-31,'NA',CRC_2023
CRC_W_2023_gw-perc-sat_L2_v2-1.pdf,Plots of Jan 2023 sensor data for CRC-W,,2023-01-01,2023-12-31,,CRC_2023
CRC_W_2023_gw-ph_L2_v2-1.parquet,Year 2023 sensor data for W plot at CRC site,,2023-01-01,2023-12-31,'NA',CRC_2023
CRC_W_2023_gw-ph_L2_v2-1.pdf,Plots of Jan 2023 sensor data for CRC-W,,2023-01-01,2023-12-31,,CRC_2023
CRC_W_2023_gw-ph-mv_L2_v2-1.parquet,Year 2023 sensor data for W plot at CRC site,,2023-01-01,2023-12-31,'NA',CRC_2023
CRC_W_2023_gw-ph-mv_L2_v2-1.pdf,Plots of Jan 2023 sensor data for CRC-W,,2023-01-01,2023-12-31,,CRC_2023
CRC_W_2023_gw-ph-orp_L2_v2-1.parquet,Year 2023 sensor data for W plot at CRC site,,2023-01-01,2023-12-31,'NA',CRC_2023
CRC_W_2023_gw-ph-orp_L2_v2-1.pdf,Plots of Jan 2023 sensor data for CRC-W,,2023-01-01,2023-12-31,,CRC_2023
CRC_W_2023_gw-pressure-vented_L2_v2-1.parquet,Year 2023 sensor data for W plot at CRC site,,2023-01-01,2023-12-31,'NA',CRC_2023
CRC_W_2023_gw-pressure-vented_L2_v2-1.pdf,Plots of Jan 2023 sensor data for CRC-W,,2023-01-01,2023-12-31,,CRC_2023
CRC_W_2023_gw-rdo-conc_L2_v2-1.parquet,Year 2023 sensor data for W plot at CRC site,,2023-01-01,2023-12-31,'NA',CRC_2023
CRC_W_2023_gw-rdo-conc_L2_v2-1.pdf,Plots of Jan 2023 sensor data for CRC-W,,2023-01-01,2023-12-31,,CRC_2023
CRC_W_2023_gw-resistivity_L2_v2-1.parquet,Year 2023 sensor data for W plot at CRC site,,2023-01-01,2023-12-31,'NA',CRC_2023
CRC_W_2023_gw-resistivity_L2_v2-1.pdf,Plots of Jan 2023 sensor data for CRC-W,,2023-01-01,2023-12-31,,CRC_2023
CRC_W_2023_gw-salinity_L2_v2-1.parquet,Year 2023 sensor data for W plot at CRC site,,2023-01-01,2023-12-31,'NA',CRC_2023
CRC_W_2023_gw-salinity_L2_v2-1.pdf,Plots of Jan 2023 sensor data for CRC-W,,2023-01-01,2023-12-31,,CRC_2023
CRC_W_2023_gw-spec-cond_L2_v2-1.parquet,Year 2023 sensor data for W plot at CRC site,,2023-01-01,2023-12-31,'NA',CRC_2023
CRC_W_2023_gw-spec-cond_L2_v2-1.pdf,Plots of Jan 2023 sensor data for CRC-W,,2023-01-01,2023-12-31,,CRC_2023
CRC_W_2023_gw-tds_L2_v2-1.parquet,Year 2023 sensor data for W plot at CRC site,,2023-01-01,2023-12-31,'NA',CRC_2023
CRC_W_2023_gw-tds_L2_v2-1.pdf,Plots of Jan 2023 sensor data for CRC-W,,2023-01-01,2023-12-31,,CRC_2023
CRC_W_2023_gw-temperature_L2_v2-1.parquet,Year 2023 sensor data for W plot at CRC site,,2023-01-01,2023-12-31,'NA',CRC_2023
CRC_W_2023_gw-temperature_L2_v2-1.pdf,Plots of Jan 2023 sensor data for CRC-W,,2023-01-01,2023-12-31,,CRC_2023
CRC_W_2023_gw-voltage-ext_L2_v2-1.parquet,Year 2023 sensor data for W plot at CRC site,,2023-01-01,2023-12-31,'NA',CRC_2023
CRC_W_2023_gw-voltage-ext_L2_v2-1.pdf,Plots of Jan 2023 sensor data for CRC-W,,2023-01-01,2023-12-31,,CRC_2023
CRC_W_2023_gw-wl-below-surface_L2_v2-1.parquet,Year 2023 sensor data for W plot at CRC site,,2023-01-01,2023-12-31,'NA',CRC_2023
CRC_W_2023_gw-wl-below-surface_L2_v2-1.pdf,Plots of Jan 2023 sensor data for CRC-W,,2023-01-01,2023-12-31,,CRC_2023
CRC_W_2023_soil-EC-10cm_L2_v2-1.parquet,Year 2023 sensor data for W plot at CRC site,,2023-01-01,2023-12-31,'NA',CRC_2023
CRC_W_2023_soil-EC-10cm_L2_v2-1.pdf,Plots of Jan 2023 sensor data for CRC-W,,2023-01-01,2023-12-31,,CRC_2023
CRC_W_2023_soil-EC-30cm_L2_v2-1.parquet,Year 2023 sensor data for W plot at CRC site,,2023-01-01,2023-12-31,'NA',CRC_2023
CRC_W_2023_soil-EC-30cm_L2_v2-1.pdf,Plots of Jan 2023 sensor data for CRC-W,,2023-01-01,2023-12-31,,CRC_2023
CRC_W_2023_soil-salinity-10cm_L2_v2-1.parquet,Year 2023 sensor data for W plot at CRC site,,2023-01-01,2023-12-31,'NA',CRC_2023
CRC_W_2023_soil-salinity-10cm_L2_v2-1.pdf,Plots of Jan 2023 sensor data for CRC-W,,2023-01-01,2023-12-31,,CRC_2023
CRC_W_2023_soil-salinity-30cm_L2_v2-1.parquet,Year 2023 sensor data for W plot at CRC site,,2023-01-01,2023-12-31,'NA',CRC_2023
CRC_W_2023_soil-salinity-30cm_L2_v2-1.pdf,Plots of Jan 2023 sensor data for CRC-W,,2023-01-01,2023-12-31,,CRC_2023
CRC_W_2023_soil-temp-10cm_L2_v2-1.parquet,Year 2023 sensor data for W plot at CRC site,,2023-01-01,2023-12-31,'NA',CRC_2023
CRC_W_2023_soil-temp-10cm_L2_v2-1.pdf,Plots of Jan 2023 sensor data for CRC-W,,2023-01-01,2023-12-31,,CRC_2023
CRC_W_2023_soil-temp-30cm_L2_v2-1.parquet,Year 2023 sensor data for W plot at CRC site,,2023-01-01,2023-12-31,'NA',CRC_2023
CRC_W_2023_soil-temp-30cm_L2_v2-1.pdf,Plots of Jan 2023 sensor data for CRC-W,,2023-01-01,2023-12-31,,CRC_2023
CRC_W_2023_soil-vwc-10cm_L2_v2-1.parquet,Year 2023 sensor data for W plot at CRC site,,2023-01-01,2023-12-31,'NA',CRC_2023
CRC_W_2023_soil-vwc-10cm_L2_v2-1.pdf,Plots of Jan 2023 sensor data for CRC-W,,2023-01-01,2023-12-31,,CRC_2023
CRC_W_2023_soil-vwc-30cm_L2_v2-1.parquet,Year 2023 sensor data for W plot at CRC site,,2023-01-01,2023-12-31,'NA',CRC_2023
CRC_W_2023_soil-vwc-30cm_L2_v2-1.pdf,Plots of Jan 2023 sensor data for CRC-W,,2023-01-01,2023-12-31,,CRC_2023
CRC_W_2023_solar-voltage_L2_v2-1.parquet,Year 2023 sensor data for W plot at CRC site,,2023-01-01,2023-12-31,'NA',CRC_2023
CRC_W_2023_solar-voltage_L2_v2-1.pdf,Plots of Jan 2023 sensor data for CRC-W,,2023-01-01,2023-12-31,,CRC_2023
CRC_W_2023_wx-barpress15_L2_v2-1.parquet,Year 2023 sensor data for W plot at CRC site,,2023-01-01,2023-12-31,'NA',CRC_2023
CRC_W_2023_wx-barpress15_L2_v2-1.pdf,Plots of Jan 2023 sensor data for CRC-W,,2023-01-01,2023-12-31,,CRC_2023
CRC_W_2023_wx-bpmax15_L2_v2-1.parquet,Year 2023 sensor data for W plot at CRC site,,2023-01-01,2023-12-31,'NA',CRC_2023
CRC_W_2023_wx-bpmax15_L2_v2-1.pdf,Plots of Jan 2023 sensor data for CRC-W,,2023-01-01,2023-12-31,,CRC_2023
CRC_W_2023_wx-bpmin15_L2_v2-1.parquet,Year 2023 sensor data for W plot at CRC site,,2023-01-01,2023-12-31,'NA',CRC_2023
CRC_W_2023_wx-bpmin15_L2_v2-1.pdf,Plots of Jan 2023 sensor data for CRC-W,,2023-01-01,2023-12-31,,CRC_2023
CRC_W_2023_wx-dist-min15_L2_v2-1.parquet,Year 2023 sensor data for W plot at CRC site,,2023-01-01,2023-12-31,'NA',CRC_2023
CRC_W_2023_wx-dist-min15_L2_v2-1.pdf,Plots of Jan 2023 sensor data for CRC-W,,2023-01-01,2023-12-31,,CRC_2023
CRC_W_2023_wx-invalid-wind15_L2_v2-1.parquet,Year 2023 sensor data for W plot at CRC site,,2023-01-01,2023-12-31,'NA',CRC_2023
CRC_W_2023_wx-invalid-wind15_L2_v2-1.pdf,Plots of Jan 2023 sensor data for CRC-W,,2023-01-01,2023-12-31,,CRC_2023
CRC_W_2023_wx-maxws15_L2_v2-1.parquet,Year 2023 sensor data for W plot at CRC site,,2023-01-01,2023-12-31,'NA',CRC_2023
CRC_W_2023_wx-maxws15_L2_v2-1.pdf,Plots of Jan 2023 sensor data for CRC-W,,2023-01-01,2023-12-31,,CRC_2023
CRC_W_2023_wx-maxws24_L2_v2-1.parquet,Year 2023 sensor data for W plot at CRC site,,2023-01-01,2023-12-31,'NA',CRC_2023
CRC_W_2023_wx-maxws24_L2_v2-1.pdf,Plots of Jan 2023 sensor data for CRC-W,,2023-01-01,2023-12-31,,CRC_2023
CRC_W_2023_wx-par-den15_L2_v2-1.parquet,Year 2023 sensor data for W plot at CRC site,,2023-01-01,2023-12-31,'NA',CRC_2023
CRC_W_2023_wx-par-den15_L2_v2-1.pdf,Plots of Jan 2023 sensor data for CRC-W,,2023-01-01,2023-12-31,,CRC_2023
CRC_W_2023_wx-par-den24_L2_v2-1.parquet,Year 2023 sensor data for W plot at CRC site,,2023-01-01,2023-12-31,'NA',CRC_2023
CRC_W_2023_wx-par-den24_L2_v2-1.pdf,Plots of Jan 2023 sensor data for CRC-W,,2023-01-01,2023-12-31,,CRC_2023
CRC_W_2023_wx-par-tot15_L2_v2-1.parquet,Year 2023 sensor data for W plot at CRC site,,2023-01-01,2023-12-31,'NA',CRC_2023
CRC_W_2023_wx-par-tot15_L2_v2-1.pdf,Plots of Jan 2023 sensor data for CRC-W,,2023-01-01,2023-12-31,,CRC_2023
CRC_W_2023_wx-par-tot24_L2_v2-1.parquet,Year 2023 sensor data for W plot at CRC site,,2023-01-01,2023-12-31,'NA',CRC_2023
CRC_W_2023_wx-par-tot24_L2_v2-1.pdf,Plots of Jan 2023 sensor data for CRC-W,,2023-01-01,2023-12-31,,CRC_2023
CRC_W_2023_wx-rain15_L2_v2-1.parquet,Year 2023 sensor data for W plot at CRC site,,2023-01-01,2023-12-31,'NA',CRC_2023
CRC_W_2023_wx-rain15_L2_v2-1.pdf,Plots of Jan 2023 sensor data for CRC-W,,2023-01-01,2023-12-31,,CRC_2023
CRC_W_2023_wx-rain24_L2_v2-1.parquet,Year 2023 sensor data for W plot at CRC site,,2023-01-01,2023-12-31,'NA',CRC_2023
CRC_W_2023_wx-rain24_L2_v2-1.pdf,Plots of Jan 2023 sensor data for CRC-W,,2023-01-01,2023-12-31,,CRC_2023
CRC_W_2023_wx-rh15_L2_v2-1.parquet,Year 2023 sensor data for W plot at CRC site,,2023-01-01,2023-12-31,'NA',CRC_2023
CRC_W_2023_wx-rh15_L2_v2-1.pdf,Plots of Jan 2023 sensor data for CRC-W,,2023-01-01,2023-12-31,,CRC_2023
CRC_W_2023_wx-rh24_L2_v2-1.parquet,Year 2023 sensor data for W plot at CRC site,,2023-01-01,2023-12-31,'NA',CRC_2023
CRC_W_2023_wx-rh24_L2_v2-1.pdf,Plots of Jan 2023 sensor data for CRC-W,,2023-01-01,2023-12-31,,CRC_2023
CRC_W_2023_wx-rht15_L2_v2-1.parquet,Year 2023 sensor data for W plot at CRC site,,2023-01-01,2023-12-31,'NA',CRC_2023
CRC_W_2023_wx-rht15_L2_v2-1.pdf,Plots of Jan 2023 sensor data for CRC-W,,2023-01-01,2023-12-31,,CRC_2023
CRC_W_2023_wx-rht24_L2_v2-1.parquet,Year 2023 sensor data for W plot at CRC site,,2023-01-01,2023-12-31,'NA',CRC_2023
CRC_W_2023_wx-rht24_L2_v2-1.pdf,Plots of Jan 2023 sensor data for CRC-W,,2023-01-01,2023-12-31,,CRC_2023
CRC_W_2023_wx-rhtmax24_L2_v2-1.parquet,Year 2023 sensor data for W plot at CRC site,,2023-01-01,2023-12-31,'NA',CRC_2023
CRC_W_2023_wx-rhtmax24_L2_v2-1.pdf,Plots of Jan 2023 sensor data for CRC-W,,2023-01-01,2023-12-31,,CRC_2023
CRC_W_2023_wx-rhtmin24_L2_v2-1.parquet,Year 2023 sensor data for W plot at CRC site,,2023-01-01,2023-12-31,'NA',CRC_2023
CRC_W_2023_wx-rhtmin24_L2_v2-1.pdf,Plots of Jan 2023 sensor data for CRC-W,,2023-01-01,2023-12-31,,CRC_2023
CRC_W_2023_wx-slr-fd15_L2_v2-1.parquet,Year 2023 sensor data for W plot at CRC site,,2023-01-01,2023-12-31,'NA',CRC_2023
CRC_W_2023_wx-slr-fd15_L2_v2-1.pdf,Plots of Jan 2023 sensor data for CRC-W,,2023-01-01,2023-12-31,,CRC_2023
CRC_W_2023_wx-slr-fd24_L2_v2-1.parquet,Year 2023 sensor data for W plot at CRC site,,2023-01-01,2023-12-31,'NA',CRC_2023
CRC_W_2023_wx-slr-fd24_L2_v2-1.pdf,Plots of Jan 2023 sensor data for CRC-W,,2023-01-01,2023-12-31,,CRC_2023
CRC_W_2023_wx-slr-tf15_L2_v2-1.parquet,Year 2023 sensor data for W plot at CRC site,,2023-01-01,2023-12-31,'NA',CRC_2023
CRC_W_2023_wx-slr-tf15_L2_v2-1.pdf,Plots of Jan 2023 sensor data for CRC-W,,2023-01-01,2023-12-31,,CRC_2023
CRC_W_2023_wx-slr-tf24_L2_v2-1.parquet,Year 2023 sensor data for W plot at CRC site,,2023-01-01,2023-12-31,'NA',CRC_2023
CRC_W_2023_wx-slr-tf24_L2_v2-1.pdf,Plots of Jan 2023 sensor data for CRC-W,,2023-01-01,2023-12-31,,CRC_2023
CRC_W_2023_wx-strikes15_L2_v2-1.parquet,Year 2023 sensor data for W plot at CRC site,,2023-01-01,2023-12-31,'NA',CRC_2023
CRC_W_2023_wx-strikes15_L2_v2-1.pdf,Plots of Jan 2023 sensor data for CRC-W,,2023-01-01,2023-12-31,,CRC_2023
CRC_W_2023_wx-tempavg15_L2_v2-1.parquet,Year 2023 sensor data for W plot at CRC site,,2023-01-01,2023-12-31,'NA',CRC_2023
CRC_W_2023_wx-tempavg15_L2_v2-1.pdf,Plots of Jan 2023 sensor data for CRC-W,,2023-01-01,2023-12-31,,CRC_2023
CRC_W_2023_wx-tempavg24_L2_v2-1.parquet,Year 2023 sensor data for W plot at CRC site,,2023-01-01,2023-12-31,'NA',CRC_2023
CRC_W_2023_wx-tempavg24_L2_v2-1.pdf,Plots of Jan 2023 sensor data for CRC-W,,2023-01-01,2023-12-31,,CRC_2023
CRC_W_2023_wx-tempmax15_L2_v2-1.parquet,Year 2023 sensor data for W plot at CRC site,,2023-01-01,2023-12-31,'NA',CRC_2023
CRC_W_2023_wx-tempmax15_L2_v2-1.pdf,Plots of Jan 2023 sensor data for CRC-W,,2023-01-01,2023-12-31,,CRC_2023
CRC_W_2023_wx-tempmax24_L2_v2-1.parquet,Year 2023 sensor data for W plot at CRC site,,2023-01-01,2023-12-31,'NA',CRC_2023
CRC_W_2023_wx-tempmax24_L2_v2-1.pdf,Plots of Jan 2023 sensor data for CRC-W,,2023-01-01,2023-12-31,,CRC_2023
CRC_W_2023_wx-tempmin15_L2_v2-1.parquet,Year 2023 sensor data for W plot at CRC site,,2023-01-01,2023-12-31,'NA',CRC_2023
CRC_W_2023_wx-tempmin15_L2_v2-1.pdf,Plots of Jan 2023 sensor data for CRC-W,,2023-01-01,2023-12-31,,CRC_2023
CRC_W_2023_wx-tempmin24_L2_v2-1.parquet,Year 2023 sensor data for W plot at CRC site,,2023-01-01,2023-12-31,'NA',CRC_2023
CRC_W_2023_wx-tempmin24_L2_v2-1.pdf,Plots of Jan 2023 sensor data for CRC-W,,2023-01-01,2023-12-31,,CRC_2023
CRC_W_2023_wx-tilt-ns15_L2_v2-1.parquet,Year 2023 sensor data for W plot at CRC site,,2023-01-01,2023-12-31,'NA',CRC_2023
CRC_W_2023_wx-tilt-ns15_L2_v2-1.pdf,Plots of Jan 2023 sensor data for CRC-W,,2023-01-01,2023-12-31,,CRC_2023
CRC_W_2023_wx-tilt-ns24_L2_v2-1.parquet,Year 2023 sensor data for W plot at CRC site,,2023-01-01,2023-12-31,'NA',CRC_2023
CRC_W_2023_wx-tilt-ns24_L2_v2-1.pdf,Plots of Jan 2023 sensor data for CRC-W,,2023-01-01,2023-12-31,,CRC_2023
CRC_W_2023_wx-tilt-we15_L2_v2-1.parquet,Year 2023 sensor data for W plot at CRC site,,2023-01-01,2023-12-31,'NA',CRC_2023
CRC_W_2023_wx-tilt-we15_L2_v2-1.pdf,Plots of Jan 2023 sensor data for CRC-W,,2023-01-01,2023-12-31,,CRC_2023
CRC_W_2023_wx-tilt-we24_L2_v2-1.parquet,Year 2023 sensor data for W plot at CRC site,,2023-01-01,2023-12-31,'NA',CRC_2023
CRC_W_2023_wx-tilt-we24_L2_v2-1.pdf,Plots of Jan 2023 sensor data for CRC-W,,2023-01-01,2023-12-31,,CRC_2023
CRC_W_2023_wx-vappress15_L2_v2-1.parquet,Year 2023 sensor data for W plot at CRC site,,2023-01-01,2023-12-31,'NA',CRC_2023
CRC_W_2023_wx-vappress15_L2_v2-1.pdf,Plots of Jan 2023 sensor data for CRC-W,,2023-01-01,2023-12-31,,CRC_2023
CRC_W_2023_wx-vappress24_L2_v2-1.parquet,Year 2023 sensor data for W plot at CRC site,,2023-01-01,2023-12-31,'NA',CRC_2023
CRC_W_2023_wx-vappress24_L2_v2-1.pdf,Plots of Jan 2023 sensor data for CRC-W,,2023-01-01,2023-12-31,,CRC_2023
CRC_W_2023_wx-winddir-sd115_L2_v2-1.parquet,Year 2023 sensor data for W plot at CRC site,,2023-01-01,2023-12-31,'NA',CRC_2023
CRC_W_2023_wx-winddir-sd115_L2_v2-1.pdf,Plots of Jan 2023 sensor data for CRC-W,,2023-01-01,2023-12-31,,CRC_2023
CRC_W_2023_wx-winddir15_L2_v2-1.parquet,Year 2023 sensor data for W plot at CRC site,,2023-01-01,2023-12-31,'NA',CRC_2023
CRC_W_2023_wx-winddir15_L2_v2-1.pdf,Plots of Jan 2023 sensor data for CRC-W,,2023-01-01,2023-12-31,,CRC_2023
CRC_W_2023_wx-winderrors24_L2_v2-1.parquet,Year 2023 sensor data for W plot at CRC site,,2023-01-01,2023-12-31,'NA',CRC_2023
CRC_W_2023_wx-winderrors24_L2_v2-1.pdf,Plots of Jan 2023 sensor data for CRC-W,,2023-01-01,2023-12-31,,CRC_2023
CRC_W_2023_wx-windspeed15_L2_v2-1.parquet,Year 2023 sensor data for W plot at CRC site,,2023-01-01,2023-12-31,'NA',CRC_2023
CRC_W_2023_wx-windspeed15_L2_v2-1.pdf,Plots of Jan 2023 sensor data for CRC-W,,2023-01-01,2023-12-31,,CRC_2023
CRC_2024_L2_v2-1_metadata.txt,Metadata for all data files in CRC_2024 folder,,,,,CRC_2024
CRC_OW_2024_battery-voltage_L2_v2-1.parquet,Year 2024 sensor data for OW plot at CRC site,,2024-01-01,2024-12-31,'NA',CRC_2024
CRC_OW_2024_battery-voltage_L2_v2-1.pdf,Plots of Jan 2024 sensor data for CRC-OW,,2024-01-01,2024-12-31,,CRC_2024
CRC_OW_2024_sonde-cable_L2_v2-1.parquet,Year 2024 sensor data for OW plot at CRC site,,2024-01-01,2024-12-31,'NA',CRC_2024
CRC_OW_2024_sonde-cable_L2_v2-1.pdf,Plots of Jan 2024 sensor data for CRC-OW,,2024-01-01,2024-12-31,,CRC_2024
CRC_OW_2024_sonde-conductivity_L2_v2-1.parquet,Year 2024 sensor data for OW plot at CRC site,,2024-01-01,2024-12-31,'NA',CRC_2024
CRC_OW_2024_sonde-conductivity_L2_v2-1.pdf,Plots of Jan 2024 sensor data for CRC-OW,,2024-01-01,2024-12-31,,CRC_2024
CRC_OW_2024_sonde-fdom_L2_v2-1.parquet,Year 2024 sensor data for OW plot at CRC site,,2024-01-01,2024-12-31,'NA',CRC_2024
CRC_OW_2024_sonde-fdom_L2_v2-1.pdf,Plots of Jan 2024 sensor data for CRC-OW,,2024-01-01,2024-12-31,,CRC_2024
CRC_OW_2024_sonde-fdom-rfu_L2_v2-1.parquet,Year 2024 sensor data for OW plot at CRC site,,2024-01-01,2024-12-31,'NA',CRC_2024
CRC_OW_2024_sonde-fdom-rfu_L2_v2-1.pdf,Plots of Jan 2024 sensor data for CRC-OW,,2024-01-01,2024-12-31,,CRC_2024
CRC_OW_2024_sonde-nlf-cond_L2_v2-1.parquet,Year 2024 sensor data for OW plot at CRC site,,2024-01-01,2024-12-31,'NA',CRC_2024
CRC_OW_2024_sonde-nlf-cond_L2_v2-1.pdf,Plots of Jan 2024 sensor data for CRC-OW,,2024-01-01,2024-12-31,,CRC_2024
CRC_OW_2024_sonde-odo-local_L2_v2-1.parquet,Year 2024 sensor data for OW plot at CRC site,,2024-01-01,2024-12-31,'NA',CRC_2024
CRC_OW_2024_sonde-odo-local_L2_v2-1.pdf,Plots of Jan 2024 sensor data for CRC-OW,,2024-01-01,2024-12-31,,CRC_2024
CRC_OW_2024_sonde-odo-mgl_L2_v2-1.parquet,Year 2024 sensor data for OW plot at CRC site,,2024-01-01,2024-12-31,'NA',CRC_2024
CRC_OW_2024_sonde-odo-mgl_L2_v2-1.pdf,Plots of Jan 2024 sensor data for CRC-OW,,2024-01-01,2024-12-31,,CRC_2024
CRC_OW_2024_sonde-odo-sat_L2_v2-1.parquet,Year 2024 sensor data for OW plot at CRC site,,2024-01-01,2024-12-31,'NA',CRC_2024
CRC_OW_2024_sonde-odo-sat_L2_v2-1.pdf,Plots of Jan 2024 sensor data for CRC-OW,,2024-01-01,2024-12-31,,CRC_2024
CRC_OW_2024_sonde-orp_L2_v2-1.parquet,Year 2024 sensor data for OW plot at CRC site,,2024-01-01,2024-12-31,'NA',CRC_2024
CRC_OW_2024_sonde-orp_L2_v2-1.pdf,Plots of Jan 2024 sensor data for CRC-OW,,2024-01-01,2024-12-31,,CRC_2024
CRC_OW_2024_sonde-ph_L2_v2-1.parquet,Year 2024 sensor data for OW plot at CRC site,,2024-01-01,2024-12-31,'NA',CRC_2024
CRC_OW_2024_sonde-ph_L2_v2-1.pdf,Plots of Jan 2024 sensor data for CRC-OW,,2024-01-01,2024-12-31,,CRC_2024
CRC_OW_2024_sonde-ph-mv_L2_v2-1.parquet,Year 2024 sensor data for OW plot at CRC site,,2024-01-01,2024-12-31,'NA',CRC_2024
CRC_OW_2024_sonde-ph-mv_L2_v2-1.pdf,Plots of Jan 2024 sensor data for CRC-OW,,2024-01-01,2024-12-31,,CRC_2024
CRC_OW_2024_sonde-pressure_L2_v2-1.parquet,Year 2024 sensor data for OW plot at CRC site,,2024-01-01,2024-12-31,'NA',CRC_2024
CRC_OW_2024_sonde-pressure_L2_v2-1.pdf,Plots of Jan 2024 sensor data for CRC-OW,,2024-01-01,2024-12-31,,CRC_2024
CRC_OW_2024_sonde-salinity_L2_v2-1.parquet,Year 2024 sensor data for OW plot at CRC site,,2024-01-01,2024-12-31,'NA',CRC_2024
CRC_OW_2024_sonde-salinity_L2_v2-1.pdf,Plots of Jan 2024 sensor data for CRC-OW,,2024-01-01,2024-12-31,,CRC_2024
CRC_OW_2024_sonde-spcond_L2_v2-1.parquet,Year 2024 sensor data for OW plot at CRC site,,2024-01-01,2024-12-31,'NA',CRC_2024
CRC_OW_2024_sonde-spcond_L2_v2-1.pdf,Plots of Jan 2024 sensor data for CRC-OW,,2024-01-01,2024-12-31,,CRC_2024
CRC_OW_2024_sonde-tds_L2_v2-1.parquet,Year 2024 sensor data for OW plot at CRC site,,2024-01-01,2024-12-31,'NA',CRC_2024
CRC_OW_2024_sonde-tds_L2_v2-1.pdf,Plots of Jan 2024 sensor data for CRC-OW,,2024-01-01,2024-12-31,,CRC_2024
CRC_OW_2024_sonde-temp_L2_v2-1.parquet,Year 2024 sensor data for OW plot at CRC site,,2024-01-01,2024-12-31,'NA',CRC_2024
CRC_OW_2024_sonde-temp_L2_v2-1.pdf,Plots of Jan 2024 sensor data for CRC-OW,,2024-01-01,2024-12-31,,CRC_2024
CRC_OW_2024_sonde-tss_L2_v2-1.parquet,Year 2024 sensor data for OW plot at CRC site,,2024-01-01,2024-12-31,'NA',CRC_2024
CRC_OW_2024_sonde-tss_L2_v2-1.pdf,Plots of Jan 2024 sensor data for CRC-OW,,2024-01-01,2024-12-31,,CRC_2024
CRC_OW_2024_sonde-turb-raw_L2_v2-1.parquet,Year 2024 sensor data for OW plot at CRC site,,2024-01-01,2024-12-31,'NA',CRC_2024
CRC_OW_2024_sonde-turb-raw_L2_v2-1.pdf,Plots of Jan 2024 sensor data for CRC-OW,,2024-01-01,2024-12-31,,CRC_2024
CRC_OW_2024_sonde-turbidity_L2_v2-1.parquet,Year 2024 sensor data for OW plot at CRC site,,2024-01-01,2024-12-31,'NA',CRC_2024
CRC_OW_2024_sonde-turbidity_L2_v2-1.pdf,Plots of Jan 2024 sensor data for CRC-OW,,2024-01-01,2024-12-31,,CRC_2024
CRC_OW_2024_sonde-vpos_L2_v2-1.parquet,Year 2024 sensor data for OW plot at CRC site,,2024-01-01,2024-12-31,'NA',CRC_2024
CRC_OW_2024_sonde-vpos_L2_v2-1.pdf,Plots of Jan 2024 sensor data for CRC-OW,,2024-01-01,2024-12-31,,CRC_2024
CRC_OW_2024_sonde-wipercur_L2_v2-1.parquet,Year 2024 sensor data for OW plot at CRC site,,2024-01-01,2024-12-31,'NA',CRC_2024
CRC_OW_2024_sonde-wipercur_L2_v2-1.pdf,Plots of Jan 2024 sensor data for CRC-OW,,2024-01-01,2024-12-31,,CRC_2024
CRC_OW_2024_sonde-wiperpos_L2_v2-1.parquet,Year 2024 sensor data for OW plot at CRC site,,2024-01-01,2024-12-31,'NA',CRC_2024
CRC_OW_2024_sonde-wiperpos_L2_v2-1.pdf,Plots of Jan 2024 sensor data for CRC-OW,,2024-01-01,2024-12-31,,CRC_2024
CRC_TR_2024_battery-voltage_L2_v2-1.parquet,Year 2024 sensor data for TR plot at CRC site,,2024-01-01,2024-12-31,'NA',CRC_2024
CRC_TR_2024_battery-voltage_L2_v2-1.pdf,Plots of Jan 2024 sensor data for CRC-TR,,2024-01-01,2024-12-31,,CRC_2024
CRC_TR_2024_gw-act-cond_L2_v2-1.parquet,Year 2024 sensor data for TR plot at CRC site,,2024-01-01,2024-12-31,'NA',CRC_2024
CRC_TR_2024_gw-act-cond_L2_v2-1.pdf,Plots of Jan 2024 sensor data for CRC-TR,,2024-01-01,2024-12-31,,CRC_2024
CRC_TR_2024_gw-bar-pressure_L2_v2-1.parquet,Year 2024 sensor data for TR plot at CRC site,,2024-01-01,2024-12-31,'NA',CRC_2024
CRC_TR_2024_gw-bar-pressure_L2_v2-1.pdf,Plots of Jan 2024 sensor data for CRC-TR,,2024-01-01,2024-12-31,,CRC_2024
CRC_TR_2024_gw-battery_L2_v2-1.parquet,Year 2024 sensor data for TR plot at CRC site,,2024-01-01,2024-12-31,'NA',CRC_2024
CRC_TR_2024_gw-battery_L2_v2-1.pdf,Plots of Jan 2024 sensor data for CRC-TR,,2024-01-01,2024-12-31,,CRC_2024
CRC_TR_2024_gw-density_L2_v2-1.parquet,Year 2024 sensor data for TR plot at CRC site,,2024-01-01,2024-12-31,'NA',CRC_2024
CRC_TR_2024_gw-density_L2_v2-1.pdf,Plots of Jan 2024 sensor data for CRC-TR,,2024-01-01,2024-12-31,,CRC_2024
CRC_TR_2024_gw-depth_L2_v2-1.parquet,Year 2024 sensor data for TR plot at CRC site,,2024-01-01,2024-12-31,'NA',CRC_2024
CRC_TR_2024_gw-depth_L2_v2-1.pdf,Plots of Jan 2024 sensor data for CRC-TR,,2024-01-01,2024-12-31,,CRC_2024
CRC_TR_2024_gw-part-pressure_L2_v2-1.parquet,Year 2024 sensor data for TR plot at CRC site,,2024-01-01,2024-12-31,'NA',CRC_2024
CRC_TR_2024_gw-part-pressure_L2_v2-1.pdf,Plots of Jan 2024 sensor data for CRC-TR,,2024-01-01,2024-12-31,,CRC_2024
CRC_TR_2024_gw-perc-sat_L2_v2-1.parquet,Year 2024 sensor data for TR plot at CRC site,,2024-01-01,2024-12-31,'NA',CRC_2024
CRC_TR_2024_gw-perc-sat_L2_v2-1.pdf,Plots of Jan 2024 sensor data for CRC-TR,,2024-01-01,2024-12-31,,CRC_2024
CRC_TR_2024_gw-ph_L2_v2-1.parquet,Year 2024 sensor data for TR plot at CRC site,,2024-01-01,2024-12-31,'NA',CRC_2024
CRC_TR_2024_gw-ph_L2_v2-1.pdf,Plots of Jan 2024 sensor data for CRC-TR,,2024-01-01,2024-12-31,,CRC_2024
CRC_TR_2024_gw-ph-mv_L2_v2-1.parquet,Year 2024 sensor data for TR plot at CRC site,,2024-01-01,2024-12-31,'NA',CRC_2024
CRC_TR_2024_gw-ph-mv_L2_v2-1.pdf,Plots of Jan 2024 sensor data for CRC-TR,,2024-01-01,2024-12-31,,CRC_2024
CRC_TR_2024_gw-ph-orp_L2_v2-1.parquet,Year 2024 sensor data for TR plot at CRC site,,2024-01-01,2024-12-31,'NA',CRC_2024
CRC_TR_2024_gw-ph-orp_L2_v2-1.pdf,Plots of Jan 2024 sensor data for CRC-TR,,2024-01-01,2024-12-31,,CRC_2024
CRC_TR_2024_gw-pressure-vented_L2_v2-1.parquet,Year 2024 sensor data for TR plot at CRC site,,2024-01-01,2024-12-31,'NA',CRC_2024
CRC_TR_2024_gw-pressure-vented_L2_v2-1.pdf,Plots of Jan 2024 sensor data for CRC-TR,,2024-01-01,2024-12-31,,CRC_2024
CRC_TR_2024_gw-rdo-conc_L2_v2-1.parquet,Year 2024 sensor data for TR plot at CRC site,,2024-01-01,2024-12-31,'NA',CRC_2024
CRC_TR_2024_gw-rdo-conc_L2_v2-1.pdf,Plots of Jan 2024 sensor data for CRC-TR,,2024-01-01,2024-12-31,,CRC_2024
CRC_TR_2024_gw-resistivity_L2_v2-1.parquet,Year 2024 sensor data for TR plot at CRC site,,2024-01-01,2024-12-31,'NA',CRC_2024
CRC_TR_2024_gw-resistivity_L2_v2-1.pdf,Plots of Jan 2024 sensor data for CRC-TR,,2024-01-01,2024-12-31,,CRC_2024
CRC_TR_2024_gw-salinity_L2_v2-1.parquet,Year 2024 sensor data for TR plot at CRC site,,2024-01-01,2024-12-31,'NA',CRC_2024
CRC_TR_2024_gw-salinity_L2_v2-1.pdf,Plots of Jan 2024 sensor data for CRC-TR,,2024-01-01,2024-12-31,,CRC_2024
CRC_TR_2024_gw-spec-cond_L2_v2-1.parquet,Year 2024 sensor data for TR plot at CRC site,,2024-01-01,2024-12-31,'NA',CRC_2024
CRC_TR_2024_gw-spec-cond_L2_v2-1.pdf,Plots of Jan 2024 sensor data for CRC-TR,,2024-01-01,2024-12-31,,CRC_2024
CRC_TR_2024_gw-tds_L2_v2-1.parquet,Year 2024 sensor data for TR plot at CRC site,,2024-01-01,2024-12-31,'NA',CRC_2024
CRC_TR_2024_gw-tds_L2_v2-1.pdf,Plots of Jan 2024 sensor data for CRC-TR,,2024-01-01,2024-12-31,,CRC_2024
CRC_TR_2024_gw-temperature_L2_v2-1.parquet,Year 2024 sensor data for TR plot at CRC site,,2024-01-01,2024-12-31,'NA',CRC_2024
CRC_TR_2024_gw-temperature_L2_v2-1.pdf,Plots of Jan 2024 sensor data for CRC-TR,,2024-01-01,2024-12-31,,CRC_2024
CRC_TR_2024_gw-voltage-ext_L2_v2-1.parquet,Year 2024 sensor data for TR plot at CRC site,,2024-01-01,2024-12-31,'NA',CRC_2024
CRC_TR_2024_gw-voltage-ext_L2_v2-1.pdf,Plots of Jan 2024 sensor data for CRC-TR,,2024-01-01,2024-12-31,,CRC_2024
CRC_TR_2024_gw-wl-below-surface_L2_v2-1.parquet,Year 2024 sensor data for TR plot at CRC site,,2024-01-01,2024-12-31,'NA',CRC_2024
CRC_TR_2024_gw-wl-below-surface_L2_v2-1.pdf,Plots of Jan 2024 sensor data for CRC-TR,,2024-01-01,2024-12-31,,CRC_2024
CRC_TR_2024_sapflow-3.5cm_L2_v2-1.parquet,Year 2024 sensor data for TR plot at CRC site,,2024-01-01,2024-12-31,'NA',CRC_2024
CRC_TR_2024_sapflow-3.5cm_L2_v2-1.pdf,Plots of Jan 2024 sensor data for CRC-TR,,2024-01-01,2024-12-31,,CRC_2024
CRC_TR_2024_sapflow-5cm_L2_v2-1.parquet,Year 2024 sensor data for TR plot at CRC site,,2024-01-01,2024-12-31,'NA',CRC_2024
CRC_TR_2024_sapflow-5cm_L2_v2-1.pdf,Plots of Jan 2024 sensor data for CRC-TR,,2024-01-01,2024-12-31,,CRC_2024
CRC_TR_2024_soil-EC-10cm_L2_v2-1.parquet,Year 2024 sensor data for TR plot at CRC site,,2024-01-01,2024-12-31,'NA',CRC_2024
CRC_TR_2024_soil-EC-10cm_L2_v2-1.pdf,Plots of Jan 2024 sensor data for CRC-TR,,2024-01-01,2024-12-31,,CRC_2024
CRC_TR_2024_soil-EC-30cm_L2_v2-1.parquet,Year 2024 sensor data for TR plot at CRC site,,2024-01-01,2024-12-31,'NA',CRC_2024
CRC_TR_2024_soil-EC-30cm_L2_v2-1.pdf,Plots of Jan 2024 sensor data for CRC-TR,,2024-01-01,2024-12-31,,CRC_2024
CRC_TR_2024_soil-salinity-10cm_L2_v2-1.parquet,Year 2024 sensor data for TR plot at CRC site,,2024-01-01,2024-12-31,'NA',CRC_2024
CRC_TR_2024_soil-salinity-10cm_L2_v2-1.pdf,Plots of Jan 2024 sensor data for CRC-TR,,2024-01-01,2024-12-31,,CRC_2024
CRC_TR_2024_soil-salinity-30cm_L2_v2-1.parquet,Year 2024 sensor data for TR plot at CRC site,,2024-01-01,2024-12-31,'NA',CRC_2024
CRC_TR_2024_soil-salinity-30cm_L2_v2-1.pdf,Plots of Jan 2024 sensor data for CRC-TR,,2024-01-01,2024-12-31,,CRC_2024
CRC_TR_2024_soil-temp-10cm_L2_v2-1.parquet,Year 2024 sensor data for TR plot at CRC site,,2024-01-01,2024-12-31,'NA',CRC_2024
CRC_TR_2024_soil-temp-10cm_L2_v2-1.pdf,Plots of Jan 2024 sensor data for CRC-TR,,2024-01-01,2024-12-31,,CRC_2024
CRC_TR_2024_soil-temp-30cm_L2_v2-1.parquet,Year 2024 sensor data for TR plot at CRC site,,2024-01-01,2024-12-31,'NA',CRC_2024
CRC_TR_2024_soil-temp-30cm_L2_v2-1.pdf,Plots of Jan 2024 sensor data for CRC-TR,,2024-01-01,2024-12-31,,CRC_2024
CRC_TR_2024_soil-vwc-10cm_L2_v2-1.parquet,Year 2024 sensor data for TR plot at CRC site,,2024-01-01,2024-12-31,'NA',CRC_2024
CRC_TR_2024_soil-vwc-10cm_L2_v2-1.pdf,Plots of Jan 2024 sensor data for CRC-TR,,2024-01-01,2024-12-31,,CRC_2024
CRC_TR_2024_soil-vwc-30cm_L2_v2-1.parquet,Year 2024 sensor data for TR plot at CRC site,,2024-01-01,2024-12-31,'NA',CRC_2024
CRC_TR_2024_soil-vwc-30cm_L2_v2-1.pdf,Plots of Jan 2024 sensor data for CRC-TR,,2024-01-01,2024-12-31,,CRC_2024
CRC_TR_2024_solar-voltage_L2_v2-1.parquet,Year 2024 sensor data for TR plot at CRC site,,2024-01-01,2024-12-31,'NA',CRC_2024
CRC_TR_2024_solar-voltage_L2_v2-1.pdf,Plots of Jan 2024 sensor data for CRC-TR,,2024-01-01,2024-12-31,,CRC_2024
CRC_UP_2024_battery-voltage_L2_v2-1.parquet,Year 2024 sensor data for UP plot at CRC site,,2024-01-01,2024-12-31,'NA',CRC_2024
CRC_UP_2024_battery-voltage_L2_v2-1.pdf,Plots of Jan 2024 sensor data for CRC-UP,,2024-01-01,2024-12-31,,CRC_2024
CRC_UP_2024_gw-act-cond_L2_v2-1.parquet,Year 2024 sensor data for UP plot at CRC site,,2024-01-01,2024-12-31,'NA',CRC_2024
CRC_UP_2024_gw-act-cond_L2_v2-1.pdf,Plots of Jan 2024 sensor data for CRC-UP,,2024-01-01,2024-12-31,,CRC_2024
CRC_UP_2024_gw-bar-pressure_L2_v2-1.parquet,Year 2024 sensor data for UP plot at CRC site,,2024-01-01,2024-12-31,'NA',CRC_2024
CRC_UP_2024_gw-bar-pressure_L2_v2-1.pdf,Plots of Jan 2024 sensor data for CRC-UP,,2024-01-01,2024-12-31,,CRC_2024
CRC_UP_2024_gw-battery_L2_v2-1.parquet,Year 2024 sensor data for UP plot at CRC site,,2024-01-01,2024-12-31,'NA',CRC_2024
CRC_UP_2024_gw-battery_L2_v2-1.pdf,Plots of Jan 2024 sensor data for CRC-UP,,2024-01-01,2024-12-31,,CRC_2024
CRC_UP_2024_gw-density_L2_v2-1.parquet,Year 2024 sensor data for UP plot at CRC site,,2024-01-01,2024-12-31,'NA',CRC_2024
CRC_UP_2024_gw-density_L2_v2-1.pdf,Plots of Jan 2024 sensor data for CRC-UP,,2024-01-01,2024-12-31,,CRC_2024
CRC_UP_2024_gw-depth_L2_v2-1.parquet,Year 2024 sensor data for UP plot at CRC site,,2024-01-01,2024-12-31,'NA',CRC_2024
CRC_UP_2024_gw-depth_L2_v2-1.pdf,Plots of Jan 2024 sensor data for CRC-UP,,2024-01-01,2024-12-31,,CRC_2024
CRC_UP_2024_gw-part-pressure_L2_v2-1.parquet,Year 2024 sensor data for UP plot at CRC site,,2024-01-01,2024-12-31,'NA',CRC_2024
CRC_UP_2024_gw-part-pressure_L2_v2-1.pdf,Plots of Jan 2024 sensor data for CRC-UP,,2024-01-01,2024-12-31,,CRC_2024
CRC_UP_2024_gw-perc-sat_L2_v2-1.parquet,Year 2024 sensor data for UP plot at CRC site,,2024-01-01,2024-12-31,'NA',CRC_2024
CRC_UP_2024_gw-perc-sat_L2_v2-1.pdf,Plots of Jan 2024 sensor data for CRC-UP,,2024-01-01,2024-12-31,,CRC_2024
CRC_UP_2024_gw-ph_L2_v2-1.parquet,Year 2024 sensor data for UP plot at CRC site,,2024-01-01,2024-12-31,'NA',CRC_2024
CRC_UP_2024_gw-ph_L2_v2-1.pdf,Plots of Jan 2024 sensor data for CRC-UP,,2024-01-01,2024-12-31,,CRC_2024
CRC_UP_2024_gw-ph-mv_L2_v2-1.parquet,Year 2024 sensor data for UP plot at CRC site,,2024-01-01,2024-12-31,'NA',CRC_2024
CRC_UP_2024_gw-ph-mv_L2_v2-1.pdf,Plots of Jan 2024 sensor data for CRC-UP,,2024-01-01,2024-12-31,,CRC_2024
CRC_UP_2024_gw-ph-orp_L2_v2-1.parquet,Year 2024 sensor data for UP plot at CRC site,,2024-01-01,2024-12-31,'NA',CRC_2024
CRC_UP_2024_gw-ph-orp_L2_v2-1.pdf,Plots of Jan 2024 sensor data for CRC-UP,,2024-01-01,2024-12-31,,CRC_2024
CRC_UP_2024_gw-pressure-vented_L2_v2-1.parquet,Year 2024 sensor data for UP plot at CRC site,,2024-01-01,2024-12-31,'NA',CRC_2024
CRC_UP_2024_gw-pressure-vented_L2_v2-1.pdf,Plots of Jan 2024 sensor data for CRC-UP,,2024-01-01,2024-12-31,,CRC_2024
CRC_UP_2024_gw-rdo-conc_L2_v2-1.parquet,Year 2024 sensor data for UP plot at CRC site,,2024-01-01,2024-12-31,'NA',CRC_2024
CRC_UP_2024_gw-rdo-conc_L2_v2-1.pdf,Plots of Jan 2024 sensor data for CRC-UP,,2024-01-01,2024-12-31,,CRC_2024
CRC_UP_2024_gw-resistivity_L2_v2-1.parquet,Year 2024 sensor data for UP plot at CRC site,,2024-01-01,2024-12-31,'NA',CRC_2024
CRC_UP_2024_gw-resistivity_L2_v2-1.pdf,Plots of Jan 2024 sensor data for CRC-UP,,2024-01-01,2024-12-31,,CRC_2024
CRC_UP_2024_gw-salinity_L2_v2-1.parquet,Year 2024 sensor data for UP plot at CRC site,,2024-01-01,2024-12-31,'NA',CRC_2024
CRC_UP_2024_gw-salinity_L2_v2-1.pdf,Plots of Jan 2024 sensor data for CRC-UP,,2024-01-01,2024-12-31,,CRC_2024
CRC_UP_2024_gw-spec-cond_L2_v2-1.parquet,Year 2024 sensor data for UP plot at CRC site,,2024-01-01,2024-12-31,'NA',CRC_2024
CRC_UP_2024_gw-spec-cond_L2_v2-1.pdf,Plots of Jan 2024 sensor data for CRC-UP,,2024-01-01,2024-12-31,,CRC_2024
CRC_UP_2024_gw-tds_L2_v2-1.parquet,Year 2024 sensor data for UP plot at CRC site,,2024-01-01,2024-12-31,'NA',CRC_2024
CRC_UP_2024_gw-tds_L2_v2-1.pdf,Plots of Jan 2024 sensor data for CRC-UP,,2024-01-01,2024-12-31,,CRC_2024
CRC_UP_2024_gw-temperature_L2_v2-1.parquet,Year 2024 sensor data for UP plot at CRC site,,2024-01-01,2024-12-31,'NA',CRC_2024
CRC_UP_2024_gw-temperature_L2_v2-1.pdf,Plots of Jan 2024 sensor data for CRC-UP,,2024-01-01,2024-12-31,,CRC_2024
CRC_UP_2024_gw-voltage-ext_L2_v2-1.parquet,Year 2024 sensor data for UP plot at CRC site,,2024-01-01,2024-12-31,'NA',CRC_2024
CRC_UP_2024_gw-voltage-ext_L2_v2-1.pdf,Plots of Jan 2024 sensor data for CRC-UP,,2024-01-01,2024-12-31,,CRC_2024
CRC_UP_2024_gw-wl-below-surface_L2_v2-1.parquet,Year 2024 sensor data for UP plot at CRC site,,2024-01-01,2024-12-31,'NA',CRC_2024
CRC_UP_2024_gw-wl-below-surface_L2_v2-1.pdf,Plots of Jan 2024 sensor data for CRC-UP,,2024-01-01,2024-12-31,,CRC_2024
CRC_UP_2024_sapflow-3.5cm_L2_v2-1.parquet,Year 2024 sensor data for UP plot at CRC site,,2024-01-01,2024-12-31,'NA',CRC_2024
CRC_UP_2024_sapflow-3.5cm_L2_v2-1.pdf,Plots of Jan 2024 sensor data for CRC-UP,,2024-01-01,2024-12-31,,CRC_2024
CRC_UP_2024_sapflow-5cm_L2_v2-1.parquet,Year 2024 sensor data for UP plot at CRC site,,2024-01-01,2024-12-31,'NA',CRC_2024
CRC_UP_2024_sapflow-5cm_L2_v2-1.pdf,Plots of Jan 2024 sensor data for CRC-UP,,2024-01-01,2024-12-31,,CRC_2024
CRC_UP_2024_soil-EC-10cm_L2_v2-1.parquet,Year 2024 sensor data for UP plot at CRC site,,2024-01-01,2024-12-31,'NA',CRC_2024
CRC_UP_2024_soil-EC-10cm_L2_v2-1.pdf,Plots of Jan 2024 sensor data for CRC-UP,,2024-01-01,2024-12-31,,CRC_2024
CRC_UP_2024_soil-EC-30cm_L2_v2-1.parquet,Year 2024 sensor data for UP plot at CRC site,,2024-01-01,2024-12-31,'NA',CRC_2024
CRC_UP_2024_soil-EC-30cm_L2_v2-1.pdf,Plots of Jan 2024 sensor data for CRC-UP,,2024-01-01,2024-12-31,,CRC_2024
CRC_UP_2024_soil-salinity-10cm_L2_v2-1.parquet,Year 2024 sensor data for UP plot at CRC site,,2024-01-01,2024-12-31,'NA',CRC_2024
CRC_UP_2024_soil-salinity-10cm_L2_v2-1.pdf,Plots of Jan 2024 sensor data for CRC-UP,,2024-01-01,2024-12-31,,CRC_2024
CRC_UP_2024_soil-salinity-30cm_L2_v2-1.parquet,Year 2024 sensor data for UP plot at CRC site,,2024-01-01,2024-12-31,'NA',CRC_2024
CRC_UP_2024_soil-salinity-30cm_L2_v2-1.pdf,Plots of Jan 2024 sensor data for CRC-UP,,2024-01-01,2024-12-31,,CRC_2024
CRC_UP_2024_soil-temp-10cm_L2_v2-1.parquet,Year 2024 sensor data for UP plot at CRC site,,2024-01-01,2024-12-31,'NA',CRC_2024
CRC_UP_2024_soil-temp-10cm_L2_v2-1.pdf,Plots of Jan 2024 sensor data for CRC-UP,,2024-01-01,2024-12-31,,CRC_2024
CRC_UP_2024_soil-temp-30cm_L2_v2-1.parquet,Year 2024 sensor data for UP plot at CRC site,,2024-01-01,2024-12-31,'NA',CRC_2024
CRC_UP_2024_soil-temp-30cm_L2_v2-1.pdf,Plots of Jan 2024 sensor data for CRC-UP,,2024-01-01,2024-12-31,,CRC_2024
CRC_UP_2024_soil-vwc-10cm_L2_v2-1.parquet,Year 2024 sensor data for UP plot at CRC site,,2024-01-01,2024-12-31,'NA',CRC_2024
CRC_UP_2024_soil-vwc-10cm_L2_v2-1.pdf,Plots of Jan 2024 sensor data for CRC-UP,,2024-01-01,2024-12-31,,CRC_2024
CRC_UP_2024_soil-vwc-30cm_L2_v2-1.parquet,Year 2024 sensor data for UP plot at CRC site,,2024-01-01,2024-12-31,'NA',CRC_2024
CRC_UP_2024_soil-vwc-30cm_L2_v2-1.pdf,Plots of Jan 2024 sensor data for CRC-UP,,2024-01-01,2024-12-31,,CRC_2024
CRC_UP_2024_solar-voltage_L2_v2-1.parquet,Year 2024 sensor data for UP plot at CRC site,,2024-01-01,2024-12-31,'NA',CRC_2024
CRC_UP_2024_solar-voltage_L2_v2-1.pdf,Plots of Jan 2024 sensor data for CRC-UP,,2024-01-01,2024-12-31,,CRC_2024
CRC_W_2024_battery-voltage_L2_v2-1.parquet,Year 2024 sensor data for W plot at CRC site,,2024-01-01,2024-12-31,'NA',CRC_2024
CRC_W_2024_battery-voltage_L2_v2-1.pdf,Plots of Jan 2024 sensor data for CRC-W,,2024-01-01,2024-12-31,,CRC_2024
CRC_W_2024_gw-act-cond_L2_v2-1.parquet,Year 2024 sensor data for W plot at CRC site,,2024-01-01,2024-12-31,'NA',CRC_2024
CRC_W_2024_gw-act-cond_L2_v2-1.pdf,Plots of Jan 2024 sensor data for CRC-W,,2024-01-01,2024-12-31,,CRC_2024
CRC_W_2024_gw-bar-pressure_L2_v2-1.parquet,Year 2024 sensor data for W plot at CRC site,,2024-01-01,2024-12-31,'NA',CRC_2024
CRC_W_2024_gw-bar-pressure_L2_v2-1.pdf,Plots of Jan 2024 sensor data for CRC-W,,2024-01-01,2024-12-31,,CRC_2024
CRC_W_2024_gw-battery_L2_v2-1.parquet,Year 2024 sensor data for W plot at CRC site,,2024-01-01,2024-12-31,'NA',CRC_2024
CRC_W_2024_gw-battery_L2_v2-1.pdf,Plots of Jan 2024 sensor data for CRC-W,,2024-01-01,2024-12-31,,CRC_2024
CRC_W_2024_gw-density_L2_v2-1.parquet,Year 2024 sensor data for W plot at CRC site,,2024-01-01,2024-12-31,'NA',CRC_2024
CRC_W_2024_gw-density_L2_v2-1.pdf,Plots of Jan 2024 sensor data for CRC-W,,2024-01-01,2024-12-31,,CRC_2024
CRC_W_2024_gw-depth_L2_v2-1.parquet,Year 2024 sensor data for W plot at CRC site,,2024-01-01,2024-12-31,'NA',CRC_2024
CRC_W_2024_gw-depth_L2_v2-1.pdf,Plots of Jan 2024 sensor data for CRC-W,,2024-01-01,2024-12-31,,CRC_2024
CRC_W_2024_gw-part-pressure_L2_v2-1.parquet,Year 2024 sensor data for W plot at CRC site,,2024-01-01,2024-12-31,'NA',CRC_2024
CRC_W_2024_gw-part-pressure_L2_v2-1.pdf,Plots of Jan 2024 sensor data for CRC-W,,2024-01-01,2024-12-31,,CRC_2024
CRC_W_2024_gw-perc-sat_L2_v2-1.parquet,Year 2024 sensor data for W plot at CRC site,,2024-01-01,2024-12-31,'NA',CRC_2024
CRC_W_2024_gw-perc-sat_L2_v2-1.pdf,Plots of Jan 2024 sensor data for CRC-W,,2024-01-01,2024-12-31,,CRC_2024
CRC_W_2024_gw-ph_L2_v2-1.parquet,Year 2024 sensor data for W plot at CRC site,,2024-01-01,2024-12-31,'NA',CRC_2024
CRC_W_2024_gw-ph_L2_v2-1.pdf,Plots of Jan 2024 sensor data for CRC-W,,2024-01-01,2024-12-31,,CRC_2024
CRC_W_2024_gw-ph-mv_L2_v2-1.parquet,Year 2024 sensor data for W plot at CRC site,,2024-01-01,2024-12-31,'NA',CRC_2024
CRC_W_2024_gw-ph-mv_L2_v2-1.pdf,Plots of Jan 2024 sensor data for CRC-W,,2024-01-01,2024-12-31,,CRC_2024
CRC_W_2024_gw-ph-orp_L2_v2-1.parquet,Year 2024 sensor data for W plot at CRC site,,2024-01-01,2024-12-31,'NA',CRC_2024
CRC_W_2024_gw-ph-orp_L2_v2-1.pdf,Plots of Jan 2024 sensor data for CRC-W,,2024-01-01,2024-12-31,,CRC_2024
CRC_W_2024_gw-pressure-vented_L2_v2-1.parquet,Year 2024 sensor data for W plot at CRC site,,2024-01-01,2024-12-31,'NA',CRC_2024
CRC_W_2024_gw-pressure-vented_L2_v2-1.pdf,Plots of Jan 2024 sensor data for CRC-W,,2024-01-01,2024-12-31,,CRC_2024
CRC_W_2024_gw-rdo-conc_L2_v2-1.parquet,Year 2024 sensor data for W plot at CRC site,,2024-01-01,2024-12-31,'NA',CRC_2024
CRC_W_2024_gw-rdo-conc_L2_v2-1.pdf,Plots of Jan 2024 sensor data for CRC-W,,2024-01-01,2024-12-31,,CRC_2024
CRC_W_2024_gw-resistivity_L2_v2-1.parquet,Year 2024 sensor data for W plot at CRC site,,2024-01-01,2024-12-31,'NA',CRC_2024
CRC_W_2024_gw-resistivity_L2_v2-1.pdf,Plots of Jan 2024 sensor data for CRC-W,,2024-01-01,2024-12-31,,CRC_2024
CRC_W_2024_gw-salinity_L2_v2-1.parquet,Year 2024 sensor data for W plot at CRC site,,2024-01-01,2024-12-31,'NA',CRC_2024
CRC_W_2024_gw-salinity_L2_v2-1.pdf,Plots of Jan 2024 sensor data for CRC-W,,2024-01-01,2024-12-31,,CRC_2024
CRC_W_2024_gw-spec-cond_L2_v2-1.parquet,Year 2024 sensor data for W plot at CRC site,,2024-01-01,2024-12-31,'NA',CRC_2024
CRC_W_2024_gw-spec-cond_L2_v2-1.pdf,Plots of Jan 2024 sensor data for CRC-W,,2024-01-01,2024-12-31,,CRC_2024
CRC_W_2024_gw-tds_L2_v2-1.parquet,Year 2024 sensor data for W plot at CRC site,,2024-01-01,2024-12-31,'NA',CRC_2024
CRC_W_2024_gw-tds_L2_v2-1.pdf,Plots of Jan 2024 sensor data for CRC-W,,2024-01-01,2024-12-31,,CRC_2024
CRC_W_2024_gw-temperature_L2_v2-1.parquet,Year 2024 sensor data for W plot at CRC site,,2024-01-01,2024-12-31,'NA',CRC_2024
CRC_W_2024_gw-temperature_L2_v2-1.pdf,Plots of Jan 2024 sensor data for CRC-W,,2024-01-01,2024-12-31,,CRC_2024
CRC_W_2024_gw-voltage-ext_L2_v2-1.parquet,Year 2024 sensor data for W plot at CRC site,,2024-01-01,2024-12-31,'NA',CRC_2024
CRC_W_2024_gw-voltage-ext_L2_v2-1.pdf,Plots of Jan 2024 sensor data for CRC-W,,2024-01-01,2024-12-31,,CRC_2024
CRC_W_2024_gw-wl-below-surface_L2_v2-1.parquet,Year 2024 sensor data for W plot at CRC site,,2024-01-01,2024-12-31,'NA',CRC_2024
CRC_W_2024_gw-wl-below-surface_L2_v2-1.pdf,Plots of Jan 2024 sensor data for CRC-W,,2024-01-01,2024-12-31,,CRC_2024
CRC_W_2024_soil-EC-10cm_L2_v2-1.parquet,Year 2024 sensor data for W plot at CRC site,,2024-01-01,2024-12-31,'NA',CRC_2024
CRC_W_2024_soil-EC-10cm_L2_v2-1.pdf,Plots of Jan 2024 sensor data for CRC-W,,2024-01-01,2024-12-31,,CRC_2024
CRC_W_2024_soil-EC-30cm_L2_v2-1.parquet,Year 2024 sensor data for W plot at CRC site,,2024-01-01,2024-12-31,'NA',CRC_2024
CRC_W_2024_soil-EC-30cm_L2_v2-1.pdf,Plots of Jan 2024 sensor data for CRC-W,,2024-01-01,2024-12-31,,CRC_2024
CRC_W_2024_soil-salinity-10cm_L2_v2-1.parquet,Year 2024 sensor data for W plot at CRC site,,2024-01-01,2024-12-31,'NA',CRC_2024
CRC_W_2024_soil-salinity-10cm_L2_v2-1.pdf,Plots of Jan 2024 sensor data for CRC-W,,2024-01-01,2024-12-31,,CRC_2024
CRC_W_2024_soil-salinity-30cm_L2_v2-1.parquet,Year 2024 sensor data for W plot at CRC site,,2024-01-01,2024-12-31,'NA',CRC_2024
CRC_W_2024_soil-salinity-30cm_L2_v2-1.pdf,Plots of Jan 2024 sensor data for CRC-W,,2024-01-01,2024-12-31,,CRC_2024
CRC_W_2024_soil-temp-10cm_L2_v2-1.parquet,Year 2024 sensor data for W plot at CRC site,,2024-01-01,2024-12-31,'NA',CRC_2024
CRC_W_2024_soil-temp-10cm_L2_v2-1.pdf,Plots of Jan 2024 sensor data for CRC-W,,2024-01-01,2024-12-31,,CRC_2024
CRC_W_2024_soil-temp-30cm_L2_v2-1.parquet,Year 2024 sensor data for W plot at CRC site,,2024-01-01,2024-12-31,'NA',CRC_2024
CRC_W_2024_soil-temp-30cm_L2_v2-1.pdf,Plots of Jan 2024 sensor data for CRC-W,,2024-01-01,2024-12-31,,CRC_2024
CRC_W_2024_soil-vwc-10cm_L2_v2-1.parquet,Year 2024 sensor data for W plot at CRC site,,2024-01-01,2024-12-31,'NA',CRC_2024
CRC_W_2024_soil-vwc-10cm_L2_v2-1.pdf,Plots of Jan 2024 sensor data for CRC-W,,2024-01-01,2024-12-31,,CRC_2024
CRC_W_2024_soil-vwc-30cm_L2_v2-1.parquet,Year 2024 sensor data for W plot at CRC site,,2024-01-01,2024-12-31,'NA',CRC_2024
CRC_W_2024_soil-vwc-30cm_L2_v2-1.pdf,Plots of Jan 2024 sensor data for CRC-W,,2024-01-01,2024-12-31,,CRC_2024
CRC_W_2024_solar-voltage_L2_v2-1.parquet,Year 2024 sensor data for W plot at CRC site,,2024-01-01,2024-12-31,'NA',CRC_2024
CRC_W_2024_solar-voltage_L2_v2-1.pdf,Plots of Jan 2024 sensor data for CRC-W,,2024-01-01,2024-12-31,,CRC_2024
CRC_W_2024_wx-barpress15_L2_v2-1.parquet,Year 2024 sensor data for W plot at CRC site,,2024-01-01,2024-12-31,'NA',CRC_2024
CRC_W_2024_wx-barpress15_L2_v2-1.pdf,Plots of Jan 2024 sensor data for CRC-W,,2024-01-01,2024-12-31,,CRC_2024
CRC_W_2024_wx-bpmax15_L2_v2-1.parquet,Year 2024 sensor data for W plot at CRC site,,2024-01-01,2024-12-31,'NA',CRC_2024
CRC_W_2024_wx-bpmax15_L2_v2-1.pdf,Plots of Jan 2024 sensor data for CRC-W,,2024-01-01,2024-12-31,,CRC_2024
CRC_W_2024_wx-bpmin15_L2_v2-1.parquet,Year 2024 sensor data for W plot at CRC site,,2024-01-01,2024-12-31,'NA',CRC_2024
CRC_W_2024_wx-bpmin15_L2_v2-1.pdf,Plots of Jan 2024 sensor data for CRC-W,,2024-01-01,2024-12-31,,CRC_2024
CRC_W_2024_wx-dist-min15_L2_v2-1.parquet,Year 2024 sensor data for W plot at CRC site,,2024-01-01,2024-12-31,'NA',CRC_2024
CRC_W_2024_wx-dist-min15_L2_v2-1.pdf,Plots of Jan 2024 sensor data for CRC-W,,2024-01-01,2024-12-31,,CRC_2024
CRC_W_2024_wx-invalid-wind15_L2_v2-1.parquet,Year 2024 sensor data for W plot at CRC site,,2024-01-01,2024-12-31,'NA',CRC_2024
CRC_W_2024_wx-invalid-wind15_L2_v2-1.pdf,Plots of Jan 2024 sensor data for CRC-W,,2024-01-01,2024-12-31,,CRC_2024
CRC_W_2024_wx-maxws15_L2_v2-1.parquet,Year 2024 sensor data for W plot at CRC site,,2024-01-01,2024-12-31,'NA',CRC_2024
CRC_W_2024_wx-maxws15_L2_v2-1.pdf,Plots of Jan 2024 sensor data for CRC-W,,2024-01-01,2024-12-31,,CRC_2024
CRC_W_2024_wx-maxws24_L2_v2-1.parquet,Year 2024 sensor data for W plot at CRC site,,2024-01-01,2024-12-31,'NA',CRC_2024
CRC_W_2024_wx-maxws24_L2_v2-1.pdf,Plots of Jan 2024 sensor data for CRC-W,,2024-01-01,2024-12-31,,CRC_2024
CRC_W_2024_wx-par-den15_L2_v2-1.parquet,Year 2024 sensor data for W plot at CRC site,,2024-01-01,2024-12-31,'NA',CRC_2024
CRC_W_2024_wx-par-den15_L2_v2-1.pdf,Plots of Jan 2024 sensor data for CRC-W,,2024-01-01,2024-12-31,,CRC_2024
CRC_W_2024_wx-par-den24_L2_v2-1.parquet,Year 2024 sensor data for W plot at CRC site,,2024-01-01,2024-12-31,'NA',CRC_2024
CRC_W_2024_wx-par-den24_L2_v2-1.pdf,Plots of Jan 2024 sensor data for CRC-W,,2024-01-01,2024-12-31,,CRC_2024
CRC_W_2024_wx-par-tot15_L2_v2-1.parquet,Year 2024 sensor data for W plot at CRC site,,2024-01-01,2024-12-31,'NA',CRC_2024
CRC_W_2024_wx-par-tot15_L2_v2-1.pdf,Plots of Jan 2024 sensor data for CRC-W,,2024-01-01,2024-12-31,,CRC_2024
CRC_W_2024_wx-par-tot24_L2_v2-1.parquet,Year 2024 sensor data for W plot at CRC site,,2024-01-01,2024-12-31,'NA',CRC_2024
CRC_W_2024_wx-par-tot24_L2_v2-1.pdf,Plots of Jan 2024 sensor data for CRC-W,,2024-01-01,2024-12-31,,CRC_2024
CRC_W_2024_wx-rain15_L2_v2-1.parquet,Year 2024 sensor data for W plot at CRC site,,2024-01-01,2024-12-31,'NA',CRC_2024
CRC_W_2024_wx-rain15_L2_v2-1.pdf,Plots of Jan 2024 sensor data for CRC-W,,2024-01-01,2024-12-31,,CRC_2024
CRC_W_2024_wx-rain24_L2_v2-1.parquet,Year 2024 sensor data for W plot at CRC site,,2024-01-01,2024-12-31,'NA',CRC_2024
CRC_W_2024_wx-rain24_L2_v2-1.pdf,Plots of Jan 2024 sensor data for CRC-W,,2024-01-01,2024-12-31,,CRC_2024
CRC_W_2024_wx-rh15_L2_v2-1.parquet,Year 2024 sensor data for W plot at CRC site,,2024-01-01,2024-12-31,'NA',CRC_2024
CRC_W_2024_wx-rh15_L2_v2-1.pdf,Plots of Jan 2024 sensor data for CRC-W,,2024-01-01,2024-12-31,,CRC_2024
CRC_W_2024_wx-rh24_L2_v2-1.parquet,Year 2024 sensor data for W plot at CRC site,,2024-01-01,2024-12-31,'NA',CRC_2024
CRC_W_2024_wx-rh24_L2_v2-1.pdf,Plots of Jan 2024 sensor data for CRC-W,,2024-01-01,2024-12-31,,CRC_2024
CRC_W_2024_wx-rht15_L2_v2-1.parquet,Year 2024 sensor data for W plot at CRC site,,2024-01-01,2024-12-31,'NA',CRC_2024
CRC_W_2024_wx-rht15_L2_v2-1.pdf,Plots of Jan 2024 sensor data for CRC-W,,2024-01-01,2024-12-31,,CRC_2024
CRC_W_2024_wx-rht24_L2_v2-1.parquet,Year 2024 sensor data for W plot at CRC site,,2024-01-01,2024-12-31,'NA',CRC_2024
CRC_W_2024_wx-rht24_L2_v2-1.pdf,Plots of Jan 2024 sensor data for CRC-W,,2024-01-01,2024-12-31,,CRC_2024
CRC_W_2024_wx-rhtmax24_L2_v2-1.parquet,Year 2024 sensor data for W plot at CRC site,,2024-01-01,2024-12-31,'NA',CRC_2024
CRC_W_2024_wx-rhtmax24_L2_v2-1.pdf,Plots of Jan 2024 sensor data for CRC-W,,2024-01-01,2024-12-31,,CRC_2024
CRC_W_2024_wx-rhtmin24_L2_v2-1.parquet,Year 2024 sensor data for W plot at CRC site,,2024-01-01,2024-12-31,'NA',CRC_2024
CRC_W_2024_wx-rhtmin24_L2_v2-1.pdf,Plots of Jan 2024 sensor data for CRC-W,,2024-01-01,2024-12-31,,CRC_2024
CRC_W_2024_wx-slr-fd15_L2_v2-1.parquet,Year 2024 sensor data for W plot at CRC site,,2024-01-01,2024-12-31,'NA',CRC_2024
CRC_W_2024_wx-slr-fd15_L2_v2-1.pdf,Plots of Jan 2024 sensor data for CRC-W,,2024-01-01,2024-12-31,,CRC_2024
CRC_W_2024_wx-slr-fd24_L2_v2-1.parquet,Year 2024 sensor data for W plot at CRC site,,2024-01-01,2024-12-31,'NA',CRC_2024
CRC_W_2024_wx-slr-fd24_L2_v2-1.pdf,Plots of Jan 2024 sensor data for CRC-W,,2024-01-01,2024-12-31,,CRC_2024
CRC_W_2024_wx-slr-tf15_L2_v2-1.parquet,Year 2024 sensor data for W plot at CRC site,,2024-01-01,2024-12-31,'NA',CRC_2024
CRC_W_2024_wx-slr-tf15_L2_v2-1.pdf,Plots of Jan 2024 sensor data for CRC-W,,2024-01-01,2024-12-31,,CRC_2024
CRC_W_2024_wx-slr-tf24_L2_v2-1.parquet,Year 2024 sensor data for W plot at CRC site,,2024-01-01,2024-12-31,'NA',CRC_2024
CRC_W_2024_wx-slr-tf24_L2_v2-1.pdf,Plots of Jan 2024 sensor data for CRC-W,,2024-01-01,2024-12-31,,CRC_2024
CRC_W_2024_wx-strikes15_L2_v2-1.parquet,Year 2024 sensor data for W plot at CRC site,,2024-01-01,2024-12-31,'NA',CRC_2024
CRC_W_2024_wx-strikes15_L2_v2-1.pdf,Plots of Jan 2024 sensor data for CRC-W,,2024-01-01,2024-12-31,,CRC_2024
CRC_W_2024_wx-tempavg15_L2_v2-1.parquet,Year 2024 sensor data for W plot at CRC site,,2024-01-01,2024-12-31,'NA',CRC_2024
CRC_W_2024_wx-tempavg15_L2_v2-1.pdf,Plots of Jan 2024 sensor data for CRC-W,,2024-01-01,2024-12-31,,CRC_2024
CRC_W_2024_wx-tempavg24_L2_v2-1.parquet,Year 2024 sensor data for W plot at CRC site,,2024-01-01,2024-12-31,'NA',CRC_2024
CRC_W_2024_wx-tempavg24_L2_v2-1.pdf,Plots of Jan 2024 sensor data for CRC-W,,2024-01-01,2024-12-31,,CRC_2024
CRC_W_2024_wx-tempmax15_L2_v2-1.parquet,Year 2024 sensor data for W plot at CRC site,,2024-01-01,2024-12-31,'NA',CRC_2024
CRC_W_2024_wx-tempmax15_L2_v2-1.pdf,Plots of Jan 2024 sensor data for CRC-W,,2024-01-01,2024-12-31,,CRC_2024
CRC_W_2024_wx-tempmax24_L2_v2-1.parquet,Year 2024 sensor data for W plot at CRC site,,2024-01-01,2024-12-31,'NA',CRC_2024
CRC_W_2024_wx-tempmax24_L2_v2-1.pdf,Plots of Jan 2024 sensor data for CRC-W,,2024-01-01,2024-12-31,,CRC_2024
CRC_W_2024_wx-tempmin15_L2_v2-1.parquet,Year 2024 sensor data for W plot at CRC site,,2024-01-01,2024-12-31,'NA',CRC_2024
CRC_W_2024_wx-tempmin15_L2_v2-1.pdf,Plots of Jan 2024 sensor data for CRC-W,,2024-01-01,2024-12-31,,CRC_2024
CRC_W_2024_wx-tempmin24_L2_v2-1.parquet,Year 2024 sensor data for W plot at CRC site,,2024-01-01,2024-12-31,'NA',CRC_2024
CRC_W_2024_wx-tempmin24_L2_v2-1.pdf,Plots of Jan 2024 sensor data for CRC-W,,2024-01-01,2024-12-31,,CRC_2024
CRC_W_2024_wx-tilt-ns15_L2_v2-1.parquet,Year 2024 sensor data for W plot at CRC site,,2024-01-01,2024-12-31,'NA',CRC_2024
CRC_W_2024_wx-tilt-ns15_L2_v2-1.pdf,Plots of Jan 2024 sensor data for CRC-W,,2024-01-01,2024-12-31,,CRC_2024
CRC_W_2024_wx-tilt-ns24_L2_v2-1.parquet,Year 2024 sensor data for W plot at CRC site,,2024-01-01,2024-12-31,'NA',CRC_2024
CRC_W_2024_wx-tilt-ns24_L2_v2-1.pdf,Plots of Jan 2024 sensor data for CRC-W,,2024-01-01,2024-12-31,,CRC_2024
CRC_W_2024_wx-tilt-we15_L2_v2-1.parquet,Year 2024 sensor data for W plot at CRC site,,2024-01-01,2024-12-31,'NA',CRC_2024
CRC_W_2024_wx-tilt-we15_L2_v2-1.pdf,Plots of Jan 2024 sensor data for CRC-W,,2024-01-01,2024-12-31,,CRC_2024
CRC_W_2024_wx-tilt-we24_L2_v2-1.parquet,Year 2024 sensor data for W plot at CRC site,,2024-01-01,2024-12-31,'NA',CRC_2024
CRC_W_2024_wx-tilt-we24_L2_v2-1.pdf,Plots of Jan 2024 sensor data for CRC-W,,2024-01-01,2024-12-31,,CRC_2024
CRC_W_2024_wx-vappress15_L2_v2-1.parquet,Year 2024 sensor data for W plot at CRC site,,2024-01-01,2024-12-31,'NA',CRC_2024
CRC_W_2024_wx-vappress15_L2_v2-1.pdf,Plots of Jan 2024 sensor data for CRC-W,,2024-01-01,2024-12-31,,CRC_2024
CRC_W_2024_wx-vappress24_L2_v2-1.parquet,Year 2024 sensor data for W plot at CRC site,,2024-01-01,2024-12-31,'NA',CRC_2024
CRC_W_2024_wx-vappress24_L2_v2-1.pdf,Plots of Jan 2024 sensor data for CRC-W,,2024-01-01,2024-12-31,,CRC_2024
CRC_W_2024_wx-winddir-sd115_L2_v2-1.parquet,Year 2024 sensor data for W plot at CRC site,,2024-01-01,2024-12-31,'NA',CRC_2024
CRC_W_2024_wx-winddir-sd115_L2_v2-1.pdf,Plots of Jan 2024 sensor data for CRC-W,,2024-01-01,2024-12-31,,CRC_2024
CRC_W_2024_wx-winddir15_L2_v2-1.parquet,Year 2024 sensor data for W plot at CRC site,,2024-01-01,2024-12-31,'NA',CRC_2024
CRC_W_2024_wx-winddir15_L2_v2-1.pdf,Plots of Jan 2024 sensor data for CRC-W,,2024-01-01,2024-12-31,,CRC_2024
CRC_W_2024_wx-winderrors24_L2_v2-1.parquet,Year 2024 sensor data for W plot at CRC site,,2024-01-01,2024-12-31,'NA',CRC_2024
CRC_W_2024_wx-winderrors24_L2_v2-1.pdf,Plots of Jan 2024 sensor data for CRC-W,,2024-01-01,2024-12-31,,CRC_2024
CRC_W_2024_wx-windspeed15_L2_v2-1.parquet,Year 2024 sensor data for W plot at CRC site,,2024-01-01,2024-12-31,'NA',CRC_2024
CRC_W_2024_wx-windspeed15_L2_v2-1.pdf,Plots of Jan 2024 sensor data for CRC-W,,2024-01-01,2024-12-31,,CRC_2024
CRC_2025_L2_v2-1_metadata.txt,Metadata for all data files in CRC_2025 folder,,,,,CRC_2025
CRC_OW_2025_battery-voltage_L2_v2-1.parquet,Year 2025 sensor data for OW plot at CRC site,,2025-01-01,2025-12-31,'NA',CRC_2025
CRC_OW_2025_battery-voltage_L2_v2-1.pdf,Plots of Jan 2025 sensor data for CRC-OW,,2025-01-01,2025-12-31,,CRC_2025
CRC_OW_2025_sonde-cable_L2_v2-1.parquet,Year 2025 sensor data for OW plot at CRC site,,2025-01-01,2025-12-31,'NA',CRC_2025
CRC_OW_2025_sonde-cable_L2_v2-1.pdf,Plots of Jan 2025 sensor data for CRC-OW,,2025-01-01,2025-12-31,,CRC_2025
CRC_OW_2025_sonde-conductivity_L2_v2-1.parquet,Year 2025 sensor data for OW plot at CRC site,,2025-01-01,2025-12-31,'NA',CRC_2025
CRC_OW_2025_sonde-conductivity_L2_v2-1.pdf,Plots of Jan 2025 sensor data for CRC-OW,,2025-01-01,2025-12-31,,CRC_2025
CRC_OW_2025_sonde-fdom_L2_v2-1.parquet,Year 2025 sensor data for OW plot at CRC site,,2025-01-01,2025-12-31,'NA',CRC_2025
CRC_OW_2025_sonde-fdom_L2_v2-1.pdf,Plots of Jan 2025 sensor data for CRC-OW,,2025-01-01,2025-12-31,,CRC_2025
CRC_OW_2025_sonde-fdom-rfu_L2_v2-1.parquet,Year 2025 sensor data for OW plot at CRC site,,2025-01-01,2025-12-31,'NA',CRC_2025
CRC_OW_2025_sonde-fdom-rfu_L2_v2-1.pdf,Plots of Jan 2025 sensor data for CRC-OW,,2025-01-01,2025-12-31,,CRC_2025
CRC_OW_2025_sonde-nlf-cond_L2_v2-1.parquet,Year 2025 sensor data for OW plot at CRC site,,2025-01-01,2025-12-31,'NA',CRC_2025
CRC_OW_2025_sonde-nlf-cond_L2_v2-1.pdf,Plots of Jan 2025 sensor data for CRC-OW,,2025-01-01,2025-12-31,,CRC_2025
CRC_OW_2025_sonde-odo-local_L2_v2-1.parquet,Year 2025 sensor data for OW plot at CRC site,,2025-01-01,2025-12-31,'NA',CRC_2025
CRC_OW_2025_sonde-odo-local_L2_v2-1.pdf,Plots of Jan 2025 sensor data for CRC-OW,,2025-01-01,2025-12-31,,CRC_2025
CRC_OW_2025_sonde-odo-mgl_L2_v2-1.parquet,Year 2025 sensor data for OW plot at CRC site,,2025-01-01,2025-12-31,'NA',CRC_2025
CRC_OW_2025_sonde-odo-mgl_L2_v2-1.pdf,Plots of Jan 2025 sensor data for CRC-OW,,2025-01-01,2025-12-31,,CRC_2025
CRC_OW_2025_sonde-odo-sat_L2_v2-1.parquet,Year 2025 sensor data for OW plot at CRC site,,2025-01-01,2025-12-31,'NA',CRC_2025
CRC_OW_2025_sonde-odo-sat_L2_v2-1.pdf,Plots of Jan 2025 sensor data for CRC-OW,,2025-01-01,2025-12-31,,CRC_2025
CRC_OW_2025_sonde-orp_L2_v2-1.parquet,Year 2025 sensor data for OW plot at CRC site,,2025-01-01,2025-12-31,'NA',CRC_2025
CRC_OW_2025_sonde-orp_L2_v2-1.pdf,Plots of Jan 2025 sensor data for CRC-OW,,2025-01-01,2025-12-31,,CRC_2025
CRC_OW_2025_sonde-ph_L2_v2-1.parquet,Year 2025 sensor data for OW plot at CRC site,,2025-01-01,2025-12-31,'NA',CRC_2025
CRC_OW_2025_sonde-ph_L2_v2-1.pdf,Plots of Jan 2025 sensor data for CRC-OW,,2025-01-01,2025-12-31,,CRC_2025
CRC_OW_2025_sonde-ph-mv_L2_v2-1.parquet,Year 2025 sensor data for OW plot at CRC site,,2025-01-01,2025-12-31,'NA',CRC_2025
CRC_OW_2025_sonde-ph-mv_L2_v2-1.pdf,Plots of Jan 2025 sensor data for CRC-OW,,2025-01-01,2025-12-31,,CRC_2025
CRC_OW_2025_sonde-pressure_L2_v2-1.parquet,Year 2025 sensor data for OW plot at CRC site,,2025-01-01,2025-12-31,'NA',CRC_2025
CRC_OW_2025_sonde-pressure_L2_v2-1.pdf,Plots of Jan 2025 sensor data for CRC-OW,,2025-01-01,2025-12-31,,CRC_2025
CRC_OW_2025_sonde-salinity_L2_v2-1.parquet,Year 2025 sensor data for OW plot at CRC site,,2025-01-01,2025-12-31,'NA',CRC_2025
CRC_OW_2025_sonde-salinity_L2_v2-1.pdf,Plots of Jan 2025 sensor data for CRC-OW,,2025-01-01,2025-12-31,,CRC_2025
CRC_OW_2025_sonde-spcond_L2_v2-1.parquet,Year 2025 sensor data for OW plot at CRC site,,2025-01-01,2025-12-31,'NA',CRC_2025
CRC_OW_2025_sonde-spcond_L2_v2-1.pdf,Plots of Jan 2025 sensor data for CRC-OW,,2025-01-01,2025-12-31,,CRC_2025
CRC_OW_2025_sonde-tds_L2_v2-1.parquet,Year 2025 sensor data for OW plot at CRC site,,2025-01-01,2025-12-31,'NA',CRC_2025
CRC_OW_2025_sonde-tds_L2_v2-1.pdf,Plots of Jan 2025 sensor data for CRC-OW,,2025-01-01,2025-12-31,,CRC_2025
CRC_OW_2025_sonde-temp_L2_v2-1.parquet,Year 2025 sensor data for OW plot at CRC site,,2025-01-01,2025-12-31,'NA',CRC_2025
CRC_OW_2025_sonde-temp_L2_v2-1.pdf,Plots of Jan 2025 sensor data for CRC-OW,,2025-01-01,2025-12-31,,CRC_2025
CRC_OW_2025_sonde-tss_L2_v2-1.parquet,Year 2025 sensor data for OW plot at CRC site,,2025-01-01,2025-12-31,'NA',CRC_2025
CRC_OW_2025_sonde-tss_L2_v2-1.pdf,Plots of Jan 2025 sensor data for CRC-OW,,2025-01-01,2025-12-31,,CRC_2025
CRC_OW_2025_sonde-turb-raw_L2_v2-1.parquet,Year 2025 sensor data for OW plot at CRC site,,2025-01-01,2025-12-31,'NA',CRC_2025
CRC_OW_2025_sonde-turb-raw_L2_v2-1.pdf,Plots of Jan 2025 sensor data for CRC-OW,,2025-01-01,2025-12-31,,CRC_2025
CRC_OW_2025_sonde-turbidity_L2_v2-1.parquet,Year 2025 sensor data for OW plot at CRC site,,2025-01-01,2025-12-31,'NA',CRC_2025
CRC_OW_2025_sonde-turbidity_L2_v2-1.pdf,Plots of Jan 2025 sensor data for CRC-OW,,2025-01-01,2025-12-31,,CRC_2025
CRC_OW_2025_sonde-vpos_L2_v2-1.parquet,Year 2025 sensor data for OW plot at CRC site,,2025-01-01,2025-12-31,'NA',CRC_2025
CRC_OW_2025_sonde-vpos_L2_v2-1.pdf,Plots of Jan 2025 sensor data for CRC-OW,,2025-01-01,2025-12-31,,CRC_2025
CRC_OW_2025_sonde-wipercur_L2_v2-1.parquet,Year 2025 sensor data for OW plot at CRC site,,2025-01-01,2025-12-31,'NA',CRC_2025
CRC_OW_2025_sonde-wipercur_L2_v2-1.pdf,Plots of Jan 2025 sensor data for CRC-OW,,2025-01-01,2025-12-31,,CRC_2025
CRC_OW_2025_sonde-wiperpos_L2_v2-1.parquet,Year 2025 sensor data for OW plot at CRC site,,2025-01-01,2025-12-31,'NA',CRC_2025
CRC_OW_2025_sonde-wiperpos_L2_v2-1.pdf,Plots of Jan 2025 sensor data for CRC-OW,,2025-01-01,2025-12-31,,CRC_2025
CRC_TR_2025_battery-voltage_L2_v2-1.parquet,Year 2025 sensor data for TR plot at CRC site,,2025-01-01,2025-12-31,'NA',CRC_2025
CRC_TR_2025_battery-voltage_L2_v2-1.pdf,Plots of Jan 2025 sensor data for CRC-TR,,2025-01-01,2025-12-31,,CRC_2025
CRC_TR_2025_gw-act-cond_L2_v2-1.parquet,Year 2025 sensor data for TR plot at CRC site,,2025-01-01,2025-12-31,'NA',CRC_2025
CRC_TR_2025_gw-act-cond_L2_v2-1.pdf,Plots of Jan 2025 sensor data for CRC-TR,,2025-01-01,2025-12-31,,CRC_2025
CRC_TR_2025_gw-bar-pressure_L2_v2-1.parquet,Year 2025 sensor data for TR plot at CRC site,,2025-01-01,2025-12-31,'NA',CRC_2025
CRC_TR_2025_gw-bar-pressure_L2_v2-1.pdf,Plots of Jan 2025 sensor data for CRC-TR,,2025-01-01,2025-12-31,,CRC_2025
CRC_TR_2025_gw-battery_L2_v2-1.parquet,Year 2025 sensor data for TR plot at CRC site,,2025-01-01,2025-12-31,'NA',CRC_2025
CRC_TR_2025_gw-battery_L2_v2-1.pdf,Plots of Jan 2025 sensor data for CRC-TR,,2025-01-01,2025-12-31,,CRC_2025
CRC_TR_2025_gw-density_L2_v2-1.parquet,Year 2025 sensor data for TR plot at CRC site,,2025-01-01,2025-12-31,'NA',CRC_2025
CRC_TR_2025_gw-density_L2_v2-1.pdf,Plots of Jan 2025 sensor data for CRC-TR,,2025-01-01,2025-12-31,,CRC_2025
CRC_TR_2025_gw-depth_L2_v2-1.parquet,Year 2025 sensor data for TR plot at CRC site,,2025-01-01,2025-12-31,'NA',CRC_2025
CRC_TR_2025_gw-depth_L2_v2-1.pdf,Plots of Jan 2025 sensor data for CRC-TR,,2025-01-01,2025-12-31,,CRC_2025
CRC_TR_2025_gw-part-pressure_L2_v2-1.parquet,Year 2025 sensor data for TR plot at CRC site,,2025-01-01,2025-12-31,'NA',CRC_2025
CRC_TR_2025_gw-part-pressure_L2_v2-1.pdf,Plots of Jan 2025 sensor data for CRC-TR,,2025-01-01,2025-12-31,,CRC_2025
CRC_TR_2025_gw-perc-sat_L2_v2-1.parquet,Year 2025 sensor data for TR plot at CRC site,,2025-01-01,2025-12-31,'NA',CRC_2025
CRC_TR_2025_gw-perc-sat_L2_v2-1.pdf,Plots of Jan 2025 sensor data for CRC-TR,,2025-01-01,2025-12-31,,CRC_2025
CRC_TR_2025_gw-ph_L2_v2-1.parquet,Year 2025 sensor data for TR plot at CRC site,,2025-01-01,2025-12-31,'NA',CRC_2025
CRC_TR_2025_gw-ph_L2_v2-1.pdf,Plots of Jan 2025 sensor data for CRC-TR,,2025-01-01,2025-12-31,,CRC_2025
CRC_TR_2025_gw-ph-mv_L2_v2-1.parquet,Year 2025 sensor data for TR plot at CRC site,,2025-01-01,2025-12-31,'NA',CRC_2025
CRC_TR_2025_gw-ph-mv_L2_v2-1.pdf,Plots of Jan 2025 sensor data for CRC-TR,,2025-01-01,2025-12-31,,CRC_2025
CRC_TR_2025_gw-ph-orp_L2_v2-1.parquet,Year 2025 sensor data for TR plot at CRC site,,2025-01-01,2025-12-31,'NA',CRC_2025
CRC_TR_2025_gw-ph-orp_L2_v2-1.pdf,Plots of Jan 2025 sensor data for CRC-TR,,2025-01-01,2025-12-31,,CRC_2025
CRC_TR_2025_gw-pressure-vented_L2_v2-1.parquet,Year 2025 sensor data for TR plot at CRC site,,2025-01-01,2025-12-31,'NA',CRC_2025
CRC_TR_2025_gw-pressure-vented_L2_v2-1.pdf,Plots of Jan 2025 sensor data for CRC-TR,,2025-01-01,2025-12-31,,CRC_2025
CRC_TR_2025_gw-rdo-conc_L2_v2-1.parquet,Year 2025 sensor data for TR plot at CRC site,,2025-01-01,2025-12-31,'NA',CRC_2025
CRC_TR_2025_gw-rdo-conc_L2_v2-1.pdf,Plots of Jan 2025 sensor data for CRC-TR,,2025-01-01,2025-12-31,,CRC_2025
CRC_TR_2025_gw-resistivity_L2_v2-1.parquet,Year 2025 sensor data for TR plot at CRC site,,2025-01-01,2025-12-31,'NA',CRC_2025
CRC_TR_2025_gw-resistivity_L2_v2-1.pdf,Plots of Jan 2025 sensor data for CRC-TR,,2025-01-01,2025-12-31,,CRC_2025
CRC_TR_2025_gw-salinity_L2_v2-1.parquet,Year 2025 sensor data for TR plot at CRC site,,2025-01-01,2025-12-31,'NA',CRC_2025
CRC_TR_2025_gw-salinity_L2_v2-1.pdf,Plots of Jan 2025 sensor data for CRC-TR,,2025-01-01,2025-12-31,,CRC_2025
CRC_TR_2025_gw-spec-cond_L2_v2-1.parquet,Year 2025 sensor data for TR plot at CRC site,,2025-01-01,2025-12-31,'NA',CRC_2025
CRC_TR_2025_gw-spec-cond_L2_v2-1.pdf,Plots of Jan 2025 sensor data for CRC-TR,,2025-01-01,2025-12-31,,CRC_2025
CRC_TR_2025_gw-tds_L2_v2-1.parquet,Year 2025 sensor data for TR plot at CRC site,,2025-01-01,2025-12-31,'NA',CRC_2025
CRC_TR_2025_gw-tds_L2_v2-1.pdf,Plots of Jan 2025 sensor data for CRC-TR,,2025-01-01,2025-12-31,,CRC_2025
CRC_TR_2025_gw-temperature_L2_v2-1.parquet,Year 2025 sensor data for TR plot at CRC site,,2025-01-01,2025-12-31,'NA',CRC_2025
CRC_TR_2025_gw-temperature_L2_v2-1.pdf,Plots of Jan 2025 sensor data for CRC-TR,,2025-01-01,2025-12-31,,CRC_2025
CRC_TR_2025_gw-voltage-ext_L2_v2-1.parquet,Year 2025 sensor data for TR plot at CRC site,,2025-01-01,2025-12-31,'NA',CRC_2025
CRC_TR_2025_gw-voltage-ext_L2_v2-1.pdf,Plots of Jan 2025 sensor data for CRC-TR,,2025-01-01,2025-12-31,,CRC_2025
CRC_TR_2025_gw-wl-below-surface_L2_v2-1.parquet,Year 2025 sensor data for TR plot at CRC site,,2025-01-01,2025-12-31,'NA',CRC_2025
CRC_TR_2025_gw-wl-below-surface_L2_v2-1.pdf,Plots of Jan 2025 sensor data for CRC-TR,,2025-01-01,2025-12-31,,CRC_2025
CRC_TR_2025_sapflow-3.5cm_L2_v2-1.parquet,Year 2025 sensor data for TR plot at CRC site,,2025-01-01,2025-12-31,'NA',CRC_2025
CRC_TR_2025_sapflow-3.5cm_L2_v2-1.pdf,Plots of Jan 2025 sensor data for CRC-TR,,2025-01-01,2025-12-31,,CRC_2025
CRC_TR_2025_sapflow-5cm_L2_v2-1.parquet,Year 2025 sensor data for TR plot at CRC site,,2025-01-01,2025-12-31,'NA',CRC_2025
CRC_TR_2025_sapflow-5cm_L2_v2-1.pdf,Plots of Jan 2025 sensor data for CRC-TR,,2025-01-01,2025-12-31,,CRC_2025
CRC_TR_2025_soil-EC-10cm_L2_v2-1.parquet,Year 2025 sensor data for TR plot at CRC site,,2025-01-01,2025-12-31,'NA',CRC_2025
CRC_TR_2025_soil-EC-10cm_L2_v2-1.pdf,Plots of Jan 2025 sensor data for CRC-TR,,2025-01-01,2025-12-31,,CRC_2025
CRC_TR_2025_soil-EC-30cm_L2_v2-1.parquet,Year 2025 sensor data for TR plot at CRC site,,2025-01-01,2025-12-31,'NA',CRC_2025
CRC_TR_2025_soil-EC-30cm_L2_v2-1.pdf,Plots of Jan 2025 sensor data for CRC-TR,,2025-01-01,2025-12-31,,CRC_2025
CRC_TR_2025_soil-salinity-10cm_L2_v2-1.parquet,Year 2025 sensor data for TR plot at CRC site,,2025-01-01,2025-12-31,'NA',CRC_2025
CRC_TR_2025_soil-salinity-10cm_L2_v2-1.pdf,Plots of Jan 2025 sensor data for CRC-TR,,2025-01-01,2025-12-31,,CRC_2025
CRC_TR_2025_soil-salinity-30cm_L2_v2-1.parquet,Year 2025 sensor data for TR plot at CRC site,,2025-01-01,2025-12-31,'NA',CRC_2025
CRC_TR_2025_soil-salinity-30cm_L2_v2-1.pdf,Plots of Jan 2025 sensor data for CRC-TR,,2025-01-01,2025-12-31,,CRC_2025
CRC_TR_2025_soil-temp-10cm_L2_v2-1.parquet,Year 2025 sensor data for TR plot at CRC site,,2025-01-01,2025-12-31,'NA',CRC_2025
CRC_TR_2025_soil-temp-10cm_L2_v2-1.pdf,Plots of Jan 2025 sensor data for CRC-TR,,2025-01-01,2025-12-31,,CRC_2025
CRC_TR_2025_soil-temp-30cm_L2_v2-1.parquet,Year 2025 sensor data for TR plot at CRC site,,2025-01-01,2025-12-31,'NA',CRC_2025
CRC_TR_2025_soil-temp-30cm_L2_v2-1.pdf,Plots of Jan 2025 sensor data for CRC-TR,,2025-01-01,2025-12-31,,CRC_2025
CRC_TR_2025_soil-vwc-10cm_L2_v2-1.parquet,Year 2025 sensor data for TR plot at CRC site,,2025-01-01,2025-12-31,'NA',CRC_2025
CRC_TR_2025_soil-vwc-10cm_L2_v2-1.pdf,Plots of Jan 2025 sensor data for CRC-TR,,2025-01-01,2025-12-31,,CRC_2025
CRC_TR_2025_soil-vwc-30cm_L2_v2-1.parquet,Year 2025 sensor data for TR plot at CRC site,,2025-01-01,2025-12-31,'NA',CRC_2025
CRC_TR_2025_soil-vwc-30cm_L2_v2-1.pdf,Plots of Jan 2025 sensor data for CRC-TR,,2025-01-01,2025-12-31,,CRC_2025
CRC_TR_2025_solar-voltage_L2_v2-1.parquet,Year 2025 sensor data for TR plot at CRC site,,2025-01-01,2025-12-31,'NA',CRC_2025
CRC_TR_2025_solar-voltage_L2_v2-1.pdf,Plots of Jan 2025 sensor data for CRC-TR,,2025-01-01,2025-12-31,,CRC_2025
CRC_UP_2025_battery-voltage_L2_v2-1.parquet,Year 2025 sensor data for UP plot at CRC site,,2025-01-01,2025-12-31,'NA',CRC_2025
CRC_UP_2025_battery-voltage_L2_v2-1.pdf,Plots of Jan 2025 sensor data for CRC-UP,,2025-01-01,2025-12-31,,CRC_2025
CRC_UP_2025_gw-act-cond_L2_v2-1.parquet,Year 2025 sensor data for UP plot at CRC site,,2025-01-01,2025-12-31,'NA',CRC_2025
CRC_UP_2025_gw-act-cond_L2_v2-1.pdf,Plots of Jan 2025 sensor data for CRC-UP,,2025-01-01,2025-12-31,,CRC_2025
CRC_UP_2025_gw-bar-pressure_L2_v2-1.parquet,Year 2025 sensor data for UP plot at CRC site,,2025-01-01,2025-12-31,'NA',CRC_2025
CRC_UP_2025_gw-bar-pressure_L2_v2-1.pdf,Plots of Jan 2025 sensor data for CRC-UP,,2025-01-01,2025-12-31,,CRC_2025
CRC_UP_2025_gw-battery_L2_v2-1.parquet,Year 2025 sensor data for UP plot at CRC site,,2025-01-01,2025-12-31,'NA',CRC_2025
CRC_UP_2025_gw-battery_L2_v2-1.pdf,Plots of Jan 2025 sensor data for CRC-UP,,2025-01-01,2025-12-31,,CRC_2025
CRC_UP_2025_gw-density_L2_v2-1.parquet,Year 2025 sensor data for UP plot at CRC site,,2025-01-01,2025-12-31,'NA',CRC_2025
CRC_UP_2025_gw-density_L2_v2-1.pdf,Plots of Jan 2025 sensor data for CRC-UP,,2025-01-01,2025-12-31,,CRC_2025
CRC_UP_2025_gw-depth_L2_v2-1.parquet,Year 2025 sensor data for UP plot at CRC site,,2025-01-01,2025-12-31,'NA',CRC_2025
CRC_UP_2025_gw-depth_L2_v2-1.pdf,Plots of Jan 2025 sensor data for CRC-UP,,2025-01-01,2025-12-31,,CRC_2025
CRC_UP_2025_gw-part-pressure_L2_v2-1.parquet,Year 2025 sensor data for UP plot at CRC site,,2025-01-01,2025-12-31,'NA',CRC_2025
CRC_UP_2025_gw-part-pressure_L2_v2-1.pdf,Plots of Jan 2025 sensor data for CRC-UP,,2025-01-01,2025-12-31,,CRC_2025
CRC_UP_2025_gw-perc-sat_L2_v2-1.parquet,Year 2025 sensor data for UP plot at CRC site,,2025-01-01,2025-12-31,'NA',CRC_2025
CRC_UP_2025_gw-perc-sat_L2_v2-1.pdf,Plots of Jan 2025 sensor data for CRC-UP,,2025-01-01,2025-12-31,,CRC_2025
CRC_UP_2025_gw-ph_L2_v2-1.parquet,Year 2025 sensor data for UP plot at CRC site,,2025-01-01,2025-12-31,'NA',CRC_2025
CRC_UP_2025_gw-ph_L2_v2-1.pdf,Plots of Jan 2025 sensor data for CRC-UP,,2025-01-01,2025-12-31,,CRC_2025
CRC_UP_2025_gw-ph-mv_L2_v2-1.parquet,Year 2025 sensor data for UP plot at CRC site,,2025-01-01,2025-12-31,'NA',CRC_2025
CRC_UP_2025_gw-ph-mv_L2_v2-1.pdf,Plots of Jan 2025 sensor data for CRC-UP,,2025-01-01,2025-12-31,,CRC_2025
CRC_UP_2025_gw-ph-orp_L2_v2-1.parquet,Year 2025 sensor data for UP plot at CRC site,,2025-01-01,2025-12-31,'NA',CRC_2025
CRC_UP_2025_gw-ph-orp_L2_v2-1.pdf,Plots of Jan 2025 sensor data for CRC-UP,,2025-01-01,2025-12-31,,CRC_2025
CRC_UP_2025_gw-pressure-vented_L2_v2-1.parquet,Year 2025 sensor data for UP plot at CRC site,,2025-01-01,2025-12-31,'NA',CRC_2025
CRC_UP_2025_gw-pressure-vented_L2_v2-1.pdf,Plots of Jan 2025 sensor data for CRC-UP,,2025-01-01,2025-12-31,,CRC_2025
CRC_UP_2025_gw-rdo-conc_L2_v2-1.parquet,Year 2025 sensor data for UP plot at CRC site,,2025-01-01,2025-12-31,'NA',CRC_2025
CRC_UP_2025_gw-rdo-conc_L2_v2-1.pdf,Plots of Jan 2025 sensor data for CRC-UP,,2025-01-01,2025-12-31,,CRC_2025
CRC_UP_2025_gw-resistivity_L2_v2-1.parquet,Year 2025 sensor data for UP plot at CRC site,,2025-01-01,2025-12-31,'NA',CRC_2025
CRC_UP_2025_gw-resistivity_L2_v2-1.pdf,Plots of Jan 2025 sensor data for CRC-UP,,2025-01-01,2025-12-31,,CRC_2025
CRC_UP_2025_gw-salinity_L2_v2-1.parquet,Year 2025 sensor data for UP plot at CRC site,,2025-01-01,2025-12-31,'NA',CRC_2025
CRC_UP_2025_gw-salinity_L2_v2-1.pdf,Plots of Jan 2025 sensor data for CRC-UP,,2025-01-01,2025-12-31,,CRC_2025
CRC_UP_2025_gw-spec-cond_L2_v2-1.parquet,Year 2025 sensor data for UP plot at CRC site,,2025-01-01,2025-12-31,'NA',CRC_2025
CRC_UP_2025_gw-spec-cond_L2_v2-1.pdf,Plots of Jan 2025 sensor data for CRC-UP,,2025-01-01,2025-12-31,,CRC_2025
CRC_UP_2025_gw-tds_L2_v2-1.parquet,Year 2025 sensor data for UP plot at CRC site,,2025-01-01,2025-12-31,'NA',CRC_2025
CRC_UP_2025_gw-tds_L2_v2-1.pdf,Plots of Jan 2025 sensor data for CRC-UP,,2025-01-01,2025-12-31,,CRC_2025
CRC_UP_2025_gw-temperature_L2_v2-1.parquet,Year 2025 sensor data for UP plot at CRC site,,2025-01-01,2025-12-31,'NA',CRC_2025
CRC_UP_2025_gw-temperature_L2_v2-1.pdf,Plots of Jan 2025 sensor data for CRC-UP,,2025-01-01,2025-12-31,,CRC_2025
CRC_UP_2025_gw-voltage-ext_L2_v2-1.parquet,Year 2025 sensor data for UP plot at CRC site,,2025-01-01,2025-12-31,'NA',CRC_2025
CRC_UP_2025_gw-voltage-ext_L2_v2-1.pdf,Plots of Jan 2025 sensor data for CRC-UP,,2025-01-01,2025-12-31,,CRC_2025
CRC_UP_2025_gw-wl-below-surface_L2_v2-1.parquet,Year 2025 sensor data for UP plot at CRC site,,2025-01-01,2025-12-31,'NA',CRC_2025
CRC_UP_2025_gw-wl-below-surface_L2_v2-1.pdf,Plots of Jan 2025 sensor data for CRC-UP,,2025-01-01,2025-12-31,,CRC_2025
CRC_UP_2025_sapflow-3.5cm_L2_v2-1.parquet,Year 2025 sensor data for UP plot at CRC site,,2025-01-01,2025-12-31,'NA',CRC_2025
CRC_UP_2025_sapflow-3.5cm_L2_v2-1.pdf,Plots of Jan 2025 sensor data for CRC-UP,,2025-01-01,2025-12-31,,CRC_2025
CRC_UP_2025_sapflow-5cm_L2_v2-1.parquet,Year 2025 sensor data for UP plot at CRC site,,2025-01-01,2025-12-31,'NA',CRC_2025
CRC_UP_2025_sapflow-5cm_L2_v2-1.pdf,Plots of Jan 2025 sensor data for CRC-UP,,2025-01-01,2025-12-31,,CRC_2025
CRC_UP_2025_soil-EC-10cm_L2_v2-1.parquet,Year 2025 sensor data for UP plot at CRC site,,2025-01-01,2025-12-31,'NA',CRC_2025
CRC_UP_2025_soil-EC-10cm_L2_v2-1.pdf,Plots of Jan 2025 sensor data for CRC-UP,,2025-01-01,2025-12-31,,CRC_2025
CRC_UP_2025_soil-EC-30cm_L2_v2-1.parquet,Year 2025 sensor data for UP plot at CRC site,,2025-01-01,2025-12-31,'NA',CRC_2025
CRC_UP_2025_soil-EC-30cm_L2_v2-1.pdf,Plots of Jan 2025 sensor data for CRC-UP,,2025-01-01,2025-12-31,,CRC_2025
CRC_UP_2025_soil-salinity-10cm_L2_v2-1.parquet,Year 2025 sensor data for UP plot at CRC site,,2025-01-01,2025-12-31,'NA',CRC_2025
CRC_UP_2025_soil-salinity-10cm_L2_v2-1.pdf,Plots of Jan 2025 sensor data for CRC-UP,,2025-01-01,2025-12-31,,CRC_2025
CRC_UP_2025_soil-salinity-30cm_L2_v2-1.parquet,Year 2025 sensor data for UP plot at CRC site,,2025-01-01,2025-12-31,'NA',CRC_2025
CRC_UP_2025_soil-salinity-30cm_L2_v2-1.pdf,Plots of Jan 2025 sensor data for CRC-UP,,2025-01-01,2025-12-31,,CRC_2025
CRC_UP_2025_soil-temp-10cm_L2_v2-1.parquet,Year 2025 sensor data for UP plot at CRC site,,2025-01-01,2025-12-31,'NA',CRC_2025
CRC_UP_2025_soil-temp-10cm_L2_v2-1.pdf,Plots of Jan 2025 sensor data for CRC-UP,,2025-01-01,2025-12-31,,CRC_2025
CRC_UP_2025_soil-temp-30cm_L2_v2-1.parquet,Year 2025 sensor data for UP plot at CRC site,,2025-01-01,2025-12-31,'NA',CRC_2025
CRC_UP_2025_soil-temp-30cm_L2_v2-1.pdf,Plots of Jan 2025 sensor data for CRC-UP,,2025-01-01,2025-12-31,,CRC_2025
CRC_UP_2025_soil-vwc-10cm_L2_v2-1.parquet,Year 2025 sensor data for UP plot at CRC site,,2025-01-01,2025-12-31,'NA',CRC_2025
CRC_UP_2025_soil-vwc-10cm_L2_v2-1.pdf,Plots of Jan 2025 sensor data for CRC-UP,,2025-01-01,2025-12-31,,CRC_2025
CRC_UP_2025_soil-vwc-30cm_L2_v2-1.parquet,Year 2025 sensor data for UP plot at CRC site,,2025-01-01,2025-12-31,'NA',CRC_2025
CRC_UP_2025_soil-vwc-30cm_L2_v2-1.pdf,Plots of Jan 2025 sensor data for CRC-UP,,2025-01-01,2025-12-31,,CRC_2025
CRC_UP_2025_solar-voltage_L2_v2-1.parquet,Year 2025 sensor data for UP plot at CRC site,,2025-01-01,2025-12-31,'NA',CRC_2025
CRC_UP_2025_solar-voltage_L2_v2-1.pdf,Plots of Jan 2025 sensor data for CRC-UP,,2025-01-01,2025-12-31,,CRC_2025
CRC_W_2025_battery-voltage_L2_v2-1.parquet,Year 2025 sensor data for W plot at CRC site,,2025-01-01,2025-12-31,'NA',CRC_2025
CRC_W_2025_battery-voltage_L2_v2-1.pdf,Plots of Jan 2025 sensor data for CRC-W,,2025-01-01,2025-12-31,,CRC_2025
CRC_W_2025_gw-act-cond_L2_v2-1.parquet,Year 2025 sensor data for W plot at CRC site,,2025-01-01,2025-12-31,'NA',CRC_2025
CRC_W_2025_gw-act-cond_L2_v2-1.pdf,Plots of Jan 2025 sensor data for CRC-W,,2025-01-01,2025-12-31,,CRC_2025
CRC_W_2025_gw-bar-pressure_L2_v2-1.parquet,Year 2025 sensor data for W plot at CRC site,,2025-01-01,2025-12-31,'NA',CRC_2025
CRC_W_2025_gw-bar-pressure_L2_v2-1.pdf,Plots of Jan 2025 sensor data for CRC-W,,2025-01-01,2025-12-31,,CRC_2025
CRC_W_2025_gw-battery_L2_v2-1.parquet,Year 2025 sensor data for W plot at CRC site,,2025-01-01,2025-12-31,'NA',CRC_2025
CRC_W_2025_gw-battery_L2_v2-1.pdf,Plots of Jan 2025 sensor data for CRC-W,,2025-01-01,2025-12-31,,CRC_2025
CRC_W_2025_gw-density_L2_v2-1.parquet,Year 2025 sensor data for W plot at CRC site,,2025-01-01,2025-12-31,'NA',CRC_2025
CRC_W_2025_gw-density_L2_v2-1.pdf,Plots of Jan 2025 sensor data for CRC-W,,2025-01-01,2025-12-31,,CRC_2025
CRC_W_2025_gw-depth_L2_v2-1.parquet,Year 2025 sensor data for W plot at CRC site,,2025-01-01,2025-12-31,'NA',CRC_2025
CRC_W_2025_gw-depth_L2_v2-1.pdf,Plots of Jan 2025 sensor data for CRC-W,,2025-01-01,2025-12-31,,CRC_2025
CRC_W_2025_gw-part-pressure_L2_v2-1.parquet,Year 2025 sensor data for W plot at CRC site,,2025-01-01,2025-12-31,'NA',CRC_2025
CRC_W_2025_gw-part-pressure_L2_v2-1.pdf,Plots of Jan 2025 sensor data for CRC-W,,2025-01-01,2025-12-31,,CRC_2025
CRC_W_2025_gw-perc-sat_L2_v2-1.parquet,Year 2025 sensor data for W plot at CRC site,,2025-01-01,2025-12-31,'NA',CRC_2025
CRC_W_2025_gw-perc-sat_L2_v2-1.pdf,Plots of Jan 2025 sensor data for CRC-W,,2025-01-01,2025-12-31,,CRC_2025
CRC_W_2025_gw-ph_L2_v2-1.parquet,Year 2025 sensor data for W plot at CRC site,,2025-01-01,2025-12-31,'NA',CRC_2025
CRC_W_2025_gw-ph_L2_v2-1.pdf,Plots of Jan 2025 sensor data for CRC-W,,2025-01-01,2025-12-31,,CRC_2025
CRC_W_2025_gw-ph-mv_L2_v2-1.parquet,Year 2025 sensor data for W plot at CRC site,,2025-01-01,2025-12-31,'NA',CRC_2025
CRC_W_2025_gw-ph-mv_L2_v2-1.pdf,Plots of Jan 2025 sensor data for CRC-W,,2025-01-01,2025-12-31,,CRC_2025
CRC_W_2025_gw-ph-orp_L2_v2-1.parquet,Year 2025 sensor data for W plot at CRC site,,2025-01-01,2025-12-31,'NA',CRC_2025
CRC_W_2025_gw-ph-orp_L2_v2-1.pdf,Plots of Jan 2025 sensor data for CRC-W,,2025-01-01,2025-12-31,,CRC_2025
CRC_W_2025_gw-pressure-vented_L2_v2-1.parquet,Year 2025 sensor data for W plot at CRC site,,2025-01-01,2025-12-31,'NA',CRC_2025
CRC_W_2025_gw-pressure-vented_L2_v2-1.pdf,Plots of Jan 2025 sensor data for CRC-W,,2025-01-01,2025-12-31,,CRC_2025
CRC_W_2025_gw-rdo-conc_L2_v2-1.parquet,Year 2025 sensor data for W plot at CRC site,,2025-01-01,2025-12-31,'NA',CRC_2025
CRC_W_2025_gw-rdo-conc_L2_v2-1.pdf,Plots of Jan 2025 sensor data for CRC-W,,2025-01-01,2025-12-31,,CRC_2025
CRC_W_2025_gw-resistivity_L2_v2-1.parquet,Year 2025 sensor data for W plot at CRC site,,2025-01-01,2025-12-31,'NA',CRC_2025
CRC_W_2025_gw-resistivity_L2_v2-1.pdf,Plots of Jan 2025 sensor data for CRC-W,,2025-01-01,2025-12-31,,CRC_2025
CRC_W_2025_gw-salinity_L2_v2-1.parquet,Year 2025 sensor data for W plot at CRC site,,2025-01-01,2025-12-31,'NA',CRC_2025
CRC_W_2025_gw-salinity_L2_v2-1.pdf,Plots of Jan 2025 sensor data for CRC-W,,2025-01-01,2025-12-31,,CRC_2025
CRC_W_2025_gw-spec-cond_L2_v2-1.parquet,Year 2025 sensor data for W plot at CRC site,,2025-01-01,2025-12-31,'NA',CRC_2025
CRC_W_2025_gw-spec-cond_L2_v2-1.pdf,Plots of Jan 2025 sensor data for CRC-W,,2025-01-01,2025-12-31,,CRC_2025
CRC_W_2025_gw-tds_L2_v2-1.parquet,Year 2025 sensor data for W plot at CRC site,,2025-01-01,2025-12-31,'NA',CRC_2025
CRC_W_2025_gw-tds_L2_v2-1.pdf,Plots of Jan 2025 sensor data for CRC-W,,2025-01-01,2025-12-31,,CRC_2025
CRC_W_2025_gw-temperature_L2_v2-1.parquet,Year 2025 sensor data for W plot at CRC site,,2025-01-01,2025-12-31,'NA',CRC_2025
CRC_W_2025_gw-temperature_L2_v2-1.pdf,Plots of Jan 2025 sensor data for CRC-W,,2025-01-01,2025-12-31,,CRC_2025
CRC_W_2025_gw-voltage-ext_L2_v2-1.parquet,Year 2025 sensor data for W plot at CRC site,,2025-01-01,2025-12-31,'NA',CRC_2025
CRC_W_2025_gw-voltage-ext_L2_v2-1.pdf,Plots of Jan 2025 sensor data for CRC-W,,2025-01-01,2025-12-31,,CRC_2025
CRC_W_2025_gw-wl-below-surface_L2_v2-1.parquet,Year 2025 sensor data for W plot at CRC site,,2025-01-01,2025-12-31,'NA',CRC_2025
CRC_W_2025_gw-wl-below-surface_L2_v2-1.pdf,Plots of Jan 2025 sensor data for CRC-W,,2025-01-01,2025-12-31,,CRC_2025
CRC_W_2025_soil-EC-10cm_L2_v2-1.parquet,Year 2025 sensor data for W plot at CRC site,,2025-01-01,2025-12-31,'NA',CRC_2025
CRC_W_2025_soil-EC-10cm_L2_v2-1.pdf,Plots of Jan 2025 sensor data for CRC-W,,2025-01-01,2025-12-31,,CRC_2025
CRC_W_2025_soil-EC-30cm_L2_v2-1.parquet,Year 2025 sensor data for W plot at CRC site,,2025-01-01,2025-12-31,'NA',CRC_2025
CRC_W_2025_soil-EC-30cm_L2_v2-1.pdf,Plots of Jan 2025 sensor data for CRC-W,,2025-01-01,2025-12-31,,CRC_2025
CRC_W_2025_soil-salinity-10cm_L2_v2-1.parquet,Year 2025 sensor data for W plot at CRC site,,2025-01-01,2025-12-31,'NA',CRC_2025
CRC_W_2025_soil-salinity-10cm_L2_v2-1.pdf,Plots of Jan 2025 sensor data for CRC-W,,2025-01-01,2025-12-31,,CRC_2025
CRC_W_2025_soil-salinity-30cm_L2_v2-1.parquet,Year 2025 sensor data for W plot at CRC site,,2025-01-01,2025-12-31,'NA',CRC_2025
CRC_W_2025_soil-salinity-30cm_L2_v2-1.pdf,Plots of Jan 2025 sensor data for CRC-W,,2025-01-01,2025-12-31,,CRC_2025
CRC_W_2025_soil-temp-10cm_L2_v2-1.parquet,Year 2025 sensor data for W plot at CRC site,,2025-01-01,2025-12-31,'NA',CRC_2025
CRC_W_2025_soil-temp-10cm_L2_v2-1.pdf,Plots of Jan 2025 sensor data for CRC-W,,2025-01-01,2025-12-31,,CRC_2025
CRC_W_2025_soil-temp-30cm_L2_v2-1.parquet,Year 2025 sensor data for W plot at CRC site,,2025-01-01,2025-12-31,'NA',CRC_2025
CRC_W_2025_soil-temp-30cm_L2_v2-1.pdf,Plots of Jan 2025 sensor data for CRC-W,,2025-01-01,2025-12-31,,CRC_2025
CRC_W_2025_soil-vwc-10cm_L2_v2-1.parquet,Year 2025 sensor data for W plot at CRC site,,2025-01-01,2025-12-31,'NA',CRC_2025
CRC_W_2025_soil-vwc-10cm_L2_v2-1.pdf,Plots of Jan 2025 sensor data for CRC-W,,2025-01-01,2025-12-31,,CRC_2025
CRC_W_2025_soil-vwc-30cm_L2_v2-1.parquet,Year 2025 sensor data for W plot at CRC site,,2025-01-01,2025-12-31,'NA',CRC_2025
CRC_W_2025_soil-vwc-30cm_L2_v2-1.pdf,Plots of Jan 2025 sensor data for CRC-W,,2025-01-01,2025-12-31,,CRC_2025
CRC_W_2025_solar-voltage_L2_v2-1.parquet,Year 2025 sensor data for W plot at CRC site,,2025-01-01,2025-12-31,'NA',CRC_2025
CRC_W_2025_solar-voltage_L2_v2-1.pdf,Plots of Jan 2025 sensor data for CRC-W,,2025-01-01,2025-12-31,,CRC_2025
CRC_W_2025_wx-barpress15_L2_v2-1.parquet,Year 2025 sensor data for W plot at CRC site,,2025-01-01,2025-12-31,'NA',CRC_2025
CRC_W_2025_wx-barpress15_L2_v2-1.pdf,Plots of Jan 2025 sensor data for CRC-W,,2025-01-01,2025-12-31,,CRC_2025
CRC_W_2025_wx-bpmax15_L2_v2-1.parquet,Year 2025 sensor data for W plot at CRC site,,2025-01-01,2025-12-31,'NA',CRC_2025
CRC_W_2025_wx-bpmax15_L2_v2-1.pdf,Plots of Jan 2025 sensor data for CRC-W,,2025-01-01,2025-12-31,,CRC_2025
CRC_W_2025_wx-bpmin15_L2_v2-1.parquet,Year 2025 sensor data for W plot at CRC site,,2025-01-01,2025-12-31,'NA',CRC_2025
CRC_W_2025_wx-bpmin15_L2_v2-1.pdf,Plots of Jan 2025 sensor data for CRC-W,,2025-01-01,2025-12-31,,CRC_2025
CRC_W_2025_wx-dist-min15_L2_v2-1.parquet,Year 2025 sensor data for W plot at CRC site,,2025-01-01,2025-12-31,'NA',CRC_2025
CRC_W_2025_wx-dist-min15_L2_v2-1.pdf,Plots of Jan 2025 sensor data for CRC-W,,2025-01-01,2025-12-31,,CRC_2025
CRC_W_2025_wx-invalid-wind15_L2_v2-1.parquet,Year 2025 sensor data for W plot at CRC site,,2025-01-01,2025-12-31,'NA',CRC_2025
CRC_W_2025_wx-invalid-wind15_L2_v2-1.pdf,Plots of Jan 2025 sensor data for CRC-W,,2025-01-01,2025-12-31,,CRC_2025
CRC_W_2025_wx-maxws15_L2_v2-1.parquet,Year 2025 sensor data for W plot at CRC site,,2025-01-01,2025-12-31,'NA',CRC_2025
CRC_W_2025_wx-maxws15_L2_v2-1.pdf,Plots of Jan 2025 sensor data for CRC-W,,2025-01-01,2025-12-31,,CRC_2025
CRC_W_2025_wx-maxws24_L2_v2-1.parquet,Year 2025 sensor data for W plot at CRC site,,2025-01-01,2025-12-31,'NA',CRC_2025
CRC_W_2025_wx-maxws24_L2_v2-1.pdf,Plots of Jan 2025 sensor data for CRC-W,,2025-01-01,2025-12-31,,CRC_2025
CRC_W_2025_wx-par-den15_L2_v2-1.parquet,Year 2025 sensor data for W plot at CRC site,,2025-01-01,2025-12-31,'NA',CRC_2025
CRC_W_2025_wx-par-den15_L2_v2-1.pdf,Plots of Jan 2025 sensor data for CRC-W,,2025-01-01,2025-12-31,,CRC_2025
CRC_W_2025_wx-par-den24_L2_v2-1.parquet,Year 2025 sensor data for W plot at CRC site,,2025-01-01,2025-12-31,'NA',CRC_2025
CRC_W_2025_wx-par-den24_L2_v2-1.pdf,Plots of Jan 2025 sensor data for CRC-W,,2025-01-01,2025-12-31,,CRC_2025
CRC_W_2025_wx-par-tot15_L2_v2-1.parquet,Year 2025 sensor data for W plot at CRC site,,2025-01-01,2025-12-31,'NA',CRC_2025
CRC_W_2025_wx-par-tot15_L2_v2-1.pdf,Plots of Jan 2025 sensor data for CRC-W,,2025-01-01,2025-12-31,,CRC_2025
CRC_W_2025_wx-par-tot24_L2_v2-1.parquet,Year 2025 sensor data for W plot at CRC site,,2025-01-01,2025-12-31,'NA',CRC_2025
CRC_W_2025_wx-par-tot24_L2_v2-1.pdf,Plots of Jan 2025 sensor data for CRC-W,,2025-01-01,2025-12-31,,CRC_2025
CRC_W_2025_wx-rain15_L2_v2-1.parquet,Year 2025 sensor data for W plot at CRC site,,2025-01-01,2025-12-31,'NA',CRC_2025
CRC_W_2025_wx-rain15_L2_v2-1.pdf,Plots of Jan 2025 sensor data for CRC-W,,2025-01-01,2025-12-31,,CRC_2025
CRC_W_2025_wx-rain24_L2_v2-1.parquet,Year 2025 sensor data for W plot at CRC site,,2025-01-01,2025-12-31,'NA',CRC_2025
CRC_W_2025_wx-rain24_L2_v2-1.pdf,Plots of Jan 2025 sensor data for CRC-W,,2025-01-01,2025-12-31,,CRC_2025
CRC_W_2025_wx-rh15_L2_v2-1.parquet,Year 2025 sensor data for W plot at CRC site,,2025-01-01,2025-12-31,'NA',CRC_2025
CRC_W_2025_wx-rh15_L2_v2-1.pdf,Plots of Jan 2025 sensor data for CRC-W,,2025-01-01,2025-12-31,,CRC_2025
CRC_W_2025_wx-rh24_L2_v2-1.parquet,Year 2025 sensor data for W plot at CRC site,,2025-01-01,2025-12-31,'NA',CRC_2025
CRC_W_2025_wx-rh24_L2_v2-1.pdf,Plots of Jan 2025 sensor data for CRC-W,,2025-01-01,2025-12-31,,CRC_2025
CRC_W_2025_wx-rht15_L2_v2-1.parquet,Year 2025 sensor data for W plot at CRC site,,2025-01-01,2025-12-31,'NA',CRC_2025
CRC_W_2025_wx-rht15_L2_v2-1.pdf,Plots of Jan 2025 sensor data for CRC-W,,2025-01-01,2025-12-31,,CRC_2025
CRC_W_2025_wx-rht24_L2_v2-1.parquet,Year 2025 sensor data for W plot at CRC site,,2025-01-01,2025-12-31,'NA',CRC_2025
CRC_W_2025_wx-rht24_L2_v2-1.pdf,Plots of Jan 2025 sensor data for CRC-W,,2025-01-01,2025-12-31,,CRC_2025
CRC_W_2025_wx-rhtmax24_L2_v2-1.parquet,Year 2025 sensor data for W plot at CRC site,,2025-01-01,2025-12-31,'NA',CRC_2025
CRC_W_2025_wx-rhtmax24_L2_v2-1.pdf,Plots of Jan 2025 sensor data for CRC-W,,2025-01-01,2025-12-31,,CRC_2025
CRC_W_2025_wx-rhtmin24_L2_v2-1.parquet,Year 2025 sensor data for W plot at CRC site,,2025-01-01,2025-12-31,'NA',CRC_2025
CRC_W_2025_wx-rhtmin24_L2_v2-1.pdf,Plots of Jan 2025 sensor data for CRC-W,,2025-01-01,2025-12-31,,CRC_2025
CRC_W_2025_wx-slr-fd15_L2_v2-1.parquet,Year 2025 sensor data for W plot at CRC site,,2025-01-01,2025-12-31,'NA',CRC_2025
CRC_W_2025_wx-slr-fd15_L2_v2-1.pdf,Plots of Jan 2025 sensor data for CRC-W,,2025-01-01,2025-12-31,,CRC_2025
CRC_W_2025_wx-slr-fd24_L2_v2-1.parquet,Year 2025 sensor data for W plot at CRC site,,2025-01-01,2025-12-31,'NA',CRC_2025
CRC_W_2025_wx-slr-fd24_L2_v2-1.pdf,Plots of Jan 2025 sensor data for CRC-W,,2025-01-01,2025-12-31,,CRC_2025
CRC_W_2025_wx-slr-tf15_L2_v2-1.parquet,Year 2025 sensor data for W plot at CRC site,,2025-01-01,2025-12-31,'NA',CRC_2025
CRC_W_2025_wx-slr-tf15_L2_v2-1.pdf,Plots of Jan 2025 sensor data for CRC-W,,2025-01-01,2025-12-31,,CRC_2025
CRC_W_2025_wx-slr-tf24_L2_v2-1.parquet,Year 2025 sensor data for W plot at CRC site,,2025-01-01,2025-12-31,'NA',CRC_2025
CRC_W_2025_wx-slr-tf24_L2_v2-1.pdf,Plots of Jan 2025 sensor data for CRC-W,,2025-01-01,2025-12-31,,CRC_2025
CRC_W_2025_wx-strikes15_L2_v2-1.parquet,Year 2025 sensor data for W plot at CRC site,,2025-01-01,2025-12-31,'NA',CRC_2025
CRC_W_2025_wx-strikes15_L2_v2-1.pdf,Plots of Jan 2025 sensor data for CRC-W,,2025-01-01,2025-12-31,,CRC_2025
CRC_W_2025_wx-tempavg15_L2_v2-1.parquet,Year 2025 sensor data for W plot at CRC site,,2025-01-01,2025-12-31,'NA',CRC_2025
CRC_W_2025_wx-tempavg15_L2_v2-1.pdf,Plots of Jan 2025 sensor data for CRC-W,,2025-01-01,2025-12-31,,CRC_2025
CRC_W_2025_wx-tempavg24_L2_v2-1.parquet,Year 2025 sensor data for W plot at CRC site,,2025-01-01,2025-12-31,'NA',CRC_2025
CRC_W_2025_wx-tempavg24_L2_v2-1.pdf,Plots of Jan 2025 sensor data for CRC-W,,2025-01-01,2025-12-31,,CRC_2025
CRC_W_2025_wx-tempmax15_L2_v2-1.parquet,Year 2025 sensor data for W plot at CRC site,,2025-01-01,2025-12-31,'NA',CRC_2025
CRC_W_2025_wx-tempmax15_L2_v2-1.pdf,Plots of Jan 2025 sensor data for CRC-W,,2025-01-01,2025-12-31,,CRC_2025
CRC_W_2025_wx-tempmax24_L2_v2-1.parquet,Year 2025 sensor data for W plot at CRC site,,2025-01-01,2025-12-31,'NA',CRC_2025
CRC_W_2025_wx-tempmax24_L2_v2-1.pdf,Plots of Jan 2025 sensor data for CRC-W,,2025-01-01,2025-12-31,,CRC_2025
CRC_W_2025_wx-tempmin15_L2_v2-1.parquet,Year 2025 sensor data for W plot at CRC site,,2025-01-01,2025-12-31,'NA',CRC_2025
CRC_W_2025_wx-tempmin15_L2_v2-1.pdf,Plots of Jan 2025 sensor data for CRC-W,,2025-01-01,2025-12-31,,CRC_2025
CRC_W_2025_wx-tempmin24_L2_v2-1.parquet,Year 2025 sensor data for W plot at CRC site,,2025-01-01,2025-12-31,'NA',CRC_2025
CRC_W_2025_wx-tempmin24_L2_v2-1.pdf,Plots of Jan 2025 sensor data for CRC-W,,2025-01-01,2025-12-31,,CRC_2025
CRC_W_2025_wx-tilt-ns15_L2_v2-1.parquet,Year 2025 sensor data for W plot at CRC site,,2025-01-01,2025-12-31,'NA',CRC_2025
CRC_W_2025_wx-tilt-ns15_L2_v2-1.pdf,Plots of Jan 2025 sensor data for CRC-W,,2025-01-01,2025-12-31,,CRC_2025
CRC_W_2025_wx-tilt-ns24_L2_v2-1.parquet,Year 2025 sensor data for W plot at CRC site,,2025-01-01,2025-12-31,'NA',CRC_2025
CRC_W_2025_wx-tilt-ns24_L2_v2-1.pdf,Plots of Jan 2025 sensor data for CRC-W,,2025-01-01,2025-12-31,,CRC_2025
CRC_W_2025_wx-tilt-we15_L2_v2-1.parquet,Year 2025 sensor data for W plot at CRC site,,2025-01-01,2025-12-31,'NA',CRC_2025
CRC_W_2025_wx-tilt-we15_L2_v2-1.pdf,Plots of Jan 2025 sensor data for CRC-W,,2025-01-01,2025-12-31,,CRC_2025
CRC_W_2025_wx-tilt-we24_L2_v2-1.parquet,Year 2025 sensor data for W plot at CRC site,,2025-01-01,2025-12-31,'NA',CRC_2025
CRC_W_2025_wx-tilt-we24_L2_v2-1.pdf,Plots of Jan 2025 sensor data for CRC-W,,2025-01-01,2025-12-31,,CRC_2025
CRC_W_2025_wx-vappress15_L2_v2-1.parquet,Year 2025 sensor data for W plot at CRC site,,2025-01-01,2025-12-31,'NA',CRC_2025
CRC_W_2025_wx-vappress15_L2_v2-1.pdf,Plots of Jan 2025 sensor data for CRC-W,,2025-01-01,2025-12-31,,CRC_2025
CRC_W_2025_wx-vappress24_L2_v2-1.parquet,Year 2025 sensor data for W plot at CRC site,,2025-01-01,2025-12-31,'NA',CRC_2025
CRC_W_2025_wx-vappress24_L2_v2-1.pdf,Plots of Jan 2025 sensor data for CRC-W,,2025-01-01,2025-12-31,,CRC_2025
CRC_W_2025_wx-winddir-sd115_L2_v2-1.parquet,Year 2025 sensor data for W plot at CRC site,,2025-01-01,2025-12-31,'NA',CRC_2025
CRC_W_2025_wx-winddir-sd115_L2_v2-1.pdf,Plots of Jan 2025 sensor data for CRC-W,,2025-01-01,2025-12-31,,CRC_2025
CRC_W_2025_wx-winddir15_L2_v2-1.parquet,Year 2025 sensor data for W plot at CRC site,,2025-01-01,2025-12-31,'NA',CRC_2025
CRC_W_2025_wx-winddir15_L2_v2-1.pdf,Plots of Jan 2025 sensor data for CRC-W,,2025-01-01,2025-12-31,,CRC_2025
CRC_W_2025_wx-winderrors24_L2_v2-1.parquet,Year 2025 sensor data for W plot at CRC site,,2025-01-01,2025-12-31,'NA',CRC_2025
CRC_W_2025_wx-winderrors24_L2_v2-1.pdf,Plots of Jan 2025 sensor data for CRC-W,,2025-01-01,2025-12-31,,CRC_2025
CRC_W_2025_wx-windspeed15_L2_v2-1.parquet,Year 2025 sensor data for W plot at CRC site,,2025-01-01,2025-12-31,'NA',CRC_2025
CRC_W_2025_wx-windspeed15_L2_v2-1.pdf,Plots of Jan 2025 sensor data for CRC-W,,2025-01-01,2025-12-31,,CRC_2025
DLG_2025_L2_v2-1_metadata.txt,Metadata for all data files in DLG_2025 folder,,,,,DLG_2025
DLG_F1_2025_battery-voltage_L2_v2-1.parquet,Year 2025 sensor data for F1 plot at DLG site,,2025-01-01,2025-12-31,'NA',DLG_2025
DLG_F1_2025_battery-voltage_L2_v2-1.pdf,Plots of Jan 2025 sensor data for DLG-F1,,2025-01-01,2025-12-31,,DLG_2025
DLG_F1_2025_soil-EC-10cm_L2_v2-1.parquet,Year 2025 sensor data for F1 plot at DLG site,,2025-01-01,2025-12-31,'NA',DLG_2025
DLG_F1_2025_soil-EC-10cm_L2_v2-1.pdf,Plots of Jan 2025 sensor data for DLG-F1,,2025-01-01,2025-12-31,,DLG_2025
DLG_F1_2025_soil-EC-30cm_L2_v2-1.parquet,Year 2025 sensor data for F1 plot at DLG site,,2025-01-01,2025-12-31,'NA',DLG_2025
DLG_F1_2025_soil-EC-30cm_L2_v2-1.pdf,Plots of Jan 2025 sensor data for DLG-F1,,2025-01-01,2025-12-31,,DLG_2025
DLG_F1_2025_soil-EC-40cm_L2_v2-1.parquet,Year 2025 sensor data for F1 plot at DLG site,,2025-01-01,2025-12-31,'NA',DLG_2025
DLG_F1_2025_soil-EC-40cm_L2_v2-1.pdf,Plots of Jan 2025 sensor data for DLG-F1,,2025-01-01,2025-12-31,,DLG_2025
DLG_F1_2025_soil-salinity-10cm_L2_v2-1.parquet,Year 2025 sensor data for F1 plot at DLG site,,2025-01-01,2025-12-31,'NA',DLG_2025
DLG_F1_2025_soil-salinity-10cm_L2_v2-1.pdf,Plots of Jan 2025 sensor data for DLG-F1,,2025-01-01,2025-12-31,,DLG_2025
DLG_F1_2025_soil-salinity-30cm_L2_v2-1.parquet,Year 2025 sensor data for F1 plot at DLG site,,2025-01-01,2025-12-31,'NA',DLG_2025
DLG_F1_2025_soil-salinity-30cm_L2_v2-1.pdf,Plots of Jan 2025 sensor data for DLG-F1,,2025-01-01,2025-12-31,,DLG_2025
DLG_F1_2025_soil-salinity-40cm_L2_v2-1.parquet,Year 2025 sensor data for F1 plot at DLG site,,2025-01-01,2025-12-31,'NA',DLG_2025
DLG_F1_2025_soil-salinity-40cm_L2_v2-1.pdf,Plots of Jan 2025 sensor data for DLG-F1,,2025-01-01,2025-12-31,,DLG_2025
DLG_F1_2025_soil-temp-10cm_L2_v2-1.parquet,Year 2025 sensor data for F1 plot at DLG site,,2025-01-01,2025-12-31,'NA',DLG_2025
DLG_F1_2025_soil-temp-10cm_L2_v2-1.pdf,Plots of Jan 2025 sensor data for DLG-F1,,2025-01-01,2025-12-31,,DLG_2025
DLG_F1_2025_soil-temp-30cm_L2_v2-1.parquet,Year 2025 sensor data for F1 plot at DLG site,,2025-01-01,2025-12-31,'NA',DLG_2025
DLG_F1_2025_soil-temp-30cm_L2_v2-1.pdf,Plots of Jan 2025 sensor data for DLG-F1,,2025-01-01,2025-12-31,,DLG_2025
DLG_F1_2025_soil-temp-40cm_L2_v2-1.parquet,Year 2025 sensor data for F1 plot at DLG site,,2025-01-01,2025-12-31,'NA',DLG_2025
DLG_F1_2025_soil-temp-40cm_L2_v2-1.pdf,Plots of Jan 2025 sensor data for DLG-F1,,2025-01-01,2025-12-31,,DLG_2025
DLG_F1_2025_soil-vwc-10cm_L2_v2-1.parquet,Year 2025 sensor data for F1 plot at DLG site,,2025-01-01,2025-12-31,'NA',DLG_2025
DLG_F1_2025_soil-vwc-10cm_L2_v2-1.pdf,Plots of Jan 2025 sensor data for DLG-F1,,2025-01-01,2025-12-31,,DLG_2025
DLG_F1_2025_soil-vwc-30cm_L2_v2-1.parquet,Year 2025 sensor data for F1 plot at DLG site,,2025-01-01,2025-12-31,'NA',DLG_2025
DLG_F1_2025_soil-vwc-30cm_L2_v2-1.pdf,Plots of Jan 2025 sensor data for DLG-F1,,2025-01-01,2025-12-31,,DLG_2025
DLG_F1_2025_soil-vwc-40cm_L2_v2-1.parquet,Year 2025 sensor data for F1 plot at DLG site,,2025-01-01,2025-12-31,'NA',DLG_2025
DLG_F1_2025_soil-vwc-40cm_L2_v2-1.pdf,Plots of Jan 2025 sensor data for DLG-F1,,2025-01-01,2025-12-31,,DLG_2025
DLG_F2_2025_soil-EC-10cm_L2_v2-1.parquet,Year 2025 sensor data for F2 plot at DLG site,,2025-01-01,2025-12-31,'NA',DLG_2025
DLG_F2_2025_soil-EC-10cm_L2_v2-1.pdf,Plots of Jan 2025 sensor data for DLG-F2,,2025-01-01,2025-12-31,,DLG_2025
DLG_F2_2025_soil-EC-30cm_L2_v2-1.parquet,Year 2025 sensor data for F2 plot at DLG site,,2025-01-01,2025-12-31,'NA',DLG_2025
DLG_F2_2025_soil-EC-30cm_L2_v2-1.pdf,Plots of Jan 2025 sensor data for DLG-F2,,2025-01-01,2025-12-31,,DLG_2025
DLG_F2_2025_soil-EC-40cm_L2_v2-1.parquet,Year 2025 sensor data for F2 plot at DLG site,,2025-01-01,2025-12-31,'NA',DLG_2025
DLG_F2_2025_soil-EC-40cm_L2_v2-1.pdf,Plots of Jan 2025 sensor data for DLG-F2,,2025-01-01,2025-12-31,,DLG_2025
DLG_F2_2025_soil-salinity-10cm_L2_v2-1.parquet,Year 2025 sensor data for F2 plot at DLG site,,2025-01-01,2025-12-31,'NA',DLG_2025
DLG_F2_2025_soil-salinity-10cm_L2_v2-1.pdf,Plots of Jan 2025 sensor data for DLG-F2,,2025-01-01,2025-12-31,,DLG_2025
DLG_F2_2025_soil-salinity-30cm_L2_v2-1.parquet,Year 2025 sensor data for F2 plot at DLG site,,2025-01-01,2025-12-31,'NA',DLG_2025
DLG_F2_2025_soil-salinity-30cm_L2_v2-1.pdf,Plots of Jan 2025 sensor data for DLG-F2,,2025-01-01,2025-12-31,,DLG_2025
DLG_F2_2025_soil-salinity-40cm_L2_v2-1.parquet,Year 2025 sensor data for F2 plot at DLG site,,2025-01-01,2025-12-31,'NA',DLG_2025
DLG_F2_2025_soil-salinity-40cm_L2_v2-1.pdf,Plots of Jan 2025 sensor data for DLG-F2,,2025-01-01,2025-12-31,,DLG_2025
DLG_F2_2025_soil-temp-10cm_L2_v2-1.parquet,Year 2025 sensor data for F2 plot at DLG site,,2025-01-01,2025-12-31,'NA',DLG_2025
DLG_F2_2025_soil-temp-10cm_L2_v2-1.pdf,Plots of Jan 2025 sensor data for DLG-F2,,2025-01-01,2025-12-31,,DLG_2025
DLG_F2_2025_soil-temp-30cm_L2_v2-1.parquet,Year 2025 sensor data for F2 plot at DLG site,,2025-01-01,2025-12-31,'NA',DLG_2025
DLG_F2_2025_soil-temp-30cm_L2_v2-1.pdf,Plots of Jan 2025 sensor data for DLG-F2,,2025-01-01,2025-12-31,,DLG_2025
DLG_F2_2025_soil-temp-40cm_L2_v2-1.parquet,Year 2025 sensor data for F2 plot at DLG site,,2025-01-01,2025-12-31,'NA',DLG_2025
DLG_F2_2025_soil-temp-40cm_L2_v2-1.pdf,Plots of Jan 2025 sensor data for DLG-F2,,2025-01-01,2025-12-31,,DLG_2025
DLG_F2_2025_soil-vwc-10cm_L2_v2-1.parquet,Year 2025 sensor data for F2 plot at DLG site,,2025-01-01,2025-12-31,'NA',DLG_2025
DLG_F2_2025_soil-vwc-10cm_L2_v2-1.pdf,Plots of Jan 2025 sensor data for DLG-F2,,2025-01-01,2025-12-31,,DLG_2025
DLG_F2_2025_soil-vwc-30cm_L2_v2-1.parquet,Year 2025 sensor data for F2 plot at DLG site,,2025-01-01,2025-12-31,'NA',DLG_2025
DLG_F2_2025_soil-vwc-30cm_L2_v2-1.pdf,Plots of Jan 2025 sensor data for DLG-F2,,2025-01-01,2025-12-31,,DLG_2025
DLG_F2_2025_soil-vwc-40cm_L2_v2-1.parquet,Year 2025 sensor data for F2 plot at DLG site,,2025-01-01,2025-12-31,'NA',DLG_2025
DLG_F2_2025_soil-vwc-40cm_L2_v2-1.pdf,Plots of Jan 2025 sensor data for DLG-F2,,2025-01-01,2025-12-31,,DLG_2025
DLG_F3_2025_soil-EC-10cm_L2_v2-1.parquet,Year 2025 sensor data for F3 plot at DLG site,,2025-01-01,2025-12-31,'NA',DLG_2025
DLG_F3_2025_soil-EC-10cm_L2_v2-1.pdf,Plots of Jan 2025 sensor data for DLG-F3,,2025-01-01,2025-12-31,,DLG_2025
DLG_F3_2025_soil-EC-30cm_L2_v2-1.parquet,Year 2025 sensor data for F3 plot at DLG site,,2025-01-01,2025-12-31,'NA',DLG_2025
DLG_F3_2025_soil-EC-30cm_L2_v2-1.pdf,Plots of Jan 2025 sensor data for DLG-F3,,2025-01-01,2025-12-31,,DLG_2025
DLG_F3_2025_soil-EC-40cm_L2_v2-1.parquet,Year 2025 sensor data for F3 plot at DLG site,,2025-01-01,2025-12-31,'NA',DLG_2025
DLG_F3_2025_soil-EC-40cm_L2_v2-1.pdf,Plots of Jan 2025 sensor data for DLG-F3,,2025-01-01,2025-12-31,,DLG_2025
DLG_F3_2025_soil-salinity-10cm_L2_v2-1.parquet,Year 2025 sensor data for F3 plot at DLG site,,2025-01-01,2025-12-31,'NA',DLG_2025
DLG_F3_2025_soil-salinity-10cm_L2_v2-1.pdf,Plots of Jan 2025 sensor data for DLG-F3,,2025-01-01,2025-12-31,,DLG_2025
DLG_F3_2025_soil-salinity-30cm_L2_v2-1.parquet,Year 2025 sensor data for F3 plot at DLG site,,2025-01-01,2025-12-31,'NA',DLG_2025
DLG_F3_2025_soil-salinity-30cm_L2_v2-1.pdf,Plots of Jan 2025 sensor data for DLG-F3,,2025-01-01,2025-12-31,,DLG_2025
DLG_F3_2025_soil-salinity-40cm_L2_v2-1.parquet,Year 2025 sensor data for F3 plot at DLG site,,2025-01-01,2025-12-31,'NA',DLG_2025
DLG_F3_2025_soil-salinity-40cm_L2_v2-1.pdf,Plots of Jan 2025 sensor data for DLG-F3,,2025-01-01,2025-12-31,,DLG_2025
DLG_F3_2025_soil-temp-10cm_L2_v2-1.parquet,Year 2025 sensor data for F3 plot at DLG site,,2025-01-01,2025-12-31,'NA',DLG_2025
DLG_F3_2025_soil-temp-10cm_L2_v2-1.pdf,Plots of Jan 2025 sensor data for DLG-F3,,2025-01-01,2025-12-31,,DLG_2025
DLG_F3_2025_soil-temp-30cm_L2_v2-1.parquet,Year 2025 sensor data for F3 plot at DLG site,,2025-01-01,2025-12-31,'NA',DLG_2025
DLG_F3_2025_soil-temp-30cm_L2_v2-1.pdf,Plots of Jan 2025 sensor data for DLG-F3,,2025-01-01,2025-12-31,,DLG_2025
DLG_F3_2025_soil-temp-40cm_L2_v2-1.parquet,Year 2025 sensor data for F3 plot at DLG site,,2025-01-01,2025-12-31,'NA',DLG_2025
DLG_F3_2025_soil-temp-40cm_L2_v2-1.pdf,Plots of Jan 2025 sensor data for DLG-F3,,2025-01-01,2025-12-31,,DLG_2025
DLG_F3_2025_soil-vwc-10cm_L2_v2-1.parquet,Year 2025 sensor data for F3 plot at DLG site,,2025-01-01,2025-12-31,'NA',DLG_2025
DLG_F3_2025_soil-vwc-10cm_L2_v2-1.pdf,Plots of Jan 2025 sensor data for DLG-F3,,2025-01-01,2025-12-31,,DLG_2025
DLG_F3_2025_soil-vwc-30cm_L2_v2-1.parquet,Year 2025 sensor data for F3 plot at DLG site,,2025-01-01,2025-12-31,'NA',DLG_2025
DLG_F3_2025_soil-vwc-30cm_L2_v2-1.pdf,Plots of Jan 2025 sensor data for DLG-F3,,2025-01-01,2025-12-31,,DLG_2025
DLG_F3_2025_soil-vwc-40cm_L2_v2-1.parquet,Year 2025 sensor data for F3 plot at DLG site,,2025-01-01,2025-12-31,'NA',DLG_2025
DLG_F3_2025_soil-vwc-40cm_L2_v2-1.pdf,Plots of Jan 2025 sensor data for DLG-F3,,2025-01-01,2025-12-31,,DLG_2025
DLG_R1_2025_soil-EC-10cm_L2_v2-1.parquet,Year 2025 sensor data for R1 plot at DLG site,,2025-01-01,2025-12-31,'NA',DLG_2025
DLG_R1_2025_soil-EC-10cm_L2_v2-1.pdf,Plots of Jan 2025 sensor data for DLG-R1,,2025-01-01,2025-12-31,,DLG_2025
DLG_R1_2025_soil-EC-30cm_L2_v2-1.parquet,Year 2025 sensor data for R1 plot at DLG site,,2025-01-01,2025-12-31,'NA',DLG_2025
DLG_R1_2025_soil-EC-30cm_L2_v2-1.pdf,Plots of Jan 2025 sensor data for DLG-R1,,2025-01-01,2025-12-31,,DLG_2025
DLG_R1_2025_soil-EC-40cm_L2_v2-1.parquet,Year 2025 sensor data for R1 plot at DLG site,,2025-01-01,2025-12-31,'NA',DLG_2025
DLG_R1_2025_soil-EC-40cm_L2_v2-1.pdf,Plots of Jan 2025 sensor data for DLG-R1,,2025-01-01,2025-12-31,,DLG_2025
DLG_R1_2025_soil-salinity-10cm_L2_v2-1.parquet,Year 2025 sensor data for R1 plot at DLG site,,2025-01-01,2025-12-31,'NA',DLG_2025
DLG_R1_2025_soil-salinity-10cm_L2_v2-1.pdf,Plots of Jan 2025 sensor data for DLG-R1,,2025-01-01,2025-12-31,,DLG_2025
DLG_R1_2025_soil-salinity-30cm_L2_v2-1.parquet,Year 2025 sensor data for R1 plot at DLG site,,2025-01-01,2025-12-31,'NA',DLG_2025
DLG_R1_2025_soil-salinity-30cm_L2_v2-1.pdf,Plots of Jan 2025 sensor data for DLG-R1,,2025-01-01,2025-12-31,,DLG_2025
DLG_R1_2025_soil-salinity-40cm_L2_v2-1.parquet,Year 2025 sensor data for R1 plot at DLG site,,2025-01-01,2025-12-31,'NA',DLG_2025
DLG_R1_2025_soil-salinity-40cm_L2_v2-1.pdf,Plots of Jan 2025 sensor data for DLG-R1,,2025-01-01,2025-12-31,,DLG_2025
DLG_R1_2025_soil-temp-10cm_L2_v2-1.parquet,Year 2025 sensor data for R1 plot at DLG site,,2025-01-01,2025-12-31,'NA',DLG_2025
DLG_R1_2025_soil-temp-10cm_L2_v2-1.pdf,Plots of Jan 2025 sensor data for DLG-R1,,2025-01-01,2025-12-31,,DLG_2025
DLG_R1_2025_soil-temp-30cm_L2_v2-1.parquet,Year 2025 sensor data for R1 plot at DLG site,,2025-01-01,2025-12-31,'NA',DLG_2025
DLG_R1_2025_soil-temp-30cm_L2_v2-1.pdf,Plots of Jan 2025 sensor data for DLG-R1,,2025-01-01,2025-12-31,,DLG_2025
DLG_R1_2025_soil-temp-40cm_L2_v2-1.parquet,Year 2025 sensor data for R1 plot at DLG site,,2025-01-01,2025-12-31,'NA',DLG_2025
DLG_R1_2025_soil-temp-40cm_L2_v2-1.pdf,Plots of Jan 2025 sensor data for DLG-R1,,2025-01-01,2025-12-31,,DLG_2025
DLG_R1_2025_soil-vwc-10cm_L2_v2-1.parquet,Year 2025 sensor data for R1 plot at DLG site,,2025-01-01,2025-12-31,'NA',DLG_2025
DLG_R1_2025_soil-vwc-10cm_L2_v2-1.pdf,Plots of Jan 2025 sensor data for DLG-R1,,2025-01-01,2025-12-31,,DLG_2025
DLG_R1_2025_soil-vwc-30cm_L2_v2-1.parquet,Year 2025 sensor data for R1 plot at DLG site,,2025-01-01,2025-12-31,'NA',DLG_2025
DLG_R1_2025_soil-vwc-30cm_L2_v2-1.pdf,Plots of Jan 2025 sensor data for DLG-R1,,2025-01-01,2025-12-31,,DLG_2025
DLG_R1_2025_soil-vwc-40cm_L2_v2-1.parquet,Year 2025 sensor data for R1 plot at DLG site,,2025-01-01,2025-12-31,'NA',DLG_2025
DLG_R1_2025_soil-vwc-40cm_L2_v2-1.pdf,Plots of Jan 2025 sensor data for DLG-R1,,2025-01-01,2025-12-31,,DLG_2025
DLG_R2_2025_soil-EC-10cm_L2_v2-1.parquet,Year 2025 sensor data for R2 plot at DLG site,,2025-01-01,2025-12-31,'NA',DLG_2025
DLG_R2_2025_soil-EC-10cm_L2_v2-1.pdf,Plots of Jan 2025 sensor data for DLG-R2,,2025-01-01,2025-12-31,,DLG_2025
DLG_R2_2025_soil-EC-30cm_L2_v2-1.parquet,Year 2025 sensor data for R2 plot at DLG site,,2025-01-01,2025-12-31,'NA',DLG_2025
DLG_R2_2025_soil-EC-30cm_L2_v2-1.pdf,Plots of Jan 2025 sensor data for DLG-R2,,2025-01-01,2025-12-31,,DLG_2025
DLG_R2_2025_soil-EC-40cm_L2_v2-1.parquet,Year 2025 sensor data for R2 plot at DLG site,,2025-01-01,2025-12-31,'NA',DLG_2025
DLG_R2_2025_soil-EC-40cm_L2_v2-1.pdf,Plots of Jan 2025 sensor data for DLG-R2,,2025-01-01,2025-12-31,,DLG_2025
DLG_R2_2025_soil-salinity-10cm_L2_v2-1.parquet,Year 2025 sensor data for R2 plot at DLG site,,2025-01-01,2025-12-31,'NA',DLG_2025
DLG_R2_2025_soil-salinity-10cm_L2_v2-1.pdf,Plots of Jan 2025 sensor data for DLG-R2,,2025-01-01,2025-12-31,,DLG_2025
DLG_R2_2025_soil-salinity-30cm_L2_v2-1.parquet,Year 2025 sensor data for R2 plot at DLG site,,2025-01-01,2025-12-31,'NA',DLG_2025
DLG_R2_2025_soil-salinity-30cm_L2_v2-1.pdf,Plots of Jan 2025 sensor data for DLG-R2,,2025-01-01,2025-12-31,,DLG_2025
DLG_R2_2025_soil-salinity-40cm_L2_v2-1.parquet,Year 2025 sensor data for R2 plot at DLG site,,2025-01-01,2025-12-31,'NA',DLG_2025
DLG_R2_2025_soil-salinity-40cm_L2_v2-1.pdf,Plots of Jan 2025 sensor data for DLG-R2,,2025-01-01,2025-12-31,,DLG_2025
DLG_R2_2025_soil-temp-10cm_L2_v2-1.parquet,Year 2025 sensor data for R2 plot at DLG site,,2025-01-01,2025-12-31,'NA',DLG_2025
DLG_R2_2025_soil-temp-10cm_L2_v2-1.pdf,Plots of Jan 2025 sensor data for DLG-R2,,2025-01-01,2025-12-31,,DLG_2025
DLG_R2_2025_soil-temp-30cm_L2_v2-1.parquet,Year 2025 sensor data for R2 plot at DLG site,,2025-01-01,2025-12-31,'NA',DLG_2025
DLG_R2_2025_soil-temp-30cm_L2_v2-1.pdf,Plots of Jan 2025 sensor data for DLG-R2,,2025-01-01,2025-12-31,,DLG_2025
DLG_R2_2025_soil-temp-40cm_L2_v2-1.parquet,Year 2025 sensor data for R2 plot at DLG site,,2025-01-01,2025-12-31,'NA',DLG_2025
DLG_R2_2025_soil-temp-40cm_L2_v2-1.pdf,Plots of Jan 2025 sensor data for DLG-R2,,2025-01-01,2025-12-31,,DLG_2025
DLG_R2_2025_soil-vwc-10cm_L2_v2-1.parquet,Year 2025 sensor data for R2 plot at DLG site,,2025-01-01,2025-12-31,'NA',DLG_2025
DLG_R2_2025_soil-vwc-10cm_L2_v2-1.pdf,Plots of Jan 2025 sensor data for DLG-R2,,2025-01-01,2025-12-31,,DLG_2025
DLG_R2_2025_soil-vwc-30cm_L2_v2-1.parquet,Year 2025 sensor data for R2 plot at DLG site,,2025-01-01,2025-12-31,'NA',DLG_2025
DLG_R2_2025_soil-vwc-30cm_L2_v2-1.pdf,Plots of Jan 2025 sensor data for DLG-R2,,2025-01-01,2025-12-31,,DLG_2025
DLG_R2_2025_soil-vwc-40cm_L2_v2-1.parquet,Year 2025 sensor data for R2 plot at DLG site,,2025-01-01,2025-12-31,'NA',DLG_2025
DLG_R2_2025_soil-vwc-40cm_L2_v2-1.pdf,Plots of Jan 2025 sensor data for DLG-R2,,2025-01-01,2025-12-31,,DLG_2025
GCW_2019_L2_v2-1_metadata.txt,Metadata for all data files in GCW_2019 folder,,,,,GCW_2019
GCW_UP_2019_sapflow-3.5cm_L2_v2-1.parquet,Year 2019 sensor data for UP plot at GCW site,,2019-01-01,2019-12-31,'NA',GCW_2019
GCW_UP_2019_sapflow-3.5cm_L2_v2-1.pdf,Plots of Jan 2019 sensor data for GCW-UP,,2019-01-01,2019-12-31,,GCW_2019
GCW_UP_2019_sapflow-5cm_L2_v2-1.parquet,Year 2019 sensor data for UP plot at GCW site,,2019-01-01,2019-12-31,'NA',GCW_2019
GCW_UP_2019_sapflow-5cm_L2_v2-1.pdf,Plots of Jan 2019 sensor data for GCW-UP,,2019-01-01,2019-12-31,,GCW_2019
GCW_2020_L2_v2-1_metadata.txt,Metadata for all data files in GCW_2020 folder,,,,,GCW_2020
GCW_UP_2020_gw-act-cond_L2_v2-1.parquet,Year 2020 sensor data for UP plot at GCW site,,2020-01-01,2020-12-31,'NA',GCW_2020
GCW_UP_2020_gw-act-cond_L2_v2-1.pdf,Plots of Jan 2020 sensor data for GCW-UP,,2020-01-01,2020-12-31,,GCW_2020
GCW_UP_2020_gw-bar-pressure_L2_v2-1.parquet,Year 2020 sensor data for UP plot at GCW site,,2020-01-01,2020-12-31,'NA',GCW_2020
GCW_UP_2020_gw-bar-pressure_L2_v2-1.pdf,Plots of Jan 2020 sensor data for GCW-UP,,2020-01-01,2020-12-31,,GCW_2020
GCW_UP_2020_gw-density_L2_v2-1.parquet,Year 2020 sensor data for UP plot at GCW site,,2020-01-01,2020-12-31,'NA',GCW_2020
GCW_UP_2020_gw-density_L2_v2-1.pdf,Plots of Jan 2020 sensor data for GCW-UP,,2020-01-01,2020-12-31,,GCW_2020
GCW_UP_2020_gw-depth_L2_v2-1.parquet,Year 2020 sensor data for UP plot at GCW site,,2020-01-01,2020-12-31,'NA',GCW_2020
GCW_UP_2020_gw-depth_L2_v2-1.pdf,Plots of Jan 2020 sensor data for GCW-UP,,2020-01-01,2020-12-31,,GCW_2020
GCW_UP_2020_gw-part-pressure_L2_v2-1.parquet,Year 2020 sensor data for UP plot at GCW site,,2020-01-01,2020-12-31,'NA',GCW_2020
GCW_UP_2020_gw-part-pressure_L2_v2-1.pdf,Plots of Jan 2020 sensor data for GCW-UP,,2020-01-01,2020-12-31,,GCW_2020
GCW_UP_2020_gw-perc-sat_L2_v2-1.parquet,Year 2020 sensor data for UP plot at GCW site,,2020-01-01,2020-12-31,'NA',GCW_2020
GCW_UP_2020_gw-perc-sat_L2_v2-1.pdf,Plots of Jan 2020 sensor data for GCW-UP,,2020-01-01,2020-12-31,,GCW_2020
GCW_UP_2020_gw-ph_L2_v2-1.parquet,Year 2020 sensor data for UP plot at GCW site,,2020-01-01,2020-12-31,'NA',GCW_2020
GCW_UP_2020_gw-ph_L2_v2-1.pdf,Plots of Jan 2020 sensor data for GCW-UP,,2020-01-01,2020-12-31,,GCW_2020
GCW_UP_2020_gw-ph-mv_L2_v2-1.parquet,Year 2020 sensor data for UP plot at GCW site,,2020-01-01,2020-12-31,'NA',GCW_2020
GCW_UP_2020_gw-ph-mv_L2_v2-1.pdf,Plots of Jan 2020 sensor data for GCW-UP,,2020-01-01,2020-12-31,,GCW_2020
GCW_UP_2020_gw-ph-orp_L2_v2-1.parquet,Year 2020 sensor data for UP plot at GCW site,,2020-01-01,2020-12-31,'NA',GCW_2020
GCW_UP_2020_gw-ph-orp_L2_v2-1.pdf,Plots of Jan 2020 sensor data for GCW-UP,,2020-01-01,2020-12-31,,GCW_2020
GCW_UP_2020_gw-pressure-unvented_L2_v2-1.parquet,Year 2020 sensor data for UP plot at GCW site,,2020-01-01,2020-12-31,'NA',GCW_2020
GCW_UP_2020_gw-pressure-unvented_L2_v2-1.pdf,Plots of Jan 2020 sensor data for GCW-UP,,2020-01-01,2020-12-31,,GCW_2020
GCW_UP_2020_gw-rdo-conc_L2_v2-1.parquet,Year 2020 sensor data for UP plot at GCW site,,2020-01-01,2020-12-31,'NA',GCW_2020
GCW_UP_2020_gw-rdo-conc_L2_v2-1.pdf,Plots of Jan 2020 sensor data for GCW-UP,,2020-01-01,2020-12-31,,GCW_2020
GCW_UP_2020_gw-resistivity_L2_v2-1.parquet,Year 2020 sensor data for UP plot at GCW site,,2020-01-01,2020-12-31,'NA',GCW_2020
GCW_UP_2020_gw-resistivity_L2_v2-1.pdf,Plots of Jan 2020 sensor data for GCW-UP,,2020-01-01,2020-12-31,,GCW_2020
GCW_UP_2020_gw-salinity_L2_v2-1.parquet,Year 2020 sensor data for UP plot at GCW site,,2020-01-01,2020-12-31,'NA',GCW_2020
GCW_UP_2020_gw-salinity_L2_v2-1.pdf,Plots of Jan 2020 sensor data for GCW-UP,,2020-01-01,2020-12-31,,GCW_2020
GCW_UP_2020_gw-spec-cond_L2_v2-1.parquet,Year 2020 sensor data for UP plot at GCW site,,2020-01-01,2020-12-31,'NA',GCW_2020
GCW_UP_2020_gw-spec-cond_L2_v2-1.pdf,Plots of Jan 2020 sensor data for GCW-UP,,2020-01-01,2020-12-31,,GCW_2020
GCW_UP_2020_gw-tds_L2_v2-1.parquet,Year 2020 sensor data for UP plot at GCW site,,2020-01-01,2020-12-31,'NA',GCW_2020
GCW_UP_2020_gw-tds_L2_v2-1.pdf,Plots of Jan 2020 sensor data for GCW-UP,,2020-01-01,2020-12-31,,GCW_2020
GCW_UP_2020_gw-temperature_L2_v2-1.parquet,Year 2020 sensor data for UP plot at GCW site,,2020-01-01,2020-12-31,'NA',GCW_2020
GCW_UP_2020_gw-temperature_L2_v2-1.pdf,Plots of Jan 2020 sensor data for GCW-UP,,2020-01-01,2020-12-31,,GCW_2020
GCW_UP_2020_gw-temperature-int_L2_v2-1.parquet,Year 2020 sensor data for UP plot at GCW site,,2020-01-01,2020-12-31,'NA',GCW_2020
GCW_UP_2020_gw-temperature-int_L2_v2-1.pdf,Plots of Jan 2020 sensor data for GCW-UP,,2020-01-01,2020-12-31,,GCW_2020
GCW_UP_2020_gw-voltage-ext_L2_v2-1.parquet,Year 2020 sensor data for UP plot at GCW site,,2020-01-01,2020-12-31,'NA',GCW_2020
GCW_UP_2020_gw-voltage-ext_L2_v2-1.pdf,Plots of Jan 2020 sensor data for GCW-UP,,2020-01-01,2020-12-31,,GCW_2020
GCW_UP_2020_sapflow-3.5cm_L2_v2-1.parquet,Year 2020 sensor data for UP plot at GCW site,,2020-01-01,2020-12-31,'NA',GCW_2020
GCW_UP_2020_sapflow-3.5cm_L2_v2-1.pdf,Plots of Jan 2020 sensor data for GCW-UP,,2020-01-01,2020-12-31,,GCW_2020
GCW_UP_2020_sapflow-5cm_L2_v2-1.parquet,Year 2020 sensor data for UP plot at GCW site,,2020-01-01,2020-12-31,'NA',GCW_2020
GCW_UP_2020_sapflow-5cm_L2_v2-1.pdf,Plots of Jan 2020 sensor data for GCW-UP,,2020-01-01,2020-12-31,,GCW_2020
GCW_UP_2020_soil-EC-15cm_L2_v2-1.parquet,Year 2020 sensor data for UP plot at GCW site,,2020-01-01,2020-12-31,'NA',GCW_2020
GCW_UP_2020_soil-EC-15cm_L2_v2-1.pdf,Plots of Jan 2020 sensor data for GCW-UP,,2020-01-01,2020-12-31,,GCW_2020
GCW_UP_2020_soil-EC-30cm_L2_v2-1.parquet,Year 2020 sensor data for UP plot at GCW site,,2020-01-01,2020-12-31,'NA',GCW_2020
GCW_UP_2020_soil-EC-30cm_L2_v2-1.pdf,Plots of Jan 2020 sensor data for GCW-UP,,2020-01-01,2020-12-31,,GCW_2020
GCW_UP_2020_soil-EC-5cm_L2_v2-1.parquet,Year 2020 sensor data for UP plot at GCW site,,2020-01-01,2020-12-31,'NA',GCW_2020
GCW_UP_2020_soil-EC-5cm_L2_v2-1.pdf,Plots of Jan 2020 sensor data for GCW-UP,,2020-01-01,2020-12-31,,GCW_2020
GCW_UP_2020_soil-salinity-15cm_L2_v2-1.parquet,Year 2020 sensor data for UP plot at GCW site,,2020-01-01,2020-12-31,'NA',GCW_2020
GCW_UP_2020_soil-salinity-15cm_L2_v2-1.pdf,Plots of Jan 2020 sensor data for GCW-UP,,2020-01-01,2020-12-31,,GCW_2020
GCW_UP_2020_soil-salinity-30cm_L2_v2-1.parquet,Year 2020 sensor data for UP plot at GCW site,,2020-01-01,2020-12-31,'NA',GCW_2020
GCW_UP_2020_soil-salinity-30cm_L2_v2-1.pdf,Plots of Jan 2020 sensor data for GCW-UP,,2020-01-01,2020-12-31,,GCW_2020
GCW_UP_2020_soil-salinity-5cm_L2_v2-1.parquet,Year 2020 sensor data for UP plot at GCW site,,2020-01-01,2020-12-31,'NA',GCW_2020
GCW_UP_2020_soil-salinity-5cm_L2_v2-1.pdf,Plots of Jan 2020 sensor data for GCW-UP,,2020-01-01,2020-12-31,,GCW_2020
GCW_UP_2020_soil-temp-15cm_L2_v2-1.parquet,Year 2020 sensor data for UP plot at GCW site,,2020-01-01,2020-12-31,'NA',GCW_2020
GCW_UP_2020_soil-temp-15cm_L2_v2-1.pdf,Plots of Jan 2020 sensor data for GCW-UP,,2020-01-01,2020-12-31,,GCW_2020
GCW_UP_2020_soil-temp-30cm_L2_v2-1.parquet,Year 2020 sensor data for UP plot at GCW site,,2020-01-01,2020-12-31,'NA',GCW_2020
GCW_UP_2020_soil-temp-30cm_L2_v2-1.pdf,Plots of Jan 2020 sensor data for GCW-UP,,2020-01-01,2020-12-31,,GCW_2020
GCW_UP_2020_soil-temp-5cm_L2_v2-1.parquet,Year 2020 sensor data for UP plot at GCW site,,2020-01-01,2020-12-31,'NA',GCW_2020
GCW_UP_2020_soil-temp-5cm_L2_v2-1.pdf,Plots of Jan 2020 sensor data for GCW-UP,,2020-01-01,2020-12-31,,GCW_2020
GCW_UP_2020_soil-vwc-15cm_L2_v2-1.parquet,Year 2020 sensor data for UP plot at GCW site,,2020-01-01,2020-12-31,'NA',GCW_2020
GCW_UP_2020_soil-vwc-15cm_L2_v2-1.pdf,Plots of Jan 2020 sensor data for GCW-UP,,2020-01-01,2020-12-31,,GCW_2020
GCW_UP_2020_soil-vwc-30cm_L2_v2-1.parquet,Year 2020 sensor data for UP plot at GCW site,,2020-01-01,2020-12-31,'NA',GCW_2020
GCW_UP_2020_soil-vwc-30cm_L2_v2-1.pdf,Plots of Jan 2020 sensor data for GCW-UP,,2020-01-01,2020-12-31,,GCW_2020
GCW_UP_2020_soil-vwc-5cm_L2_v2-1.parquet,Year 2020 sensor data for UP plot at GCW site,,2020-01-01,2020-12-31,'NA',GCW_2020
GCW_UP_2020_soil-vwc-5cm_L2_v2-1.pdf,Plots of Jan 2020 sensor data for GCW-UP,,2020-01-01,2020-12-31,,GCW_2020
GCW_2021_L2_v2-1_metadata.txt,Metadata for all data files in GCW_2021 folder,,,,,GCW_2021
GCW_UP_2021_gw-act-cond_L2_v2-1.parquet,Year 2021 sensor data for UP plot at GCW site,,2021-01-01,2021-12-31,'NA',GCW_2021
GCW_UP_2021_gw-act-cond_L2_v2-1.pdf,Plots of Jan 2021 sensor data for GCW-UP,,2021-01-01,2021-12-31,,GCW_2021
GCW_UP_2021_gw-bar-pressure_L2_v2-1.parquet,Year 2021 sensor data for UP plot at GCW site,,2021-01-01,2021-12-31,'NA',GCW_2021
GCW_UP_2021_gw-bar-pressure_L2_v2-1.pdf,Plots of Jan 2021 sensor data for GCW-UP,,2021-01-01,2021-12-31,,GCW_2021
GCW_UP_2021_gw-density_L2_v2-1.parquet,Year 2021 sensor data for UP plot at GCW site,,2021-01-01,2021-12-31,'NA',GCW_2021
GCW_UP_2021_gw-density_L2_v2-1.pdf,Plots of Jan 2021 sensor data for GCW-UP,,2021-01-01,2021-12-31,,GCW_2021
GCW_UP_2021_gw-depth_L2_v2-1.parquet,Year 2021 sensor data for UP plot at GCW site,,2021-01-01,2021-12-31,'NA',GCW_2021
GCW_UP_2021_gw-depth_L2_v2-1.pdf,Plots of Jan 2021 sensor data for GCW-UP,,2021-01-01,2021-12-31,,GCW_2021
GCW_UP_2021_gw-part-pressure_L2_v2-1.parquet,Year 2021 sensor data for UP plot at GCW site,,2021-01-01,2021-12-31,'NA',GCW_2021
GCW_UP_2021_gw-part-pressure_L2_v2-1.pdf,Plots of Jan 2021 sensor data for GCW-UP,,2021-01-01,2021-12-31,,GCW_2021
GCW_UP_2021_gw-perc-sat_L2_v2-1.parquet,Year 2021 sensor data for UP plot at GCW site,,2021-01-01,2021-12-31,'NA',GCW_2021
GCW_UP_2021_gw-perc-sat_L2_v2-1.pdf,Plots of Jan 2021 sensor data for GCW-UP,,2021-01-01,2021-12-31,,GCW_2021
GCW_UP_2021_gw-ph_L2_v2-1.parquet,Year 2021 sensor data for UP plot at GCW site,,2021-01-01,2021-12-31,'NA',GCW_2021
GCW_UP_2021_gw-ph_L2_v2-1.pdf,Plots of Jan 2021 sensor data for GCW-UP,,2021-01-01,2021-12-31,,GCW_2021
GCW_UP_2021_gw-ph-mv_L2_v2-1.parquet,Year 2021 sensor data for UP plot at GCW site,,2021-01-01,2021-12-31,'NA',GCW_2021
GCW_UP_2021_gw-ph-mv_L2_v2-1.pdf,Plots of Jan 2021 sensor data for GCW-UP,,2021-01-01,2021-12-31,,GCW_2021
GCW_UP_2021_gw-ph-orp_L2_v2-1.parquet,Year 2021 sensor data for UP plot at GCW site,,2021-01-01,2021-12-31,'NA',GCW_2021
GCW_UP_2021_gw-ph-orp_L2_v2-1.pdf,Plots of Jan 2021 sensor data for GCW-UP,,2021-01-01,2021-12-31,,GCW_2021
GCW_UP_2021_gw-pressure-unvented_L2_v2-1.parquet,Year 2021 sensor data for UP plot at GCW site,,2021-01-01,2021-12-31,'NA',GCW_2021
GCW_UP_2021_gw-pressure-unvented_L2_v2-1.pdf,Plots of Jan 2021 sensor data for GCW-UP,,2021-01-01,2021-12-31,,GCW_2021
GCW_UP_2021_gw-rdo-conc_L2_v2-1.parquet,Year 2021 sensor data for UP plot at GCW site,,2021-01-01,2021-12-31,'NA',GCW_2021
GCW_UP_2021_gw-rdo-conc_L2_v2-1.pdf,Plots of Jan 2021 sensor data for GCW-UP,,2021-01-01,2021-12-31,,GCW_2021
GCW_UP_2021_gw-resistivity_L2_v2-1.parquet,Year 2021 sensor data for UP plot at GCW site,,2021-01-01,2021-12-31,'NA',GCW_2021
GCW_UP_2021_gw-resistivity_L2_v2-1.pdf,Plots of Jan 2021 sensor data for GCW-UP,,2021-01-01,2021-12-31,,GCW_2021
GCW_UP_2021_gw-salinity_L2_v2-1.parquet,Year 2021 sensor data for UP plot at GCW site,,2021-01-01,2021-12-31,'NA',GCW_2021
GCW_UP_2021_gw-salinity_L2_v2-1.pdf,Plots of Jan 2021 sensor data for GCW-UP,,2021-01-01,2021-12-31,,GCW_2021
GCW_UP_2021_gw-spec-cond_L2_v2-1.parquet,Year 2021 sensor data for UP plot at GCW site,,2021-01-01,2021-12-31,'NA',GCW_2021
GCW_UP_2021_gw-spec-cond_L2_v2-1.pdf,Plots of Jan 2021 sensor data for GCW-UP,,2021-01-01,2021-12-31,,GCW_2021
GCW_UP_2021_gw-tds_L2_v2-1.parquet,Year 2021 sensor data for UP plot at GCW site,,2021-01-01,2021-12-31,'NA',GCW_2021
GCW_UP_2021_gw-tds_L2_v2-1.pdf,Plots of Jan 2021 sensor data for GCW-UP,,2021-01-01,2021-12-31,,GCW_2021
GCW_UP_2021_gw-temperature_L2_v2-1.parquet,Year 2021 sensor data for UP plot at GCW site,,2021-01-01,2021-12-31,'NA',GCW_2021
GCW_UP_2021_gw-temperature_L2_v2-1.pdf,Plots of Jan 2021 sensor data for GCW-UP,,2021-01-01,2021-12-31,,GCW_2021
GCW_UP_2021_gw-temperature-int_L2_v2-1.parquet,Year 2021 sensor data for UP plot at GCW site,,2021-01-01,2021-12-31,'NA',GCW_2021
GCW_UP_2021_gw-temperature-int_L2_v2-1.pdf,Plots of Jan 2021 sensor data for GCW-UP,,2021-01-01,2021-12-31,,GCW_2021
GCW_UP_2021_gw-voltage-ext_L2_v2-1.parquet,Year 2021 sensor data for UP plot at GCW site,,2021-01-01,2021-12-31,'NA',GCW_2021
GCW_UP_2021_gw-voltage-ext_L2_v2-1.pdf,Plots of Jan 2021 sensor data for GCW-UP,,2021-01-01,2021-12-31,,GCW_2021
GCW_UP_2021_sapflow-3.5cm_L2_v2-1.parquet,Year 2021 sensor data for UP plot at GCW site,,2021-01-01,2021-12-31,'NA',GCW_2021
GCW_UP_2021_sapflow-3.5cm_L2_v2-1.pdf,Plots of Jan 2021 sensor data for GCW-UP,,2021-01-01,2021-12-31,,GCW_2021
GCW_UP_2021_sapflow-5cm_L2_v2-1.parquet,Year 2021 sensor data for UP plot at GCW site,,2021-01-01,2021-12-31,'NA',GCW_2021
GCW_UP_2021_sapflow-5cm_L2_v2-1.pdf,Plots of Jan 2021 sensor data for GCW-UP,,2021-01-01,2021-12-31,,GCW_2021
GCW_UP_2021_soil-EC-15cm_L2_v2-1.parquet,Year 2021 sensor data for UP plot at GCW site,,2021-01-01,2021-12-31,'NA',GCW_2021
GCW_UP_2021_soil-EC-15cm_L2_v2-1.pdf,Plots of Jan 2021 sensor data for GCW-UP,,2021-01-01,2021-12-31,,GCW_2021
GCW_UP_2021_soil-EC-30cm_L2_v2-1.parquet,Year 2021 sensor data for UP plot at GCW site,,2021-01-01,2021-12-31,'NA',GCW_2021
GCW_UP_2021_soil-EC-30cm_L2_v2-1.pdf,Plots of Jan 2021 sensor data for GCW-UP,,2021-01-01,2021-12-31,,GCW_2021
GCW_UP_2021_soil-EC-5cm_L2_v2-1.parquet,Year 2021 sensor data for UP plot at GCW site,,2021-01-01,2021-12-31,'NA',GCW_2021
GCW_UP_2021_soil-EC-5cm_L2_v2-1.pdf,Plots of Jan 2021 sensor data for GCW-UP,,2021-01-01,2021-12-31,,GCW_2021
GCW_UP_2021_soil-salinity-15cm_L2_v2-1.parquet,Year 2021 sensor data for UP plot at GCW site,,2021-01-01,2021-12-31,'NA',GCW_2021
GCW_UP_2021_soil-salinity-15cm_L2_v2-1.pdf,Plots of Jan 2021 sensor data for GCW-UP,,2021-01-01,2021-12-31,,GCW_2021
GCW_UP_2021_soil-salinity-30cm_L2_v2-1.parquet,Year 2021 sensor data for UP plot at GCW site,,2021-01-01,2021-12-31,'NA',GCW_2021
GCW_UP_2021_soil-salinity-30cm_L2_v2-1.pdf,Plots of Jan 2021 sensor data for GCW-UP,,2021-01-01,2021-12-31,,GCW_2021
GCW_UP_2021_soil-salinity-5cm_L2_v2-1.parquet,Year 2021 sensor data for UP plot at GCW site,,2021-01-01,2021-12-31,'NA',GCW_2021
GCW_UP_2021_soil-salinity-5cm_L2_v2-1.pdf,Plots of Jan 2021 sensor data for GCW-UP,,2021-01-01,2021-12-31,,GCW_2021
GCW_UP_2021_soil-temp-15cm_L2_v2-1.parquet,Year 2021 sensor data for UP plot at GCW site,,2021-01-01,2021-12-31,'NA',GCW_2021
GCW_UP_2021_soil-temp-15cm_L2_v2-1.pdf,Plots of Jan 2021 sensor data for GCW-UP,,2021-01-01,2021-12-31,,GCW_2021
GCW_UP_2021_soil-temp-30cm_L2_v2-1.parquet,Year 2021 sensor data for UP plot at GCW site,,2021-01-01,2021-12-31,'NA',GCW_2021
GCW_UP_2021_soil-temp-30cm_L2_v2-1.pdf,Plots of Jan 2021 sensor data for GCW-UP,,2021-01-01,2021-12-31,,GCW_2021
GCW_UP_2021_soil-temp-5cm_L2_v2-1.parquet,Year 2021 sensor data for UP plot at GCW site,,2021-01-01,2021-12-31,'NA',GCW_2021
GCW_UP_2021_soil-temp-5cm_L2_v2-1.pdf,Plots of Jan 2021 sensor data for GCW-UP,,2021-01-01,2021-12-31,,GCW_2021
GCW_UP_2021_soil-vwc-15cm_L2_v2-1.parquet,Year 2021 sensor data for UP plot at GCW site,,2021-01-01,2021-12-31,'NA',GCW_2021
GCW_UP_2021_soil-vwc-15cm_L2_v2-1.pdf,Plots of Jan 2021 sensor data for GCW-UP,,2021-01-01,2021-12-31,,GCW_2021
GCW_UP_2021_soil-vwc-30cm_L2_v2-1.parquet,Year 2021 sensor data for UP plot at GCW site,,2021-01-01,2021-12-31,'NA',GCW_2021
GCW_UP_2021_soil-vwc-30cm_L2_v2-1.pdf,Plots of Jan 2021 sensor data for GCW-UP,,2021-01-01,2021-12-31,,GCW_2021
GCW_UP_2021_soil-vwc-5cm_L2_v2-1.parquet,Year 2021 sensor data for UP plot at GCW site,,2021-01-01,2021-12-31,'NA',GCW_2021
GCW_UP_2021_soil-vwc-5cm_L2_v2-1.pdf,Plots of Jan 2021 sensor data for GCW-UP,,2021-01-01,2021-12-31,,GCW_2021
GCW_2022_L2_v2-1_metadata.txt,Metadata for all data files in GCW_2022 folder,,,,,GCW_2022
GCW_TR_2022_gw-act-cond_L2_v2-1.parquet,Year 2022 sensor data for TR plot at GCW site,,2022-01-01,2022-12-31,'NA',GCW_2022
GCW_TR_2022_gw-act-cond_L2_v2-1.pdf,Plots of Jan 2022 sensor data for GCW-TR,,2022-01-01,2022-12-31,,GCW_2022
GCW_TR_2022_gw-bar-pressure_L2_v2-1.parquet,Year 2022 sensor data for TR plot at GCW site,,2022-01-01,2022-12-31,'NA',GCW_2022
GCW_TR_2022_gw-bar-pressure_L2_v2-1.pdf,Plots of Jan 2022 sensor data for GCW-TR,,2022-01-01,2022-12-31,,GCW_2022
GCW_TR_2022_gw-battery_L2_v2-1.parquet,Year 2022 sensor data for TR plot at GCW site,,2022-01-01,2022-12-31,'NA',GCW_2022
GCW_TR_2022_gw-battery_L2_v2-1.pdf,Plots of Jan 2022 sensor data for GCW-TR,,2022-01-01,2022-12-31,,GCW_2022
GCW_TR_2022_gw-density_L2_v2-1.parquet,Year 2022 sensor data for TR plot at GCW site,,2022-01-01,2022-12-31,'NA',GCW_2022
GCW_TR_2022_gw-density_L2_v2-1.pdf,Plots of Jan 2022 sensor data for GCW-TR,,2022-01-01,2022-12-31,,GCW_2022
GCW_TR_2022_gw-depth_L2_v2-1.parquet,Year 2022 sensor data for TR plot at GCW site,,2022-01-01,2022-12-31,'NA',GCW_2022
GCW_TR_2022_gw-depth_L2_v2-1.pdf,Plots of Jan 2022 sensor data for GCW-TR,,2022-01-01,2022-12-31,,GCW_2022
GCW_TR_2022_gw-part-pressure_L2_v2-1.parquet,Year 2022 sensor data for TR plot at GCW site,,2022-01-01,2022-12-31,'NA',GCW_2022
GCW_TR_2022_gw-part-pressure_L2_v2-1.pdf,Plots of Jan 2022 sensor data for GCW-TR,,2022-01-01,2022-12-31,,GCW_2022
GCW_TR_2022_gw-perc-sat_L2_v2-1.parquet,Year 2022 sensor data for TR plot at GCW site,,2022-01-01,2022-12-31,'NA',GCW_2022
GCW_TR_2022_gw-perc-sat_L2_v2-1.pdf,Plots of Jan 2022 sensor data for GCW-TR,,2022-01-01,2022-12-31,,GCW_2022
GCW_TR_2022_gw-ph_L2_v2-1.parquet,Year 2022 sensor data for TR plot at GCW site,,2022-01-01,2022-12-31,'NA',GCW_2022
GCW_TR_2022_gw-ph_L2_v2-1.pdf,Plots of Jan 2022 sensor data for GCW-TR,,2022-01-01,2022-12-31,,GCW_2022
GCW_TR_2022_gw-ph-mv_L2_v2-1.parquet,Year 2022 sensor data for TR plot at GCW site,,2022-01-01,2022-12-31,'NA',GCW_2022
GCW_TR_2022_gw-ph-mv_L2_v2-1.pdf,Plots of Jan 2022 sensor data for GCW-TR,,2022-01-01,2022-12-31,,GCW_2022
GCW_TR_2022_gw-ph-orp_L2_v2-1.parquet,Year 2022 sensor data for TR plot at GCW site,,2022-01-01,2022-12-31,'NA',GCW_2022
GCW_TR_2022_gw-ph-orp_L2_v2-1.pdf,Plots of Jan 2022 sensor data for GCW-TR,,2022-01-01,2022-12-31,,GCW_2022
GCW_TR_2022_gw-pressure-vented_L2_v2-1.parquet,Year 2022 sensor data for TR plot at GCW site,,2022-01-01,2022-12-31,'NA',GCW_2022
GCW_TR_2022_gw-pressure-vented_L2_v2-1.pdf,Plots of Jan 2022 sensor data for GCW-TR,,2022-01-01,2022-12-31,,GCW_2022
GCW_TR_2022_gw-rdo-conc_L2_v2-1.parquet,Year 2022 sensor data for TR plot at GCW site,,2022-01-01,2022-12-31,'NA',GCW_2022
GCW_TR_2022_gw-rdo-conc_L2_v2-1.pdf,Plots of Jan 2022 sensor data for GCW-TR,,2022-01-01,2022-12-31,,GCW_2022
GCW_TR_2022_gw-resistivity_L2_v2-1.parquet,Year 2022 sensor data for TR plot at GCW site,,2022-01-01,2022-12-31,'NA',GCW_2022
GCW_TR_2022_gw-resistivity_L2_v2-1.pdf,Plots of Jan 2022 sensor data for GCW-TR,,2022-01-01,2022-12-31,,GCW_2022
GCW_TR_2022_gw-salinity_L2_v2-1.parquet,Year 2022 sensor data for TR plot at GCW site,,2022-01-01,2022-12-31,'NA',GCW_2022
GCW_TR_2022_gw-salinity_L2_v2-1.pdf,Plots of Jan 2022 sensor data for GCW-TR,,2022-01-01,2022-12-31,,GCW_2022
GCW_TR_2022_gw-spec-cond_L2_v2-1.parquet,Year 2022 sensor data for TR plot at GCW site,,2022-01-01,2022-12-31,'NA',GCW_2022
GCW_TR_2022_gw-spec-cond_L2_v2-1.pdf,Plots of Jan 2022 sensor data for GCW-TR,,2022-01-01,2022-12-31,,GCW_2022
GCW_TR_2022_gw-tds_L2_v2-1.parquet,Year 2022 sensor data for TR plot at GCW site,,2022-01-01,2022-12-31,'NA',GCW_2022
GCW_TR_2022_gw-tds_L2_v2-1.pdf,Plots of Jan 2022 sensor data for GCW-TR,,2022-01-01,2022-12-31,,GCW_2022
GCW_TR_2022_gw-temperature_L2_v2-1.parquet,Year 2022 sensor data for TR plot at GCW site,,2022-01-01,2022-12-31,'NA',GCW_2022
GCW_TR_2022_gw-temperature_L2_v2-1.pdf,Plots of Jan 2022 sensor data for GCW-TR,,2022-01-01,2022-12-31,,GCW_2022
GCW_TR_2022_gw-voltage-ext_L2_v2-1.parquet,Year 2022 sensor data for TR plot at GCW site,,2022-01-01,2022-12-31,'NA',GCW_2022
GCW_TR_2022_gw-voltage-ext_L2_v2-1.pdf,Plots of Jan 2022 sensor data for GCW-TR,,2022-01-01,2022-12-31,,GCW_2022
GCW_TR_2022_gw-wl-below-surface_L2_v2-1.parquet,Year 2022 sensor data for TR plot at GCW site,,2022-01-01,2022-12-31,'NA',GCW_2022
GCW_TR_2022_gw-wl-below-surface_L2_v2-1.pdf,Plots of Jan 2022 sensor data for GCW-TR,,2022-01-01,2022-12-31,,GCW_2022
GCW_TR_2022_sapflow-3.5cm_L2_v2-1.parquet,Year 2022 sensor data for TR plot at GCW site,,2022-01-01,2022-12-31,'NA',GCW_2022
GCW_TR_2022_sapflow-3.5cm_L2_v2-1.pdf,Plots of Jan 2022 sensor data for GCW-TR,,2022-01-01,2022-12-31,,GCW_2022
GCW_TR_2022_soil-EC-10cm_L2_v2-1.parquet,Year 2022 sensor data for TR plot at GCW site,,2022-01-01,2022-12-31,'NA',GCW_2022
GCW_TR_2022_soil-EC-10cm_L2_v2-1.pdf,Plots of Jan 2022 sensor data for GCW-TR,,2022-01-01,2022-12-31,,GCW_2022
GCW_TR_2022_soil-EC-30cm_L2_v2-1.parquet,Year 2022 sensor data for TR plot at GCW site,,2022-01-01,2022-12-31,'NA',GCW_2022
GCW_TR_2022_soil-EC-30cm_L2_v2-1.pdf,Plots of Jan 2022 sensor data for GCW-TR,,2022-01-01,2022-12-31,,GCW_2022
GCW_TR_2022_soil-salinity-10cm_L2_v2-1.parquet,Year 2022 sensor data for TR plot at GCW site,,2022-01-01,2022-12-31,'NA',GCW_2022
GCW_TR_2022_soil-salinity-10cm_L2_v2-1.pdf,Plots of Jan 2022 sensor data for GCW-TR,,2022-01-01,2022-12-31,,GCW_2022
GCW_TR_2022_soil-salinity-30cm_L2_v2-1.parquet,Year 2022 sensor data for TR plot at GCW site,,2022-01-01,2022-12-31,'NA',GCW_2022
GCW_TR_2022_soil-salinity-30cm_L2_v2-1.pdf,Plots of Jan 2022 sensor data for GCW-TR,,2022-01-01,2022-12-31,,GCW_2022
GCW_TR_2022_soil-temp-10cm_L2_v2-1.parquet,Year 2022 sensor data for TR plot at GCW site,,2022-01-01,2022-12-31,'NA',GCW_2022
GCW_TR_2022_soil-temp-10cm_L2_v2-1.pdf,Plots of Jan 2022 sensor data for GCW-TR,,2022-01-01,2022-12-31,,GCW_2022
GCW_TR_2022_soil-temp-30cm_L2_v2-1.parquet,Year 2022 sensor data for TR plot at GCW site,,2022-01-01,2022-12-31,'NA',GCW_2022
GCW_TR_2022_soil-temp-30cm_L2_v2-1.pdf,Plots of Jan 2022 sensor data for GCW-TR,,2022-01-01,2022-12-31,,GCW_2022
GCW_TR_2022_soil-vwc-10cm_L2_v2-1.parquet,Year 2022 sensor data for TR plot at GCW site,,2022-01-01,2022-12-31,'NA',GCW_2022
GCW_TR_2022_soil-vwc-10cm_L2_v2-1.pdf,Plots of Jan 2022 sensor data for GCW-TR,,2022-01-01,2022-12-31,,GCW_2022
GCW_TR_2022_soil-vwc-30cm_L2_v2-1.parquet,Year 2022 sensor data for TR plot at GCW site,,2022-01-01,2022-12-31,'NA',GCW_2022
GCW_TR_2022_soil-vwc-30cm_L2_v2-1.pdf,Plots of Jan 2022 sensor data for GCW-TR,,2022-01-01,2022-12-31,,GCW_2022
GCW_UP_2022_gw-act-cond_L2_v2-1.parquet,Year 2022 sensor data for UP plot at GCW site,,2022-01-01,2022-12-31,'NA',GCW_2022
GCW_UP_2022_gw-act-cond_L2_v2-1.pdf,Plots of Jan 2022 sensor data for GCW-UP,,2022-01-01,2022-12-31,,GCW_2022
GCW_UP_2022_gw-bar-pressure_L2_v2-1.parquet,Year 2022 sensor data for UP plot at GCW site,,2022-01-01,2022-12-31,'NA',GCW_2022
GCW_UP_2022_gw-bar-pressure_L2_v2-1.pdf,Plots of Jan 2022 sensor data for GCW-UP,,2022-01-01,2022-12-31,,GCW_2022
GCW_UP_2022_gw-density_L2_v2-1.parquet,Year 2022 sensor data for UP plot at GCW site,,2022-01-01,2022-12-31,'NA',GCW_2022
GCW_UP_2022_gw-density_L2_v2-1.pdf,Plots of Jan 2022 sensor data for GCW-UP,,2022-01-01,2022-12-31,,GCW_2022
GCW_UP_2022_gw-depth_L2_v2-1.parquet,Year 2022 sensor data for UP plot at GCW site,,2022-01-01,2022-12-31,'NA',GCW_2022
GCW_UP_2022_gw-depth_L2_v2-1.pdf,Plots of Jan 2022 sensor data for GCW-UP,,2022-01-01,2022-12-31,,GCW_2022
GCW_UP_2022_gw-part-pressure_L2_v2-1.parquet,Year 2022 sensor data for UP plot at GCW site,,2022-01-01,2022-12-31,'NA',GCW_2022
GCW_UP_2022_gw-part-pressure_L2_v2-1.pdf,Plots of Jan 2022 sensor data for GCW-UP,,2022-01-01,2022-12-31,,GCW_2022
GCW_UP_2022_gw-perc-sat_L2_v2-1.parquet,Year 2022 sensor data for UP plot at GCW site,,2022-01-01,2022-12-31,'NA',GCW_2022
GCW_UP_2022_gw-perc-sat_L2_v2-1.pdf,Plots of Jan 2022 sensor data for GCW-UP,,2022-01-01,2022-12-31,,GCW_2022
GCW_UP_2022_gw-ph_L2_v2-1.parquet,Year 2022 sensor data for UP plot at GCW site,,2022-01-01,2022-12-31,'NA',GCW_2022
GCW_UP_2022_gw-ph_L2_v2-1.pdf,Plots of Jan 2022 sensor data for GCW-UP,,2022-01-01,2022-12-31,,GCW_2022
GCW_UP_2022_gw-ph-mv_L2_v2-1.parquet,Year 2022 sensor data for UP plot at GCW site,,2022-01-01,2022-12-31,'NA',GCW_2022
GCW_UP_2022_gw-ph-mv_L2_v2-1.pdf,Plots of Jan 2022 sensor data for GCW-UP,,2022-01-01,2022-12-31,,GCW_2022
GCW_UP_2022_gw-ph-orp_L2_v2-1.parquet,Year 2022 sensor data for UP plot at GCW site,,2022-01-01,2022-12-31,'NA',GCW_2022
GCW_UP_2022_gw-ph-orp_L2_v2-1.pdf,Plots of Jan 2022 sensor data for GCW-UP,,2022-01-01,2022-12-31,,GCW_2022
GCW_UP_2022_gw-pressure-unvented_L2_v2-1.parquet,Year 2022 sensor data for UP plot at GCW site,,2022-01-01,2022-12-31,'NA',GCW_2022
GCW_UP_2022_gw-pressure-unvented_L2_v2-1.pdf,Plots of Jan 2022 sensor data for GCW-UP,,2022-01-01,2022-12-31,,GCW_2022
GCW_UP_2022_gw-rdo-conc_L2_v2-1.parquet,Year 2022 sensor data for UP plot at GCW site,,2022-01-01,2022-12-31,'NA',GCW_2022
GCW_UP_2022_gw-rdo-conc_L2_v2-1.pdf,Plots of Jan 2022 sensor data for GCW-UP,,2022-01-01,2022-12-31,,GCW_2022
GCW_UP_2022_gw-resistivity_L2_v2-1.parquet,Year 2022 sensor data for UP plot at GCW site,,2022-01-01,2022-12-31,'NA',GCW_2022
GCW_UP_2022_gw-resistivity_L2_v2-1.pdf,Plots of Jan 2022 sensor data for GCW-UP,,2022-01-01,2022-12-31,,GCW_2022
GCW_UP_2022_gw-salinity_L2_v2-1.parquet,Year 2022 sensor data for UP plot at GCW site,,2022-01-01,2022-12-31,'NA',GCW_2022
GCW_UP_2022_gw-salinity_L2_v2-1.pdf,Plots of Jan 2022 sensor data for GCW-UP,,2022-01-01,2022-12-31,,GCW_2022
GCW_UP_2022_gw-spec-cond_L2_v2-1.parquet,Year 2022 sensor data for UP plot at GCW site,,2022-01-01,2022-12-31,'NA',GCW_2022
GCW_UP_2022_gw-spec-cond_L2_v2-1.pdf,Plots of Jan 2022 sensor data for GCW-UP,,2022-01-01,2022-12-31,,GCW_2022
GCW_UP_2022_gw-tds_L2_v2-1.parquet,Year 2022 sensor data for UP plot at GCW site,,2022-01-01,2022-12-31,'NA',GCW_2022
GCW_UP_2022_gw-tds_L2_v2-1.pdf,Plots of Jan 2022 sensor data for GCW-UP,,2022-01-01,2022-12-31,,GCW_2022
GCW_UP_2022_gw-temperature_L2_v2-1.parquet,Year 2022 sensor data for UP plot at GCW site,,2022-01-01,2022-12-31,'NA',GCW_2022
GCW_UP_2022_gw-temperature_L2_v2-1.pdf,Plots of Jan 2022 sensor data for GCW-UP,,2022-01-01,2022-12-31,,GCW_2022
GCW_UP_2022_gw-temperature-int_L2_v2-1.parquet,Year 2022 sensor data for UP plot at GCW site,,2022-01-01,2022-12-31,'NA',GCW_2022
GCW_UP_2022_gw-temperature-int_L2_v2-1.pdf,Plots of Jan 2022 sensor data for GCW-UP,,2022-01-01,2022-12-31,,GCW_2022
GCW_UP_2022_gw-voltage-ext_L2_v2-1.parquet,Year 2022 sensor data for UP plot at GCW site,,2022-01-01,2022-12-31,'NA',GCW_2022
GCW_UP_2022_gw-voltage-ext_L2_v2-1.pdf,Plots of Jan 2022 sensor data for GCW-UP,,2022-01-01,2022-12-31,,GCW_2022
GCW_UP_2022_sapflow-3.5cm_L2_v2-1.parquet,Year 2022 sensor data for UP plot at GCW site,,2022-01-01,2022-12-31,'NA',GCW_2022
GCW_UP_2022_sapflow-3.5cm_L2_v2-1.pdf,Plots of Jan 2022 sensor data for GCW-UP,,2022-01-01,2022-12-31,,GCW_2022
GCW_UP_2022_sapflow-5cm_L2_v2-1.parquet,Year 2022 sensor data for UP plot at GCW site,,2022-01-01,2022-12-31,'NA',GCW_2022
GCW_UP_2022_sapflow-5cm_L2_v2-1.pdf,Plots of Jan 2022 sensor data for GCW-UP,,2022-01-01,2022-12-31,,GCW_2022
GCW_UP_2022_soil-EC-15cm_L2_v2-1.parquet,Year 2022 sensor data for UP plot at GCW site,,2022-01-01,2022-12-31,'NA',GCW_2022
GCW_UP_2022_soil-EC-15cm_L2_v2-1.pdf,Plots of Jan 2022 sensor data for GCW-UP,,2022-01-01,2022-12-31,,GCW_2022
GCW_UP_2022_soil-EC-30cm_L2_v2-1.parquet,Year 2022 sensor data for UP plot at GCW site,,2022-01-01,2022-12-31,'NA',GCW_2022
GCW_UP_2022_soil-EC-30cm_L2_v2-1.pdf,Plots of Jan 2022 sensor data for GCW-UP,,2022-01-01,2022-12-31,,GCW_2022
GCW_UP_2022_soil-EC-5cm_L2_v2-1.parquet,Year 2022 sensor data for UP plot at GCW site,,2022-01-01,2022-12-31,'NA',GCW_2022
GCW_UP_2022_soil-EC-5cm_L2_v2-1.pdf,Plots of Jan 2022 sensor data for GCW-UP,,2022-01-01,2022-12-31,,GCW_2022
GCW_UP_2022_soil-salinity-15cm_L2_v2-1.parquet,Year 2022 sensor data for UP plot at GCW site,,2022-01-01,2022-12-31,'NA',GCW_2022
GCW_UP_2022_soil-salinity-15cm_L2_v2-1.pdf,Plots of Jan 2022 sensor data for GCW-UP,,2022-01-01,2022-12-31,,GCW_2022
GCW_UP_2022_soil-salinity-30cm_L2_v2-1.parquet,Year 2022 sensor data for UP plot at GCW site,,2022-01-01,2022-12-31,'NA',GCW_2022
GCW_UP_2022_soil-salinity-30cm_L2_v2-1.pdf,Plots of Jan 2022 sensor data for GCW-UP,,2022-01-01,2022-12-31,,GCW_2022
GCW_UP_2022_soil-salinity-5cm_L2_v2-1.parquet,Year 2022 sensor data for UP plot at GCW site,,2022-01-01,2022-12-31,'NA',GCW_2022
GCW_UP_2022_soil-salinity-5cm_L2_v2-1.pdf,Plots of Jan 2022 sensor data for GCW-UP,,2022-01-01,2022-12-31,,GCW_2022
GCW_UP_2022_soil-temp-15cm_L2_v2-1.parquet,Year 2022 sensor data for UP plot at GCW site,,2022-01-01,2022-12-31,'NA',GCW_2022
GCW_UP_2022_soil-temp-15cm_L2_v2-1.pdf,Plots of Jan 2022 sensor data for GCW-UP,,2022-01-01,2022-12-31,,GCW_2022
GCW_UP_2022_soil-temp-30cm_L2_v2-1.parquet,Year 2022 sensor data for UP plot at GCW site,,2022-01-01,2022-12-31,'NA',GCW_2022
GCW_UP_2022_soil-temp-30cm_L2_v2-1.pdf,Plots of Jan 2022 sensor data for GCW-UP,,2022-01-01,2022-12-31,,GCW_2022
GCW_UP_2022_soil-temp-5cm_L2_v2-1.parquet,Year 2022 sensor data for UP plot at GCW site,,2022-01-01,2022-12-31,'NA',GCW_2022
GCW_UP_2022_soil-temp-5cm_L2_v2-1.pdf,Plots of Jan 2022 sensor data for GCW-UP,,2022-01-01,2022-12-31,,GCW_2022
GCW_UP_2022_soil-vwc-15cm_L2_v2-1.parquet,Year 2022 sensor data for UP plot at GCW site,,2022-01-01,2022-12-31,'NA',GCW_2022
GCW_UP_2022_soil-vwc-15cm_L2_v2-1.pdf,Plots of Jan 2022 sensor data for GCW-UP,,2022-01-01,2022-12-31,,GCW_2022
GCW_UP_2022_soil-vwc-30cm_L2_v2-1.parquet,Year 2022 sensor data for UP plot at GCW site,,2022-01-01,2022-12-31,'NA',GCW_2022
GCW_UP_2022_soil-vwc-30cm_L2_v2-1.pdf,Plots of Jan 2022 sensor data for GCW-UP,,2022-01-01,2022-12-31,,GCW_2022
GCW_UP_2022_soil-vwc-5cm_L2_v2-1.parquet,Year 2022 sensor data for UP plot at GCW site,,2022-01-01,2022-12-31,'NA',GCW_2022
GCW_UP_2022_soil-vwc-5cm_L2_v2-1.pdf,Plots of Jan 2022 sensor data for GCW-UP,,2022-01-01,2022-12-31,,GCW_2022
GCW_W_2022_soil-EC-10cm_L2_v2-1.parquet,Year 2022 sensor data for W plot at GCW site,,2022-01-01,2022-12-31,'NA',GCW_2022
GCW_W_2022_soil-EC-10cm_L2_v2-1.pdf,Plots of Jan 2022 sensor data for GCW-W,,2022-01-01,2022-12-31,,GCW_2022
GCW_W_2022_soil-EC-30cm_L2_v2-1.parquet,Year 2022 sensor data for W plot at GCW site,,2022-01-01,2022-12-31,'NA',GCW_2022
GCW_W_2022_soil-EC-30cm_L2_v2-1.pdf,Plots of Jan 2022 sensor data for GCW-W,,2022-01-01,2022-12-31,,GCW_2022
GCW_W_2022_soil-salinity-10cm_L2_v2-1.parquet,Year 2022 sensor data for W plot at GCW site,,2022-01-01,2022-12-31,'NA',GCW_2022
GCW_W_2022_soil-salinity-10cm_L2_v2-1.pdf,Plots of Jan 2022 sensor data for GCW-W,,2022-01-01,2022-12-31,,GCW_2022
GCW_W_2022_soil-salinity-30cm_L2_v2-1.parquet,Year 2022 sensor data for W plot at GCW site,,2022-01-01,2022-12-31,'NA',GCW_2022
GCW_W_2022_soil-salinity-30cm_L2_v2-1.pdf,Plots of Jan 2022 sensor data for GCW-W,,2022-01-01,2022-12-31,,GCW_2022
GCW_W_2022_soil-temp-10cm_L2_v2-1.parquet,Year 2022 sensor data for W plot at GCW site,,2022-01-01,2022-12-31,'NA',GCW_2022
GCW_W_2022_soil-temp-10cm_L2_v2-1.pdf,Plots of Jan 2022 sensor data for GCW-W,,2022-01-01,2022-12-31,,GCW_2022
GCW_W_2022_soil-temp-30cm_L2_v2-1.parquet,Year 2022 sensor data for W plot at GCW site,,2022-01-01,2022-12-31,'NA',GCW_2022
GCW_W_2022_soil-temp-30cm_L2_v2-1.pdf,Plots of Jan 2022 sensor data for GCW-W,,2022-01-01,2022-12-31,,GCW_2022
GCW_W_2022_soil-vwc-10cm_L2_v2-1.parquet,Year 2022 sensor data for W plot at GCW site,,2022-01-01,2022-12-31,'NA',GCW_2022
GCW_W_2022_soil-vwc-10cm_L2_v2-1.pdf,Plots of Jan 2022 sensor data for GCW-W,,2022-01-01,2022-12-31,,GCW_2022
GCW_W_2022_soil-vwc-30cm_L2_v2-1.parquet,Year 2022 sensor data for W plot at GCW site,,2022-01-01,2022-12-31,'NA',GCW_2022
GCW_W_2022_soil-vwc-30cm_L2_v2-1.pdf,Plots of Jan 2022 sensor data for GCW-W,,2022-01-01,2022-12-31,,GCW_2022
GCW_W_2022_wx-barpress15_L2_v2-1.parquet,Year 2022 sensor data for W plot at GCW site,,2022-01-01,2022-12-31,'NA',GCW_2022
GCW_W_2022_wx-barpress15_L2_v2-1.pdf,Plots of Jan 2022 sensor data for GCW-W,,2022-01-01,2022-12-31,,GCW_2022
GCW_W_2022_wx-gcrew-rain15_L2_v2-1.parquet,Year 2022 sensor data for W plot at GCW site,,2022-01-01,2022-12-31,'NA',GCW_2022
GCW_W_2022_wx-gcrew-rain15_L2_v2-1.pdf,Plots of Jan 2022 sensor data for GCW-W,,2022-01-01,2022-12-31,,GCW_2022
GCW_W_2022_wx-maxws15_L2_v2-1.parquet,Year 2022 sensor data for W plot at GCW site,,2022-01-01,2022-12-31,'NA',GCW_2022
GCW_W_2022_wx-maxws15_L2_v2-1.pdf,Plots of Jan 2022 sensor data for GCW-W,,2022-01-01,2022-12-31,,GCW_2022
GCW_W_2022_wx-minws15_L2_v2-1.parquet,Year 2022 sensor data for W plot at GCW site,,2022-01-01,2022-12-31,'NA',GCW_2022
GCW_W_2022_wx-minws15_L2_v2-1.pdf,Plots of Jan 2022 sensor data for GCW-W,,2022-01-01,2022-12-31,,GCW_2022
GCW_W_2022_wx-par-den15_L2_v2-1.parquet,Year 2022 sensor data for W plot at GCW site,,2022-01-01,2022-12-31,'NA',GCW_2022
GCW_W_2022_wx-par-den15_L2_v2-1.pdf,Plots of Jan 2022 sensor data for GCW-W,,2022-01-01,2022-12-31,,GCW_2022
GCW_W_2022_wx-rh15_L2_v2-1.parquet,Year 2022 sensor data for W plot at GCW site,,2022-01-01,2022-12-31,'NA',GCW_2022
GCW_W_2022_wx-rh15_L2_v2-1.pdf,Plots of Jan 2022 sensor data for GCW-W,,2022-01-01,2022-12-31,,GCW_2022
GCW_W_2022_wx-slr-fd15_L2_v2-1.parquet,Year 2022 sensor data for W plot at GCW site,,2022-01-01,2022-12-31,'NA',GCW_2022
GCW_W_2022_wx-slr-fd15_L2_v2-1.pdf,Plots of Jan 2022 sensor data for GCW-W,,2022-01-01,2022-12-31,,GCW_2022
GCW_W_2022_wx-slr-tf15_L2_v2-1.parquet,Year 2022 sensor data for W plot at GCW site,,2022-01-01,2022-12-31,'NA',GCW_2022
GCW_W_2022_wx-slr-tf15_L2_v2-1.pdf,Plots of Jan 2022 sensor data for GCW-W,,2022-01-01,2022-12-31,,GCW_2022
GCW_W_2022_wx-svp15_L2_v2-1.parquet,Year 2022 sensor data for W plot at GCW site,,2022-01-01,2022-12-31,'NA',GCW_2022
GCW_W_2022_wx-svp15_L2_v2-1.pdf,Plots of Jan 2022 sensor data for GCW-W,,2022-01-01,2022-12-31,,GCW_2022
GCW_W_2022_wx-tempavg15_L2_v2-1.parquet,Year 2022 sensor data for W plot at GCW site,,2022-01-01,2022-12-31,'NA',GCW_2022
GCW_W_2022_wx-tempavg15_L2_v2-1.pdf,Plots of Jan 2022 sensor data for GCW-W,,2022-01-01,2022-12-31,,GCW_2022
GCW_W_2022_wx-vp15_L2_v2-1.parquet,Year 2022 sensor data for W plot at GCW site,,2022-01-01,2022-12-31,'NA',GCW_2022
GCW_W_2022_wx-vp15_L2_v2-1.pdf,Plots of Jan 2022 sensor data for GCW-W,,2022-01-01,2022-12-31,,GCW_2022
GCW_W_2022_wx-winddir15_L2_v2-1.parquet,Year 2022 sensor data for W plot at GCW site,,2022-01-01,2022-12-31,'NA',GCW_2022
GCW_W_2022_wx-winddir15_L2_v2-1.pdf,Plots of Jan 2022 sensor data for GCW-W,,2022-01-01,2022-12-31,,GCW_2022
GCW_W_2022_wx-windspeed15_L2_v2-1.parquet,Year 2022 sensor data for W plot at GCW site,,2022-01-01,2022-12-31,'NA',GCW_2022
GCW_W_2022_wx-windspeed15_L2_v2-1.pdf,Plots of Jan 2022 sensor data for GCW-W,,2022-01-01,2022-12-31,,GCW_2022
GCW_2023_L2_v2-1_metadata.txt,Metadata for all data files in GCW_2023 folder,,,,,GCW_2023
GCW_TR_2023_gw-act-cond_L2_v2-1.parquet,Year 2023 sensor data for TR plot at GCW site,,2023-01-01,2023-12-31,'NA',GCW_2023
GCW_TR_2023_gw-act-cond_L2_v2-1.pdf,Plots of Jan 2023 sensor data for GCW-TR,,2023-01-01,2023-12-31,,GCW_2023
GCW_TR_2023_gw-bar-pressure_L2_v2-1.parquet,Year 2023 sensor data for TR plot at GCW site,,2023-01-01,2023-12-31,'NA',GCW_2023
GCW_TR_2023_gw-bar-pressure_L2_v2-1.pdf,Plots of Jan 2023 sensor data for GCW-TR,,2023-01-01,2023-12-31,,GCW_2023
GCW_TR_2023_gw-battery_L2_v2-1.parquet,Year 2023 sensor data for TR plot at GCW site,,2023-01-01,2023-12-31,'NA',GCW_2023
GCW_TR_2023_gw-battery_L2_v2-1.pdf,Plots of Jan 2023 sensor data for GCW-TR,,2023-01-01,2023-12-31,,GCW_2023
GCW_TR_2023_gw-density_L2_v2-1.parquet,Year 2023 sensor data for TR plot at GCW site,,2023-01-01,2023-12-31,'NA',GCW_2023
GCW_TR_2023_gw-density_L2_v2-1.pdf,Plots of Jan 2023 sensor data for GCW-TR,,2023-01-01,2023-12-31,,GCW_2023
GCW_TR_2023_gw-depth_L2_v2-1.parquet,Year 2023 sensor data for TR plot at GCW site,,2023-01-01,2023-12-31,'NA',GCW_2023
GCW_TR_2023_gw-depth_L2_v2-1.pdf,Plots of Jan 2023 sensor data for GCW-TR,,2023-01-01,2023-12-31,,GCW_2023
GCW_TR_2023_gw-part-pressure_L2_v2-1.parquet,Year 2023 sensor data for TR plot at GCW site,,2023-01-01,2023-12-31,'NA',GCW_2023
GCW_TR_2023_gw-part-pressure_L2_v2-1.pdf,Plots of Jan 2023 sensor data for GCW-TR,,2023-01-01,2023-12-31,,GCW_2023
GCW_TR_2023_gw-perc-sat_L2_v2-1.parquet,Year 2023 sensor data for TR plot at GCW site,,2023-01-01,2023-12-31,'NA',GCW_2023
GCW_TR_2023_gw-perc-sat_L2_v2-1.pdf,Plots of Jan 2023 sensor data for GCW-TR,,2023-01-01,2023-12-31,,GCW_2023
GCW_TR_2023_gw-ph_L2_v2-1.parquet,Year 2023 sensor data for TR plot at GCW site,,2023-01-01,2023-12-31,'NA',GCW_2023
GCW_TR_2023_gw-ph_L2_v2-1.pdf,Plots of Jan 2023 sensor data for GCW-TR,,2023-01-01,2023-12-31,,GCW_2023
GCW_TR_2023_gw-ph-mv_L2_v2-1.parquet,Year 2023 sensor data for TR plot at GCW site,,2023-01-01,2023-12-31,'NA',GCW_2023
GCW_TR_2023_gw-ph-mv_L2_v2-1.pdf,Plots of Jan 2023 sensor data for GCW-TR,,2023-01-01,2023-12-31,,GCW_2023
GCW_TR_2023_gw-ph-orp_L2_v2-1.parquet,Year 2023 sensor data for TR plot at GCW site,,2023-01-01,2023-12-31,'NA',GCW_2023
GCW_TR_2023_gw-ph-orp_L2_v2-1.pdf,Plots of Jan 2023 sensor data for GCW-TR,,2023-01-01,2023-12-31,,GCW_2023
GCW_TR_2023_gw-pressure-vented_L2_v2-1.parquet,Year 2023 sensor data for TR plot at GCW site,,2023-01-01,2023-12-31,'NA',GCW_2023
GCW_TR_2023_gw-pressure-vented_L2_v2-1.pdf,Plots of Jan 2023 sensor data for GCW-TR,,2023-01-01,2023-12-31,,GCW_2023
GCW_TR_2023_gw-rdo-conc_L2_v2-1.parquet,Year 2023 sensor data for TR plot at GCW site,,2023-01-01,2023-12-31,'NA',GCW_2023
GCW_TR_2023_gw-rdo-conc_L2_v2-1.pdf,Plots of Jan 2023 sensor data for GCW-TR,,2023-01-01,2023-12-31,,GCW_2023
GCW_TR_2023_gw-resistivity_L2_v2-1.parquet,Year 2023 sensor data for TR plot at GCW site,,2023-01-01,2023-12-31,'NA',GCW_2023
GCW_TR_2023_gw-resistivity_L2_v2-1.pdf,Plots of Jan 2023 sensor data for GCW-TR,,2023-01-01,2023-12-31,,GCW_2023
GCW_TR_2023_gw-salinity_L2_v2-1.parquet,Year 2023 sensor data for TR plot at GCW site,,2023-01-01,2023-12-31,'NA',GCW_2023
GCW_TR_2023_gw-salinity_L2_v2-1.pdf,Plots of Jan 2023 sensor data for GCW-TR,,2023-01-01,2023-12-31,,GCW_2023
GCW_TR_2023_gw-spec-cond_L2_v2-1.parquet,Year 2023 sensor data for TR plot at GCW site,,2023-01-01,2023-12-31,'NA',GCW_2023
GCW_TR_2023_gw-spec-cond_L2_v2-1.pdf,Plots of Jan 2023 sensor data for GCW-TR,,2023-01-01,2023-12-31,,GCW_2023
GCW_TR_2023_gw-tds_L2_v2-1.parquet,Year 2023 sensor data for TR plot at GCW site,,2023-01-01,2023-12-31,'NA',GCW_2023
GCW_TR_2023_gw-tds_L2_v2-1.pdf,Plots of Jan 2023 sensor data for GCW-TR,,2023-01-01,2023-12-31,,GCW_2023
GCW_TR_2023_gw-temperature_L2_v2-1.parquet,Year 2023 sensor data for TR plot at GCW site,,2023-01-01,2023-12-31,'NA',GCW_2023
GCW_TR_2023_gw-temperature_L2_v2-1.pdf,Plots of Jan 2023 sensor data for GCW-TR,,2023-01-01,2023-12-31,,GCW_2023
GCW_TR_2023_gw-voltage-ext_L2_v2-1.parquet,Year 2023 sensor data for TR plot at GCW site,,2023-01-01,2023-12-31,'NA',GCW_2023
GCW_TR_2023_gw-voltage-ext_L2_v2-1.pdf,Plots of Jan 2023 sensor data for GCW-TR,,2023-01-01,2023-12-31,,GCW_2023
GCW_TR_2023_gw-wl-below-surface_L2_v2-1.parquet,Year 2023 sensor data for TR plot at GCW site,,2023-01-01,2023-12-31,'NA',GCW_2023
GCW_TR_2023_gw-wl-below-surface_L2_v2-1.pdf,Plots of Jan 2023 sensor data for GCW-TR,,2023-01-01,2023-12-31,,GCW_2023
GCW_TR_2023_sapflow-3.5cm_L2_v2-1.parquet,Year 2023 sensor data for TR plot at GCW site,,2023-01-01,2023-12-31,'NA',GCW_2023
GCW_TR_2023_sapflow-3.5cm_L2_v2-1.pdf,Plots of Jan 2023 sensor data for GCW-TR,,2023-01-01,2023-12-31,,GCW_2023
GCW_TR_2023_soil-EC-10cm_L2_v2-1.parquet,Year 2023 sensor data for TR plot at GCW site,,2023-01-01,2023-12-31,'NA',GCW_2023
GCW_TR_2023_soil-EC-10cm_L2_v2-1.pdf,Plots of Jan 2023 sensor data for GCW-TR,,2023-01-01,2023-12-31,,GCW_2023
GCW_TR_2023_soil-EC-30cm_L2_v2-1.parquet,Year 2023 sensor data for TR plot at GCW site,,2023-01-01,2023-12-31,'NA',GCW_2023
GCW_TR_2023_soil-EC-30cm_L2_v2-1.pdf,Plots of Jan 2023 sensor data for GCW-TR,,2023-01-01,2023-12-31,,GCW_2023
GCW_TR_2023_soil-salinity-10cm_L2_v2-1.parquet,Year 2023 sensor data for TR plot at GCW site,,2023-01-01,2023-12-31,'NA',GCW_2023
GCW_TR_2023_soil-salinity-10cm_L2_v2-1.pdf,Plots of Jan 2023 sensor data for GCW-TR,,2023-01-01,2023-12-31,,GCW_2023
GCW_TR_2023_soil-salinity-30cm_L2_v2-1.parquet,Year 2023 sensor data for TR plot at GCW site,,2023-01-01,2023-12-31,'NA',GCW_2023
GCW_TR_2023_soil-salinity-30cm_L2_v2-1.pdf,Plots of Jan 2023 sensor data for GCW-TR,,2023-01-01,2023-12-31,,GCW_2023
GCW_TR_2023_soil-temp-10cm_L2_v2-1.parquet,Year 2023 sensor data for TR plot at GCW site,,2023-01-01,2023-12-31,'NA',GCW_2023
GCW_TR_2023_soil-temp-10cm_L2_v2-1.pdf,Plots of Jan 2023 sensor data for GCW-TR,,2023-01-01,2023-12-31,,GCW_2023
GCW_TR_2023_soil-temp-30cm_L2_v2-1.parquet,Year 2023 sensor data for TR plot at GCW site,,2023-01-01,2023-12-31,'NA',GCW_2023
GCW_TR_2023_soil-temp-30cm_L2_v2-1.pdf,Plots of Jan 2023 sensor data for GCW-TR,,2023-01-01,2023-12-31,,GCW_2023
GCW_TR_2023_soil-vwc-10cm_L2_v2-1.parquet,Year 2023 sensor data for TR plot at GCW site,,2023-01-01,2023-12-31,'NA',GCW_2023
GCW_TR_2023_soil-vwc-10cm_L2_v2-1.pdf,Plots of Jan 2023 sensor data for GCW-TR,,2023-01-01,2023-12-31,,GCW_2023
GCW_TR_2023_soil-vwc-30cm_L2_v2-1.parquet,Year 2023 sensor data for TR plot at GCW site,,2023-01-01,2023-12-31,'NA',GCW_2023
GCW_TR_2023_soil-vwc-30cm_L2_v2-1.pdf,Plots of Jan 2023 sensor data for GCW-TR,,2023-01-01,2023-12-31,,GCW_2023
GCW_UP_2023_gw-act-cond_L2_v2-1.parquet,Year 2023 sensor data for UP plot at GCW site,,2023-01-01,2023-12-31,'NA',GCW_2023
GCW_UP_2023_gw-act-cond_L2_v2-1.pdf,Plots of Jan 2023 sensor data for GCW-UP,,2023-01-01,2023-12-31,,GCW_2023
GCW_UP_2023_gw-bar-pressure_L2_v2-1.parquet,Year 2023 sensor data for UP plot at GCW site,,2023-01-01,2023-12-31,'NA',GCW_2023
GCW_UP_2023_gw-bar-pressure_L2_v2-1.pdf,Plots of Jan 2023 sensor data for GCW-UP,,2023-01-01,2023-12-31,,GCW_2023
GCW_UP_2023_gw-density_L2_v2-1.parquet,Year 2023 sensor data for UP plot at GCW site,,2023-01-01,2023-12-31,'NA',GCW_2023
GCW_UP_2023_gw-density_L2_v2-1.pdf,Plots of Jan 2023 sensor data for GCW-UP,,2023-01-01,2023-12-31,,GCW_2023
GCW_UP_2023_gw-depth_L2_v2-1.parquet,Year 2023 sensor data for UP plot at GCW site,,2023-01-01,2023-12-31,'NA',GCW_2023
GCW_UP_2023_gw-depth_L2_v2-1.pdf,Plots of Jan 2023 sensor data for GCW-UP,,2023-01-01,2023-12-31,,GCW_2023
GCW_UP_2023_gw-part-pressure_L2_v2-1.parquet,Year 2023 sensor data for UP plot at GCW site,,2023-01-01,2023-12-31,'NA',GCW_2023
GCW_UP_2023_gw-part-pressure_L2_v2-1.pdf,Plots of Jan 2023 sensor data for GCW-UP,,2023-01-01,2023-12-31,,GCW_2023
GCW_UP_2023_gw-perc-sat_L2_v2-1.parquet,Year 2023 sensor data for UP plot at GCW site,,2023-01-01,2023-12-31,'NA',GCW_2023
GCW_UP_2023_gw-perc-sat_L2_v2-1.pdf,Plots of Jan 2023 sensor data for GCW-UP,,2023-01-01,2023-12-31,,GCW_2023
GCW_UP_2023_gw-ph_L2_v2-1.parquet,Year 2023 sensor data for UP plot at GCW site,,2023-01-01,2023-12-31,'NA',GCW_2023
GCW_UP_2023_gw-ph_L2_v2-1.pdf,Plots of Jan 2023 sensor data for GCW-UP,,2023-01-01,2023-12-31,,GCW_2023
GCW_UP_2023_gw-ph-mv_L2_v2-1.parquet,Year 2023 sensor data for UP plot at GCW site,,2023-01-01,2023-12-31,'NA',GCW_2023
GCW_UP_2023_gw-ph-mv_L2_v2-1.pdf,Plots of Jan 2023 sensor data for GCW-UP,,2023-01-01,2023-12-31,,GCW_2023
GCW_UP_2023_gw-ph-orp_L2_v2-1.parquet,Year 2023 sensor data for UP plot at GCW site,,2023-01-01,2023-12-31,'NA',GCW_2023
GCW_UP_2023_gw-ph-orp_L2_v2-1.pdf,Plots of Jan 2023 sensor data for GCW-UP,,2023-01-01,2023-12-31,,GCW_2023
GCW_UP_2023_gw-pressure-unvented_L2_v2-1.parquet,Year 2023 sensor data for UP plot at GCW site,,2023-01-01,2023-12-31,'NA',GCW_2023
GCW_UP_2023_gw-pressure-unvented_L2_v2-1.pdf,Plots of Jan 2023 sensor data for GCW-UP,,2023-01-01,2023-12-31,,GCW_2023
GCW_UP_2023_gw-rdo-conc_L2_v2-1.parquet,Year 2023 sensor data for UP plot at GCW site,,2023-01-01,2023-12-31,'NA',GCW_2023
GCW_UP_2023_gw-rdo-conc_L2_v2-1.pdf,Plots of Jan 2023 sensor data for GCW-UP,,2023-01-01,2023-12-31,,GCW_2023
GCW_UP_2023_gw-resistivity_L2_v2-1.parquet,Year 2023 sensor data for UP plot at GCW site,,2023-01-01,2023-12-31,'NA',GCW_2023
GCW_UP_2023_gw-resistivity_L2_v2-1.pdf,Plots of Jan 2023 sensor data for GCW-UP,,2023-01-01,2023-12-31,,GCW_2023
GCW_UP_2023_gw-salinity_L2_v2-1.parquet,Year 2023 sensor data for UP plot at GCW site,,2023-01-01,2023-12-31,'NA',GCW_2023
GCW_UP_2023_gw-salinity_L2_v2-1.pdf,Plots of Jan 2023 sensor data for GCW-UP,,2023-01-01,2023-12-31,,GCW_2023
GCW_UP_2023_gw-spec-cond_L2_v2-1.parquet,Year 2023 sensor data for UP plot at GCW site,,2023-01-01,2023-12-31,'NA',GCW_2023
GCW_UP_2023_gw-spec-cond_L2_v2-1.pdf,Plots of Jan 2023 sensor data for GCW-UP,,2023-01-01,2023-12-31,,GCW_2023
GCW_UP_2023_gw-tds_L2_v2-1.parquet,Year 2023 sensor data for UP plot at GCW site,,2023-01-01,2023-12-31,'NA',GCW_2023
GCW_UP_2023_gw-tds_L2_v2-1.pdf,Plots of Jan 2023 sensor data for GCW-UP,,2023-01-01,2023-12-31,,GCW_2023
GCW_UP_2023_gw-temperature_L2_v2-1.parquet,Year 2023 sensor data for UP plot at GCW site,,2023-01-01,2023-12-31,'NA',GCW_2023
GCW_UP_2023_gw-temperature_L2_v2-1.pdf,Plots of Jan 2023 sensor data for GCW-UP,,2023-01-01,2023-12-31,,GCW_2023
GCW_UP_2023_gw-temperature-int_L2_v2-1.parquet,Year 2023 sensor data for UP plot at GCW site,,2023-01-01,2023-12-31,'NA',GCW_2023
GCW_UP_2023_gw-temperature-int_L2_v2-1.pdf,Plots of Jan 2023 sensor data for GCW-UP,,2023-01-01,2023-12-31,,GCW_2023
GCW_UP_2023_gw-voltage-ext_L2_v2-1.parquet,Year 2023 sensor data for UP plot at GCW site,,2023-01-01,2023-12-31,'NA',GCW_2023
GCW_UP_2023_gw-voltage-ext_L2_v2-1.pdf,Plots of Jan 2023 sensor data for GCW-UP,,2023-01-01,2023-12-31,,GCW_2023
GCW_UP_2023_sapflow-3.5cm_L2_v2-1.parquet,Year 2023 sensor data for UP plot at GCW site,,2023-01-01,2023-12-31,'NA',GCW_2023
GCW_UP_2023_sapflow-3.5cm_L2_v2-1.pdf,Plots of Jan 2023 sensor data for GCW-UP,,2023-01-01,2023-12-31,,GCW_2023
GCW_UP_2023_sapflow-5cm_L2_v2-1.parquet,Year 2023 sensor data for UP plot at GCW site,,2023-01-01,2023-12-31,'NA',GCW_2023
GCW_UP_2023_sapflow-5cm_L2_v2-1.pdf,Plots of Jan 2023 sensor data for GCW-UP,,2023-01-01,2023-12-31,,GCW_2023
GCW_UP_2023_soil-EC-15cm_L2_v2-1.parquet,Year 2023 sensor data for UP plot at GCW site,,2023-01-01,2023-12-31,'NA',GCW_2023
GCW_UP_2023_soil-EC-15cm_L2_v2-1.pdf,Plots of Jan 2023 sensor data for GCW-UP,,2023-01-01,2023-12-31,,GCW_2023
GCW_UP_2023_soil-EC-30cm_L2_v2-1.parquet,Year 2023 sensor data for UP plot at GCW site,,2023-01-01,2023-12-31,'NA',GCW_2023
GCW_UP_2023_soil-EC-30cm_L2_v2-1.pdf,Plots of Jan 2023 sensor data for GCW-UP,,2023-01-01,2023-12-31,,GCW_2023
GCW_UP_2023_soil-EC-5cm_L2_v2-1.parquet,Year 2023 sensor data for UP plot at GCW site,,2023-01-01,2023-12-31,'NA',GCW_2023
GCW_UP_2023_soil-EC-5cm_L2_v2-1.pdf,Plots of Jan 2023 sensor data for GCW-UP,,2023-01-01,2023-12-31,,GCW_2023
GCW_UP_2023_soil-salinity-15cm_L2_v2-1.parquet,Year 2023 sensor data for UP plot at GCW site,,2023-01-01,2023-12-31,'NA',GCW_2023
GCW_UP_2023_soil-salinity-15cm_L2_v2-1.pdf,Plots of Jan 2023 sensor data for GCW-UP,,2023-01-01,2023-12-31,,GCW_2023
GCW_UP_2023_soil-salinity-30cm_L2_v2-1.parquet,Year 2023 sensor data for UP plot at GCW site,,2023-01-01,2023-12-31,'NA',GCW_2023
GCW_UP_2023_soil-salinity-30cm_L2_v2-1.pdf,Plots of Jan 2023 sensor data for GCW-UP,,2023-01-01,2023-12-31,,GCW_2023
GCW_UP_2023_soil-salinity-5cm_L2_v2-1.parquet,Year 2023 sensor data for UP plot at GCW site,,2023-01-01,2023-12-31,'NA',GCW_2023
GCW_UP_2023_soil-salinity-5cm_L2_v2-1.pdf,Plots of Jan 2023 sensor data for GCW-UP,,2023-01-01,2023-12-31,,GCW_2023
GCW_UP_2023_soil-temp-15cm_L2_v2-1.parquet,Year 2023 sensor data for UP plot at GCW site,,2023-01-01,2023-12-31,'NA',GCW_2023
GCW_UP_2023_soil-temp-15cm_L2_v2-1.pdf,Plots of Jan 2023 sensor data for GCW-UP,,2023-01-01,2023-12-31,,GCW_2023
GCW_UP_2023_soil-temp-30cm_L2_v2-1.parquet,Year 2023 sensor data for UP plot at GCW site,,2023-01-01,2023-12-31,'NA',GCW_2023
GCW_UP_2023_soil-temp-30cm_L2_v2-1.pdf,Plots of Jan 2023 sensor data for GCW-UP,,2023-01-01,2023-12-31,,GCW_2023
GCW_UP_2023_soil-temp-5cm_L2_v2-1.parquet,Year 2023 sensor data for UP plot at GCW site,,2023-01-01,2023-12-31,'NA',GCW_2023
GCW_UP_2023_soil-temp-5cm_L2_v2-1.pdf,Plots of Jan 2023 sensor data for GCW-UP,,2023-01-01,2023-12-31,,GCW_2023
GCW_UP_2023_soil-vwc-15cm_L2_v2-1.parquet,Year 2023 sensor data for UP plot at GCW site,,2023-01-01,2023-12-31,'NA',GCW_2023
GCW_UP_2023_soil-vwc-15cm_L2_v2-1.pdf,Plots of Jan 2023 sensor data for GCW-UP,,2023-01-01,2023-12-31,,GCW_2023
GCW_UP_2023_soil-vwc-30cm_L2_v2-1.parquet,Year 2023 sensor data for UP plot at GCW site,,2023-01-01,2023-12-31,'NA',GCW_2023
GCW_UP_2023_soil-vwc-30cm_L2_v2-1.pdf,Plots of Jan 2023 sensor data for GCW-UP,,2023-01-01,2023-12-31,,GCW_2023
GCW_UP_2023_soil-vwc-5cm_L2_v2-1.parquet,Year 2023 sensor data for UP plot at GCW site,,2023-01-01,2023-12-31,'NA',GCW_2023
GCW_UP_2023_soil-vwc-5cm_L2_v2-1.pdf,Plots of Jan 2023 sensor data for GCW-UP,,2023-01-01,2023-12-31,,GCW_2023
GCW_W_2023_gw-act-cond_L2_v2-1.parquet,Year 2023 sensor data for W plot at GCW site,,2023-01-01,2023-12-31,'NA',GCW_2023
GCW_W_2023_gw-act-cond_L2_v2-1.pdf,Plots of Jan 2023 sensor data for GCW-W,,2023-01-01,2023-12-31,,GCW_2023
GCW_W_2023_gw-bar-pressure_L2_v2-1.parquet,Year 2023 sensor data for W plot at GCW site,,2023-01-01,2023-12-31,'NA',GCW_2023
GCW_W_2023_gw-bar-pressure_L2_v2-1.pdf,Plots of Jan 2023 sensor data for GCW-W,,2023-01-01,2023-12-31,,GCW_2023
GCW_W_2023_gw-battery_L2_v2-1.parquet,Year 2023 sensor data for W plot at GCW site,,2023-01-01,2023-12-31,'NA',GCW_2023
GCW_W_2023_gw-battery_L2_v2-1.pdf,Plots of Jan 2023 sensor data for GCW-W,,2023-01-01,2023-12-31,,GCW_2023
GCW_W_2023_gw-density_L2_v2-1.parquet,Year 2023 sensor data for W plot at GCW site,,2023-01-01,2023-12-31,'NA',GCW_2023
GCW_W_2023_gw-density_L2_v2-1.pdf,Plots of Jan 2023 sensor data for GCW-W,,2023-01-01,2023-12-31,,GCW_2023
GCW_W_2023_gw-depth_L2_v2-1.parquet,Year 2023 sensor data for W plot at GCW site,,2023-01-01,2023-12-31,'NA',GCW_2023
GCW_W_2023_gw-depth_L2_v2-1.pdf,Plots of Jan 2023 sensor data for GCW-W,,2023-01-01,2023-12-31,,GCW_2023
GCW_W_2023_gw-part-pressure_L2_v2-1.parquet,Year 2023 sensor data for W plot at GCW site,,2023-01-01,2023-12-31,'NA',GCW_2023
GCW_W_2023_gw-part-pressure_L2_v2-1.pdf,Plots of Jan 2023 sensor data for GCW-W,,2023-01-01,2023-12-31,,GCW_2023
GCW_W_2023_gw-perc-sat_L2_v2-1.parquet,Year 2023 sensor data for W plot at GCW site,,2023-01-01,2023-12-31,'NA',GCW_2023
GCW_W_2023_gw-perc-sat_L2_v2-1.pdf,Plots of Jan 2023 sensor data for GCW-W,,2023-01-01,2023-12-31,,GCW_2023
GCW_W_2023_gw-ph_L2_v2-1.parquet,Year 2023 sensor data for W plot at GCW site,,2023-01-01,2023-12-31,'NA',GCW_2023
GCW_W_2023_gw-ph_L2_v2-1.pdf,Plots of Jan 2023 sensor data for GCW-W,,2023-01-01,2023-12-31,,GCW_2023
GCW_W_2023_gw-ph-mv_L2_v2-1.parquet,Year 2023 sensor data for W plot at GCW site,,2023-01-01,2023-12-31,'NA',GCW_2023
GCW_W_2023_gw-ph-mv_L2_v2-1.pdf,Plots of Jan 2023 sensor data for GCW-W,,2023-01-01,2023-12-31,,GCW_2023
GCW_W_2023_gw-ph-orp_L2_v2-1.parquet,Year 2023 sensor data for W plot at GCW site,,2023-01-01,2023-12-31,'NA',GCW_2023
GCW_W_2023_gw-ph-orp_L2_v2-1.pdf,Plots of Jan 2023 sensor data for GCW-W,,2023-01-01,2023-12-31,,GCW_2023
GCW_W_2023_gw-pressure-vented_L2_v2-1.parquet,Year 2023 sensor data for W plot at GCW site,,2023-01-01,2023-12-31,'NA',GCW_2023
GCW_W_2023_gw-pressure-vented_L2_v2-1.pdf,Plots of Jan 2023 sensor data for GCW-W,,2023-01-01,2023-12-31,,GCW_2023
GCW_W_2023_gw-rdo-conc_L2_v2-1.parquet,Year 2023 sensor data for W plot at GCW site,,2023-01-01,2023-12-31,'NA',GCW_2023
GCW_W_2023_gw-rdo-conc_L2_v2-1.pdf,Plots of Jan 2023 sensor data for GCW-W,,2023-01-01,2023-12-31,,GCW_2023
GCW_W_2023_gw-resistivity_L2_v2-1.parquet,Year 2023 sensor data for W plot at GCW site,,2023-01-01,2023-12-31,'NA',GCW_2023
GCW_W_2023_gw-resistivity_L2_v2-1.pdf,Plots of Jan 2023 sensor data for GCW-W,,2023-01-01,2023-12-31,,GCW_2023
GCW_W_2023_gw-salinity_L2_v2-1.parquet,Year 2023 sensor data for W plot at GCW site,,2023-01-01,2023-12-31,'NA',GCW_2023
GCW_W_2023_gw-salinity_L2_v2-1.pdf,Plots of Jan 2023 sensor data for GCW-W,,2023-01-01,2023-12-31,,GCW_2023
GCW_W_2023_gw-spec-cond_L2_v2-1.parquet,Year 2023 sensor data for W plot at GCW site,,2023-01-01,2023-12-31,'NA',GCW_2023
GCW_W_2023_gw-spec-cond_L2_v2-1.pdf,Plots of Jan 2023 sensor data for GCW-W,,2023-01-01,2023-12-31,,GCW_2023
GCW_W_2023_gw-tds_L2_v2-1.parquet,Year 2023 sensor data for W plot at GCW site,,2023-01-01,2023-12-31,'NA',GCW_2023
GCW_W_2023_gw-tds_L2_v2-1.pdf,Plots of Jan 2023 sensor data for GCW-W,,2023-01-01,2023-12-31,,GCW_2023
GCW_W_2023_gw-temperature_L2_v2-1.parquet,Year 2023 sensor data for W plot at GCW site,,2023-01-01,2023-12-31,'NA',GCW_2023
GCW_W_2023_gw-temperature_L2_v2-1.pdf,Plots of Jan 2023 sensor data for GCW-W,,2023-01-01,2023-12-31,,GCW_2023
GCW_W_2023_gw-voltage-ext_L2_v2-1.parquet,Year 2023 sensor data for W plot at GCW site,,2023-01-01,2023-12-31,'NA',GCW_2023
GCW_W_2023_gw-voltage-ext_L2_v2-1.pdf,Plots of Jan 2023 sensor data for GCW-W,,2023-01-01,2023-12-31,,GCW_2023
GCW_W_2023_gw-wl-below-surface_L2_v2-1.parquet,Year 2023 sensor data for W plot at GCW site,,2023-01-01,2023-12-31,'NA',GCW_2023
GCW_W_2023_gw-wl-below-surface_L2_v2-1.pdf,Plots of Jan 2023 sensor data for GCW-W,,2023-01-01,2023-12-31,,GCW_2023
GCW_W_2023_soil-EC-10cm_L2_v2-1.parquet,Year 2023 sensor data for W plot at GCW site,,2023-01-01,2023-12-31,'NA',GCW_2023
GCW_W_2023_soil-EC-10cm_L2_v2-1.pdf,Plots of Jan 2023 sensor data for GCW-W,,2023-01-01,2023-12-31,,GCW_2023
GCW_W_2023_soil-EC-30cm_L2_v2-1.parquet,Year 2023 sensor data for W plot at GCW site,,2023-01-01,2023-12-31,'NA',GCW_2023
GCW_W_2023_soil-EC-30cm_L2_v2-1.pdf,Plots of Jan 2023 sensor data for GCW-W,,2023-01-01,2023-12-31,,GCW_2023
GCW_W_2023_soil-salinity-10cm_L2_v2-1.parquet,Year 2023 sensor data for W plot at GCW site,,2023-01-01,2023-12-31,'NA',GCW_2023
GCW_W_2023_soil-salinity-10cm_L2_v2-1.pdf,Plots of Jan 2023 sensor data for GCW-W,,2023-01-01,2023-12-31,,GCW_2023
GCW_W_2023_soil-salinity-30cm_L2_v2-1.parquet,Year 2023 sensor data for W plot at GCW site,,2023-01-01,2023-12-31,'NA',GCW_2023
GCW_W_2023_soil-salinity-30cm_L2_v2-1.pdf,Plots of Jan 2023 sensor data for GCW-W,,2023-01-01,2023-12-31,,GCW_2023
GCW_W_2023_soil-temp-10cm_L2_v2-1.parquet,Year 2023 sensor data for W plot at GCW site,,2023-01-01,2023-12-31,'NA',GCW_2023
GCW_W_2023_soil-temp-10cm_L2_v2-1.pdf,Plots of Jan 2023 sensor data for GCW-W,,2023-01-01,2023-12-31,,GCW_2023
GCW_W_2023_soil-temp-30cm_L2_v2-1.parquet,Year 2023 sensor data for W plot at GCW site,,2023-01-01,2023-12-31,'NA',GCW_2023
GCW_W_2023_soil-temp-30cm_L2_v2-1.pdf,Plots of Jan 2023 sensor data for GCW-W,,2023-01-01,2023-12-31,,GCW_2023
GCW_W_2023_soil-vwc-10cm_L2_v2-1.parquet,Year 2023 sensor data for W plot at GCW site,,2023-01-01,2023-12-31,'NA',GCW_2023
GCW_W_2023_soil-vwc-10cm_L2_v2-1.pdf,Plots of Jan 2023 sensor data for GCW-W,,2023-01-01,2023-12-31,,GCW_2023
GCW_W_2023_soil-vwc-30cm_L2_v2-1.parquet,Year 2023 sensor data for W plot at GCW site,,2023-01-01,2023-12-31,'NA',GCW_2023
GCW_W_2023_soil-vwc-30cm_L2_v2-1.pdf,Plots of Jan 2023 sensor data for GCW-W,,2023-01-01,2023-12-31,,GCW_2023
GCW_W_2023_wx-barpress15_L2_v2-1.parquet,Year 2023 sensor data for W plot at GCW site,,2023-01-01,2023-12-31,'NA',GCW_2023
GCW_W_2023_wx-barpress15_L2_v2-1.pdf,Plots of Jan 2023 sensor data for GCW-W,,2023-01-01,2023-12-31,,GCW_2023
GCW_W_2023_wx-gcrew-rain15_L2_v2-1.parquet,Year 2023 sensor data for W plot at GCW site,,2023-01-01,2023-12-31,'NA',GCW_2023
GCW_W_2023_wx-gcrew-rain15_L2_v2-1.pdf,Plots of Jan 2023 sensor data for GCW-W,,2023-01-01,2023-12-31,,GCW_2023
GCW_W_2023_wx-maxws15_L2_v2-1.parquet,Year 2023 sensor data for W plot at GCW site,,2023-01-01,2023-12-31,'NA',GCW_2023
GCW_W_2023_wx-maxws15_L2_v2-1.pdf,Plots of Jan 2023 sensor data for GCW-W,,2023-01-01,2023-12-31,,GCW_2023
GCW_W_2023_wx-minws15_L2_v2-1.parquet,Year 2023 sensor data for W plot at GCW site,,2023-01-01,2023-12-31,'NA',GCW_2023
GCW_W_2023_wx-minws15_L2_v2-1.pdf,Plots of Jan 2023 sensor data for GCW-W,,2023-01-01,2023-12-31,,GCW_2023
GCW_W_2023_wx-par-den15_L2_v2-1.parquet,Year 2023 sensor data for W plot at GCW site,,2023-01-01,2023-12-31,'NA',GCW_2023
GCW_W_2023_wx-par-den15_L2_v2-1.pdf,Plots of Jan 2023 sensor data for GCW-W,,2023-01-01,2023-12-31,,GCW_2023
GCW_W_2023_wx-rh15_L2_v2-1.parquet,Year 2023 sensor data for W plot at GCW site,,2023-01-01,2023-12-31,'NA',GCW_2023
GCW_W_2023_wx-rh15_L2_v2-1.pdf,Plots of Jan 2023 sensor data for GCW-W,,2023-01-01,2023-12-31,,GCW_2023
GCW_W_2023_wx-slr-fd15_L2_v2-1.parquet,Year 2023 sensor data for W plot at GCW site,,2023-01-01,2023-12-31,'NA',GCW_2023
GCW_W_2023_wx-slr-fd15_L2_v2-1.pdf,Plots of Jan 2023 sensor data for GCW-W,,2023-01-01,2023-12-31,,GCW_2023
GCW_W_2023_wx-slr-tf15_L2_v2-1.parquet,Year 2023 sensor data for W plot at GCW site,,2023-01-01,2023-12-31,'NA',GCW_2023
GCW_W_2023_wx-slr-tf15_L2_v2-1.pdf,Plots of Jan 2023 sensor data for GCW-W,,2023-01-01,2023-12-31,,GCW_2023
GCW_W_2023_wx-svp15_L2_v2-1.parquet,Year 2023 sensor data for W plot at GCW site,,2023-01-01,2023-12-31,'NA',GCW_2023
GCW_W_2023_wx-svp15_L2_v2-1.pdf,Plots of Jan 2023 sensor data for GCW-W,,2023-01-01,2023-12-31,,GCW_2023
GCW_W_2023_wx-tempavg15_L2_v2-1.parquet,Year 2023 sensor data for W plot at GCW site,,2023-01-01,2023-12-31,'NA',GCW_2023
GCW_W_2023_wx-tempavg15_L2_v2-1.pdf,Plots of Jan 2023 sensor data for GCW-W,,2023-01-01,2023-12-31,,GCW_2023
GCW_W_2023_wx-vp15_L2_v2-1.parquet,Year 2023 sensor data for W plot at GCW site,,2023-01-01,2023-12-31,'NA',GCW_2023
GCW_W_2023_wx-vp15_L2_v2-1.pdf,Plots of Jan 2023 sensor data for GCW-W,,2023-01-01,2023-12-31,,GCW_2023
GCW_W_2023_wx-winddir15_L2_v2-1.parquet,Year 2023 sensor data for W plot at GCW site,,2023-01-01,2023-12-31,'NA',GCW_2023
GCW_W_2023_wx-winddir15_L2_v2-1.pdf,Plots of Jan 2023 sensor data for GCW-W,,2023-01-01,2023-12-31,,GCW_2023
GCW_W_2023_wx-windspeed15_L2_v2-1.parquet,Year 2023 sensor data for W plot at GCW site,,2023-01-01,2023-12-31,'NA',GCW_2023
GCW_W_2023_wx-windspeed15_L2_v2-1.pdf,Plots of Jan 2023 sensor data for GCW-W,,2023-01-01,2023-12-31,,GCW_2023
GCW_2024_L2_v2-1_metadata.txt,Metadata for all data files in GCW_2024 folder,,,,,GCW_2024
GCW_TR_2024_gw-act-cond_L2_v2-1.parquet,Year 2024 sensor data for TR plot at GCW site,,2024-01-01,2024-12-31,'NA',GCW_2024
GCW_TR_2024_gw-act-cond_L2_v2-1.pdf,Plots of Jan 2024 sensor data for GCW-TR,,2024-01-01,2024-12-31,,GCW_2024
GCW_TR_2024_gw-bar-pressure_L2_v2-1.parquet,Year 2024 sensor data for TR plot at GCW site,,2024-01-01,2024-12-31,'NA',GCW_2024
GCW_TR_2024_gw-bar-pressure_L2_v2-1.pdf,Plots of Jan 2024 sensor data for GCW-TR,,2024-01-01,2024-12-31,,GCW_2024
GCW_TR_2024_gw-battery_L2_v2-1.parquet,Year 2024 sensor data for TR plot at GCW site,,2024-01-01,2024-12-31,'NA',GCW_2024
GCW_TR_2024_gw-battery_L2_v2-1.pdf,Plots of Jan 2024 sensor data for GCW-TR,,2024-01-01,2024-12-31,,GCW_2024
GCW_TR_2024_gw-density_L2_v2-1.parquet,Year 2024 sensor data for TR plot at GCW site,,2024-01-01,2024-12-31,'NA',GCW_2024
GCW_TR_2024_gw-density_L2_v2-1.pdf,Plots of Jan 2024 sensor data for GCW-TR,,2024-01-01,2024-12-31,,GCW_2024
GCW_TR_2024_gw-depth_L2_v2-1.parquet,Year 2024 sensor data for TR plot at GCW site,,2024-01-01,2024-12-31,'NA',GCW_2024
GCW_TR_2024_gw-depth_L2_v2-1.pdf,Plots of Jan 2024 sensor data for GCW-TR,,2024-01-01,2024-12-31,,GCW_2024
GCW_TR_2024_gw-part-pressure_L2_v2-1.parquet,Year 2024 sensor data for TR plot at GCW site,,2024-01-01,2024-12-31,'NA',GCW_2024
GCW_TR_2024_gw-part-pressure_L2_v2-1.pdf,Plots of Jan 2024 sensor data for GCW-TR,,2024-01-01,2024-12-31,,GCW_2024
GCW_TR_2024_gw-perc-sat_L2_v2-1.parquet,Year 2024 sensor data for TR plot at GCW site,,2024-01-01,2024-12-31,'NA',GCW_2024
GCW_TR_2024_gw-perc-sat_L2_v2-1.pdf,Plots of Jan 2024 sensor data for GCW-TR,,2024-01-01,2024-12-31,,GCW_2024
GCW_TR_2024_gw-ph_L2_v2-1.parquet,Year 2024 sensor data for TR plot at GCW site,,2024-01-01,2024-12-31,'NA',GCW_2024
GCW_TR_2024_gw-ph_L2_v2-1.pdf,Plots of Jan 2024 sensor data for GCW-TR,,2024-01-01,2024-12-31,,GCW_2024
GCW_TR_2024_gw-ph-mv_L2_v2-1.parquet,Year 2024 sensor data for TR plot at GCW site,,2024-01-01,2024-12-31,'NA',GCW_2024
GCW_TR_2024_gw-ph-mv_L2_v2-1.pdf,Plots of Jan 2024 sensor data for GCW-TR,,2024-01-01,2024-12-31,,GCW_2024
GCW_TR_2024_gw-ph-orp_L2_v2-1.parquet,Year 2024 sensor data for TR plot at GCW site,,2024-01-01,2024-12-31,'NA',GCW_2024
GCW_TR_2024_gw-ph-orp_L2_v2-1.pdf,Plots of Jan 2024 sensor data for GCW-TR,,2024-01-01,2024-12-31,,GCW_2024
GCW_TR_2024_gw-pressure-vented_L2_v2-1.parquet,Year 2024 sensor data for TR plot at GCW site,,2024-01-01,2024-12-31,'NA',GCW_2024
GCW_TR_2024_gw-pressure-vented_L2_v2-1.pdf,Plots of Jan 2024 sensor data for GCW-TR,,2024-01-01,2024-12-31,,GCW_2024
GCW_TR_2024_gw-rdo-conc_L2_v2-1.parquet,Year 2024 sensor data for TR plot at GCW site,,2024-01-01,2024-12-31,'NA',GCW_2024
GCW_TR_2024_gw-rdo-conc_L2_v2-1.pdf,Plots of Jan 2024 sensor data for GCW-TR,,2024-01-01,2024-12-31,,GCW_2024
GCW_TR_2024_gw-resistivity_L2_v2-1.parquet,Year 2024 sensor data for TR plot at GCW site,,2024-01-01,2024-12-31,'NA',GCW_2024
GCW_TR_2024_gw-resistivity_L2_v2-1.pdf,Plots of Jan 2024 sensor data for GCW-TR,,2024-01-01,2024-12-31,,GCW_2024
GCW_TR_2024_gw-salinity_L2_v2-1.parquet,Year 2024 sensor data for TR plot at GCW site,,2024-01-01,2024-12-31,'NA',GCW_2024
GCW_TR_2024_gw-salinity_L2_v2-1.pdf,Plots of Jan 2024 sensor data for GCW-TR,,2024-01-01,2024-12-31,,GCW_2024
GCW_TR_2024_gw-spec-cond_L2_v2-1.parquet,Year 2024 sensor data for TR plot at GCW site,,2024-01-01,2024-12-31,'NA',GCW_2024
GCW_TR_2024_gw-spec-cond_L2_v2-1.pdf,Plots of Jan 2024 sensor data for GCW-TR,,2024-01-01,2024-12-31,,GCW_2024
GCW_TR_2024_gw-tds_L2_v2-1.parquet,Year 2024 sensor data for TR plot at GCW site,,2024-01-01,2024-12-31,'NA',GCW_2024
GCW_TR_2024_gw-tds_L2_v2-1.pdf,Plots of Jan 2024 sensor data for GCW-TR,,2024-01-01,2024-12-31,,GCW_2024
GCW_TR_2024_gw-temperature_L2_v2-1.parquet,Year 2024 sensor data for TR plot at GCW site,,2024-01-01,2024-12-31,'NA',GCW_2024
GCW_TR_2024_gw-temperature_L2_v2-1.pdf,Plots of Jan 2024 sensor data for GCW-TR,,2024-01-01,2024-12-31,,GCW_2024
GCW_TR_2024_gw-voltage-ext_L2_v2-1.parquet,Year 2024 sensor data for TR plot at GCW site,,2024-01-01,2024-12-31,'NA',GCW_2024
GCW_TR_2024_gw-voltage-ext_L2_v2-1.pdf,Plots of Jan 2024 sensor data for GCW-TR,,2024-01-01,2024-12-31,,GCW_2024
GCW_TR_2024_gw-wl-below-surface_L2_v2-1.parquet,Year 2024 sensor data for TR plot at GCW site,,2024-01-01,2024-12-31,'NA',GCW_2024
GCW_TR_2024_gw-wl-below-surface_L2_v2-1.pdf,Plots of Jan 2024 sensor data for GCW-TR,,2024-01-01,2024-12-31,,GCW_2024
GCW_TR_2024_sapflow-3.5cm_L2_v2-1.parquet,Year 2024 sensor data for TR plot at GCW site,,2024-01-01,2024-12-31,'NA',GCW_2024
GCW_TR_2024_sapflow-3.5cm_L2_v2-1.pdf,Plots of Jan 2024 sensor data for GCW-TR,,2024-01-01,2024-12-31,,GCW_2024
GCW_TR_2024_soil-EC-10cm_L2_v2-1.parquet,Year 2024 sensor data for TR plot at GCW site,,2024-01-01,2024-12-31,'NA',GCW_2024
GCW_TR_2024_soil-EC-10cm_L2_v2-1.pdf,Plots of Jan 2024 sensor data for GCW-TR,,2024-01-01,2024-12-31,,GCW_2024
GCW_TR_2024_soil-EC-30cm_L2_v2-1.parquet,Year 2024 sensor data for TR plot at GCW site,,2024-01-01,2024-12-31,'NA',GCW_2024
GCW_TR_2024_soil-EC-30cm_L2_v2-1.pdf,Plots of Jan 2024 sensor data for GCW-TR,,2024-01-01,2024-12-31,,GCW_2024
GCW_TR_2024_soil-salinity-10cm_L2_v2-1.parquet,Year 2024 sensor data for TR plot at GCW site,,2024-01-01,2024-12-31,'NA',GCW_2024
GCW_TR_2024_soil-salinity-10cm_L2_v2-1.pdf,Plots of Jan 2024 sensor data for GCW-TR,,2024-01-01,2024-12-31,,GCW_2024
GCW_TR_2024_soil-salinity-30cm_L2_v2-1.parquet,Year 2024 sensor data for TR plot at GCW site,,2024-01-01,2024-12-31,'NA',GCW_2024
GCW_TR_2024_soil-salinity-30cm_L2_v2-1.pdf,Plots of Jan 2024 sensor data for GCW-TR,,2024-01-01,2024-12-31,,GCW_2024
GCW_TR_2024_soil-temp-10cm_L2_v2-1.parquet,Year 2024 sensor data for TR plot at GCW site,,2024-01-01,2024-12-31,'NA',GCW_2024
GCW_TR_2024_soil-temp-10cm_L2_v2-1.pdf,Plots of Jan 2024 sensor data for GCW-TR,,2024-01-01,2024-12-31,,GCW_2024
GCW_TR_2024_soil-temp-30cm_L2_v2-1.parquet,Year 2024 sensor data for TR plot at GCW site,,2024-01-01,2024-12-31,'NA',GCW_2024
GCW_TR_2024_soil-temp-30cm_L2_v2-1.pdf,Plots of Jan 2024 sensor data for GCW-TR,,2024-01-01,2024-12-31,,GCW_2024
GCW_TR_2024_soil-vwc-10cm_L2_v2-1.parquet,Year 2024 sensor data for TR plot at GCW site,,2024-01-01,2024-12-31,'NA',GCW_2024
GCW_TR_2024_soil-vwc-10cm_L2_v2-1.pdf,Plots of Jan 2024 sensor data for GCW-TR,,2024-01-01,2024-12-31,,GCW_2024
GCW_TR_2024_soil-vwc-30cm_L2_v2-1.parquet,Year 2024 sensor data for TR plot at GCW site,,2024-01-01,2024-12-31,'NA',GCW_2024
GCW_TR_2024_soil-vwc-30cm_L2_v2-1.pdf,Plots of Jan 2024 sensor data for GCW-TR,,2024-01-01,2024-12-31,,GCW_2024
GCW_UP_2024_gw-act-cond_L2_v2-1.parquet,Year 2024 sensor data for UP plot at GCW site,,2024-01-01,2024-12-31,'NA',GCW_2024
GCW_UP_2024_gw-act-cond_L2_v2-1.pdf,Plots of Jan 2024 sensor data for GCW-UP,,2024-01-01,2024-12-31,,GCW_2024
GCW_UP_2024_gw-bar-pressure_L2_v2-1.parquet,Year 2024 sensor data for UP plot at GCW site,,2024-01-01,2024-12-31,'NA',GCW_2024
GCW_UP_2024_gw-bar-pressure_L2_v2-1.pdf,Plots of Jan 2024 sensor data for GCW-UP,,2024-01-01,2024-12-31,,GCW_2024
GCW_UP_2024_gw-density_L2_v2-1.parquet,Year 2024 sensor data for UP plot at GCW site,,2024-01-01,2024-12-31,'NA',GCW_2024
GCW_UP_2024_gw-density_L2_v2-1.pdf,Plots of Jan 2024 sensor data for GCW-UP,,2024-01-01,2024-12-31,,GCW_2024
GCW_UP_2024_gw-depth_L2_v2-1.parquet,Year 2024 sensor data for UP plot at GCW site,,2024-01-01,2024-12-31,'NA',GCW_2024
GCW_UP_2024_gw-depth_L2_v2-1.pdf,Plots of Jan 2024 sensor data for GCW-UP,,2024-01-01,2024-12-31,,GCW_2024
GCW_UP_2024_gw-part-pressure_L2_v2-1.parquet,Year 2024 sensor data for UP plot at GCW site,,2024-01-01,2024-12-31,'NA',GCW_2024
GCW_UP_2024_gw-part-pressure_L2_v2-1.pdf,Plots of Jan 2024 sensor data for GCW-UP,,2024-01-01,2024-12-31,,GCW_2024
GCW_UP_2024_gw-perc-sat_L2_v2-1.parquet,Year 2024 sensor data for UP plot at GCW site,,2024-01-01,2024-12-31,'NA',GCW_2024
GCW_UP_2024_gw-perc-sat_L2_v2-1.pdf,Plots of Jan 2024 sensor data for GCW-UP,,2024-01-01,2024-12-31,,GCW_2024
GCW_UP_2024_gw-ph_L2_v2-1.parquet,Year 2024 sensor data for UP plot at GCW site,,2024-01-01,2024-12-31,'NA',GCW_2024
GCW_UP_2024_gw-ph_L2_v2-1.pdf,Plots of Jan 2024 sensor data for GCW-UP,,2024-01-01,2024-12-31,,GCW_2024
GCW_UP_2024_gw-ph-mv_L2_v2-1.parquet,Year 2024 sensor data for UP plot at GCW site,,2024-01-01,2024-12-31,'NA',GCW_2024
GCW_UP_2024_gw-ph-mv_L2_v2-1.pdf,Plots of Jan 2024 sensor data for GCW-UP,,2024-01-01,2024-12-31,,GCW_2024
GCW_UP_2024_gw-ph-orp_L2_v2-1.parquet,Year 2024 sensor data for UP plot at GCW site,,2024-01-01,2024-12-31,'NA',GCW_2024
GCW_UP_2024_gw-ph-orp_L2_v2-1.pdf,Plots of Jan 2024 sensor data for GCW-UP,,2024-01-01,2024-12-31,,GCW_2024
GCW_UP_2024_gw-pressure-unvented_L2_v2-1.parquet,Year 2024 sensor data for UP plot at GCW site,,2024-01-01,2024-12-31,'NA',GCW_2024
GCW_UP_2024_gw-pressure-unvented_L2_v2-1.pdf,Plots of Jan 2024 sensor data for GCW-UP,,2024-01-01,2024-12-31,,GCW_2024
GCW_UP_2024_gw-pressure-vented_L2_v2-1.parquet,Year 2024 sensor data for UP plot at GCW site,,2024-01-01,2024-12-31,'NA',GCW_2024
GCW_UP_2024_gw-pressure-vented_L2_v2-1.pdf,Plots of Jan 2024 sensor data for GCW-UP,,2024-01-01,2024-12-31,,GCW_2024
GCW_UP_2024_gw-rdo-conc_L2_v2-1.parquet,Year 2024 sensor data for UP plot at GCW site,,2024-01-01,2024-12-31,'NA',GCW_2024
GCW_UP_2024_gw-rdo-conc_L2_v2-1.pdf,Plots of Jan 2024 sensor data for GCW-UP,,2024-01-01,2024-12-31,,GCW_2024
GCW_UP_2024_gw-resistivity_L2_v2-1.parquet,Year 2024 sensor data for UP plot at GCW site,,2024-01-01,2024-12-31,'NA',GCW_2024
GCW_UP_2024_gw-resistivity_L2_v2-1.pdf,Plots of Jan 2024 sensor data for GCW-UP,,2024-01-01,2024-12-31,,GCW_2024
GCW_UP_2024_gw-salinity_L2_v2-1.parquet,Year 2024 sensor data for UP plot at GCW site,,2024-01-01,2024-12-31,'NA',GCW_2024
GCW_UP_2024_gw-salinity_L2_v2-1.pdf,Plots of Jan 2024 sensor data for GCW-UP,,2024-01-01,2024-12-31,,GCW_2024
GCW_UP_2024_gw-spec-cond_L2_v2-1.parquet,Year 2024 sensor data for UP plot at GCW site,,2024-01-01,2024-12-31,'NA',GCW_2024
GCW_UP_2024_gw-spec-cond_L2_v2-1.pdf,Plots of Jan 2024 sensor data for GCW-UP,,2024-01-01,2024-12-31,,GCW_2024
GCW_UP_2024_gw-tds_L2_v2-1.parquet,Year 2024 sensor data for UP plot at GCW site,,2024-01-01,2024-12-31,'NA',GCW_2024
GCW_UP_2024_gw-tds_L2_v2-1.pdf,Plots of Jan 2024 sensor data for GCW-UP,,2024-01-01,2024-12-31,,GCW_2024
GCW_UP_2024_gw-temperature_L2_v2-1.parquet,Year 2024 sensor data for UP plot at GCW site,,2024-01-01,2024-12-31,'NA',GCW_2024
GCW_UP_2024_gw-temperature_L2_v2-1.pdf,Plots of Jan 2024 sensor data for GCW-UP,,2024-01-01,2024-12-31,,GCW_2024
GCW_UP_2024_gw-temperature-int_L2_v2-1.parquet,Year 2024 sensor data for UP plot at GCW site,,2024-01-01,2024-12-31,'NA',GCW_2024
GCW_UP_2024_gw-temperature-int_L2_v2-1.pdf,Plots of Jan 2024 sensor data for GCW-UP,,2024-01-01,2024-12-31,,GCW_2024
GCW_UP_2024_gw-voltage-ext_L2_v2-1.parquet,Year 2024 sensor data for UP plot at GCW site,,2024-01-01,2024-12-31,'NA',GCW_2024
GCW_UP_2024_gw-voltage-ext_L2_v2-1.pdf,Plots of Jan 2024 sensor data for GCW-UP,,2024-01-01,2024-12-31,,GCW_2024
GCW_UP_2024_redox-10cm_L2_v2-1.parquet,Year 2024 sensor data for UP plot at GCW site,,2024-01-01,2024-12-31,'NA',GCW_2024
GCW_UP_2024_redox-10cm_L2_v2-1.pdf,Plots of Jan 2024 sensor data for GCW-UP,,2024-01-01,2024-12-31,,GCW_2024
GCW_UP_2024_redox-20cm_L2_v2-1.parquet,Year 2024 sensor data for UP plot at GCW site,,2024-01-01,2024-12-31,'NA',GCW_2024
GCW_UP_2024_redox-20cm_L2_v2-1.pdf,Plots of Jan 2024 sensor data for GCW-UP,,2024-01-01,2024-12-31,,GCW_2024
GCW_UP_2024_redox-35cm_L2_v2-1.parquet,Year 2024 sensor data for UP plot at GCW site,,2024-01-01,2024-12-31,'NA',GCW_2024
GCW_UP_2024_redox-35cm_L2_v2-1.pdf,Plots of Jan 2024 sensor data for GCW-UP,,2024-01-01,2024-12-31,,GCW_2024
GCW_UP_2024_redox-55cm_L2_v2-1.parquet,Year 2024 sensor data for UP plot at GCW site,,2024-01-01,2024-12-31,'NA',GCW_2024
GCW_UP_2024_redox-55cm_L2_v2-1.pdf,Plots of Jan 2024 sensor data for GCW-UP,,2024-01-01,2024-12-31,,GCW_2024
GCW_UP_2024_sapflow-3.5cm_L2_v2-1.parquet,Year 2024 sensor data for UP plot at GCW site,,2024-01-01,2024-12-31,'NA',GCW_2024
GCW_UP_2024_sapflow-3.5cm_L2_v2-1.pdf,Plots of Jan 2024 sensor data for GCW-UP,,2024-01-01,2024-12-31,,GCW_2024
GCW_UP_2024_sapflow-5cm_L2_v2-1.parquet,Year 2024 sensor data for UP plot at GCW site,,2024-01-01,2024-12-31,'NA',GCW_2024
GCW_UP_2024_sapflow-5cm_L2_v2-1.pdf,Plots of Jan 2024 sensor data for GCW-UP,,2024-01-01,2024-12-31,,GCW_2024
GCW_UP_2024_soil-EC-15cm_L2_v2-1.parquet,Year 2024 sensor data for UP plot at GCW site,,2024-01-01,2024-12-31,'NA',GCW_2024
GCW_UP_2024_soil-EC-15cm_L2_v2-1.pdf,Plots of Jan 2024 sensor data for GCW-UP,,2024-01-01,2024-12-31,,GCW_2024
GCW_UP_2024_soil-EC-30cm_L2_v2-1.parquet,Year 2024 sensor data for UP plot at GCW site,,2024-01-01,2024-12-31,'NA',GCW_2024
GCW_UP_2024_soil-EC-30cm_L2_v2-1.pdf,Plots of Jan 2024 sensor data for GCW-UP,,2024-01-01,2024-12-31,,GCW_2024
GCW_UP_2024_soil-EC-5cm_L2_v2-1.parquet,Year 2024 sensor data for UP plot at GCW site,,2024-01-01,2024-12-31,'NA',GCW_2024
GCW_UP_2024_soil-EC-5cm_L2_v2-1.pdf,Plots of Jan 2024 sensor data for GCW-UP,,2024-01-01,2024-12-31,,GCW_2024
GCW_UP_2024_soil-salinity-15cm_L2_v2-1.parquet,Year 2024 sensor data for UP plot at GCW site,,2024-01-01,2024-12-31,'NA',GCW_2024
GCW_UP_2024_soil-salinity-15cm_L2_v2-1.pdf,Plots of Jan 2024 sensor data for GCW-UP,,2024-01-01,2024-12-31,,GCW_2024
GCW_UP_2024_soil-salinity-30cm_L2_v2-1.parquet,Year 2024 sensor data for UP plot at GCW site,,2024-01-01,2024-12-31,'NA',GCW_2024
GCW_UP_2024_soil-salinity-30cm_L2_v2-1.pdf,Plots of Jan 2024 sensor data for GCW-UP,,2024-01-01,2024-12-31,,GCW_2024
GCW_UP_2024_soil-salinity-5cm_L2_v2-1.parquet,Year 2024 sensor data for UP plot at GCW site,,2024-01-01,2024-12-31,'NA',GCW_2024
GCW_UP_2024_soil-salinity-5cm_L2_v2-1.pdf,Plots of Jan 2024 sensor data for GCW-UP,,2024-01-01,2024-12-31,,GCW_2024
GCW_UP_2024_soil-temp-15cm_L2_v2-1.parquet,Year 2024 sensor data for UP plot at GCW site,,2024-01-01,2024-12-31,'NA',GCW_2024
GCW_UP_2024_soil-temp-15cm_L2_v2-1.pdf,Plots of Jan 2024 sensor data for GCW-UP,,2024-01-01,2024-12-31,,GCW_2024
GCW_UP_2024_soil-temp-30cm_L2_v2-1.parquet,Year 2024 sensor data for UP plot at GCW site,,2024-01-01,2024-12-31,'NA',GCW_2024
GCW_UP_2024_soil-temp-30cm_L2_v2-1.pdf,Plots of Jan 2024 sensor data for GCW-UP,,2024-01-01,2024-12-31,,GCW_2024
GCW_UP_2024_soil-temp-5cm_L2_v2-1.parquet,Year 2024 sensor data for UP plot at GCW site,,2024-01-01,2024-12-31,'NA',GCW_2024
GCW_UP_2024_soil-temp-5cm_L2_v2-1.pdf,Plots of Jan 2024 sensor data for GCW-UP,,2024-01-01,2024-12-31,,GCW_2024
GCW_UP_2024_soil-vwc-15cm_L2_v2-1.parquet,Year 2024 sensor data for UP plot at GCW site,,2024-01-01,2024-12-31,'NA',GCW_2024
GCW_UP_2024_soil-vwc-15cm_L2_v2-1.pdf,Plots of Jan 2024 sensor data for GCW-UP,,2024-01-01,2024-12-31,,GCW_2024
GCW_UP_2024_soil-vwc-30cm_L2_v2-1.parquet,Year 2024 sensor data for UP plot at GCW site,,2024-01-01,2024-12-31,'NA',GCW_2024
GCW_UP_2024_soil-vwc-30cm_L2_v2-1.pdf,Plots of Jan 2024 sensor data for GCW-UP,,2024-01-01,2024-12-31,,GCW_2024
GCW_UP_2024_soil-vwc-5cm_L2_v2-1.parquet,Year 2024 sensor data for UP plot at GCW site,,2024-01-01,2024-12-31,'NA',GCW_2024
GCW_UP_2024_soil-vwc-5cm_L2_v2-1.pdf,Plots of Jan 2024 sensor data for GCW-UP,,2024-01-01,2024-12-31,,GCW_2024
GCW_W_2024_gw-act-cond_L2_v2-1.parquet,Year 2024 sensor data for W plot at GCW site,,2024-01-01,2024-12-31,'NA',GCW_2024
GCW_W_2024_gw-act-cond_L2_v2-1.pdf,Plots of Jan 2024 sensor data for GCW-W,,2024-01-01,2024-12-31,,GCW_2024
GCW_W_2024_gw-bar-pressure_L2_v2-1.parquet,Year 2024 sensor data for W plot at GCW site,,2024-01-01,2024-12-31,'NA',GCW_2024
GCW_W_2024_gw-bar-pressure_L2_v2-1.pdf,Plots of Jan 2024 sensor data for GCW-W,,2024-01-01,2024-12-31,,GCW_2024
GCW_W_2024_gw-battery_L2_v2-1.parquet,Year 2024 sensor data for W plot at GCW site,,2024-01-01,2024-12-31,'NA',GCW_2024
GCW_W_2024_gw-battery_L2_v2-1.pdf,Plots of Jan 2024 sensor data for GCW-W,,2024-01-01,2024-12-31,,GCW_2024
GCW_W_2024_gw-density_L2_v2-1.parquet,Year 2024 sensor data for W plot at GCW site,,2024-01-01,2024-12-31,'NA',GCW_2024
GCW_W_2024_gw-density_L2_v2-1.pdf,Plots of Jan 2024 sensor data for GCW-W,,2024-01-01,2024-12-31,,GCW_2024
GCW_W_2024_gw-depth_L2_v2-1.parquet,Year 2024 sensor data for W plot at GCW site,,2024-01-01,2024-12-31,'NA',GCW_2024
GCW_W_2024_gw-depth_L2_v2-1.pdf,Plots of Jan 2024 sensor data for GCW-W,,2024-01-01,2024-12-31,,GCW_2024
GCW_W_2024_gw-part-pressure_L2_v2-1.parquet,Year 2024 sensor data for W plot at GCW site,,2024-01-01,2024-12-31,'NA',GCW_2024
GCW_W_2024_gw-part-pressure_L2_v2-1.pdf,Plots of Jan 2024 sensor data for GCW-W,,2024-01-01,2024-12-31,,GCW_2024
GCW_W_2024_gw-perc-sat_L2_v2-1.parquet,Year 2024 sensor data for W plot at GCW site,,2024-01-01,2024-12-31,'NA',GCW_2024
GCW_W_2024_gw-perc-sat_L2_v2-1.pdf,Plots of Jan 2024 sensor data for GCW-W,,2024-01-01,2024-12-31,,GCW_2024
GCW_W_2024_gw-ph_L2_v2-1.parquet,Year 2024 sensor data for W plot at GCW site,,2024-01-01,2024-12-31,'NA',GCW_2024
GCW_W_2024_gw-ph_L2_v2-1.pdf,Plots of Jan 2024 sensor data for GCW-W,,2024-01-01,2024-12-31,,GCW_2024
GCW_W_2024_gw-ph-mv_L2_v2-1.parquet,Year 2024 sensor data for W plot at GCW site,,2024-01-01,2024-12-31,'NA',GCW_2024
GCW_W_2024_gw-ph-mv_L2_v2-1.pdf,Plots of Jan 2024 sensor data for GCW-W,,2024-01-01,2024-12-31,,GCW_2024
GCW_W_2024_gw-ph-orp_L2_v2-1.parquet,Year 2024 sensor data for W plot at GCW site,,2024-01-01,2024-12-31,'NA',GCW_2024
GCW_W_2024_gw-ph-orp_L2_v2-1.pdf,Plots of Jan 2024 sensor data for GCW-W,,2024-01-01,2024-12-31,,GCW_2024
GCW_W_2024_gw-pressure-vented_L2_v2-1.parquet,Year 2024 sensor data for W plot at GCW site,,2024-01-01,2024-12-31,'NA',GCW_2024
GCW_W_2024_gw-pressure-vented_L2_v2-1.pdf,Plots of Jan 2024 sensor data for GCW-W,,2024-01-01,2024-12-31,,GCW_2024
GCW_W_2024_gw-rdo-conc_L2_v2-1.parquet,Year 2024 sensor data for W plot at GCW site,,2024-01-01,2024-12-31,'NA',GCW_2024
GCW_W_2024_gw-rdo-conc_L2_v2-1.pdf,Plots of Jan 2024 sensor data for GCW-W,,2024-01-01,2024-12-31,,GCW_2024
GCW_W_2024_gw-resistivity_L2_v2-1.parquet,Year 2024 sensor data for W plot at GCW site,,2024-01-01,2024-12-31,'NA',GCW_2024
GCW_W_2024_gw-resistivity_L2_v2-1.pdf,Plots of Jan 2024 sensor data for GCW-W,,2024-01-01,2024-12-31,,GCW_2024
GCW_W_2024_gw-salinity_L2_v2-1.parquet,Year 2024 sensor data for W plot at GCW site,,2024-01-01,2024-12-31,'NA',GCW_2024
GCW_W_2024_gw-salinity_L2_v2-1.pdf,Plots of Jan 2024 sensor data for GCW-W,,2024-01-01,2024-12-31,,GCW_2024
GCW_W_2024_gw-spec-cond_L2_v2-1.parquet,Year 2024 sensor data for W plot at GCW site,,2024-01-01,2024-12-31,'NA',GCW_2024
GCW_W_2024_gw-spec-cond_L2_v2-1.pdf,Plots of Jan 2024 sensor data for GCW-W,,2024-01-01,2024-12-31,,GCW_2024
GCW_W_2024_gw-tds_L2_v2-1.parquet,Year 2024 sensor data for W plot at GCW site,,2024-01-01,2024-12-31,'NA',GCW_2024
GCW_W_2024_gw-tds_L2_v2-1.pdf,Plots of Jan 2024 sensor data for GCW-W,,2024-01-01,2024-12-31,,GCW_2024
GCW_W_2024_gw-temperature_L2_v2-1.parquet,Year 2024 sensor data for W plot at GCW site,,2024-01-01,2024-12-31,'NA',GCW_2024
GCW_W_2024_gw-temperature_L2_v2-1.pdf,Plots of Jan 2024 sensor data for GCW-W,,2024-01-01,2024-12-31,,GCW_2024
GCW_W_2024_gw-voltage-ext_L2_v2-1.parquet,Year 2024 sensor data for W plot at GCW site,,2024-01-01,2024-12-31,'NA',GCW_2024
GCW_W_2024_gw-voltage-ext_L2_v2-1.pdf,Plots of Jan 2024 sensor data for GCW-W,,2024-01-01,2024-12-31,,GCW_2024
GCW_W_2024_gw-wl-below-surface_L2_v2-1.parquet,Year 2024 sensor data for W plot at GCW site,,2024-01-01,2024-12-31,'NA',GCW_2024
GCW_W_2024_gw-wl-below-surface_L2_v2-1.pdf,Plots of Jan 2024 sensor data for GCW-W,,2024-01-01,2024-12-31,,GCW_2024
GCW_W_2024_soil-EC-10cm_L2_v2-1.parquet,Year 2024 sensor data for W plot at GCW site,,2024-01-01,2024-12-31,'NA',GCW_2024
GCW_W_2024_soil-EC-10cm_L2_v2-1.pdf,Plots of Jan 2024 sensor data for GCW-W,,2024-01-01,2024-12-31,,GCW_2024
GCW_W_2024_soil-EC-30cm_L2_v2-1.parquet,Year 2024 sensor data for W plot at GCW site,,2024-01-01,2024-12-31,'NA',GCW_2024
GCW_W_2024_soil-EC-30cm_L2_v2-1.pdf,Plots of Jan 2024 sensor data for GCW-W,,2024-01-01,2024-12-31,,GCW_2024
GCW_W_2024_soil-salinity-10cm_L2_v2-1.parquet,Year 2024 sensor data for W plot at GCW site,,2024-01-01,2024-12-31,'NA',GCW_2024
GCW_W_2024_soil-salinity-10cm_L2_v2-1.pdf,Plots of Jan 2024 sensor data for GCW-W,,2024-01-01,2024-12-31,,GCW_2024
GCW_W_2024_soil-salinity-30cm_L2_v2-1.parquet,Year 2024 sensor data for W plot at GCW site,,2024-01-01,2024-12-31,'NA',GCW_2024
GCW_W_2024_soil-salinity-30cm_L2_v2-1.pdf,Plots of Jan 2024 sensor data for GCW-W,,2024-01-01,2024-12-31,,GCW_2024
GCW_W_2024_soil-temp-10cm_L2_v2-1.parquet,Year 2024 sensor data for W plot at GCW site,,2024-01-01,2024-12-31,'NA',GCW_2024
GCW_W_2024_soil-temp-10cm_L2_v2-1.pdf,Plots of Jan 2024 sensor data for GCW-W,,2024-01-01,2024-12-31,,GCW_2024
GCW_W_2024_soil-temp-30cm_L2_v2-1.parquet,Year 2024 sensor data for W plot at GCW site,,2024-01-01,2024-12-31,'NA',GCW_2024
GCW_W_2024_soil-temp-30cm_L2_v2-1.pdf,Plots of Jan 2024 sensor data for GCW-W,,2024-01-01,2024-12-31,,GCW_2024
GCW_W_2024_soil-vwc-10cm_L2_v2-1.parquet,Year 2024 sensor data for W plot at GCW site,,2024-01-01,2024-12-31,'NA',GCW_2024
GCW_W_2024_soil-vwc-10cm_L2_v2-1.pdf,Plots of Jan 2024 sensor data for GCW-W,,2024-01-01,2024-12-31,,GCW_2024
GCW_W_2024_soil-vwc-30cm_L2_v2-1.parquet,Year 2024 sensor data for W plot at GCW site,,2024-01-01,2024-12-31,'NA',GCW_2024
GCW_W_2024_soil-vwc-30cm_L2_v2-1.pdf,Plots of Jan 2024 sensor data for GCW-W,,2024-01-01,2024-12-31,,GCW_2024
GCW_W_2024_wx-barpress15_L2_v2-1.parquet,Year 2024 sensor data for W plot at GCW site,,2024-01-01,2024-12-31,'NA',GCW_2024
GCW_W_2024_wx-barpress15_L2_v2-1.pdf,Plots of Jan 2024 sensor data for GCW-W,,2024-01-01,2024-12-31,,GCW_2024
GCW_W_2024_wx-gcrew-rain15_L2_v2-1.parquet,Year 2024 sensor data for W plot at GCW site,,2024-01-01,2024-12-31,'NA',GCW_2024
GCW_W_2024_wx-gcrew-rain15_L2_v2-1.pdf,Plots of Jan 2024 sensor data for GCW-W,,2024-01-01,2024-12-31,,GCW_2024
GCW_W_2024_wx-maxws15_L2_v2-1.parquet,Year 2024 sensor data for W plot at GCW site,,2024-01-01,2024-12-31,'NA',GCW_2024
GCW_W_2024_wx-maxws15_L2_v2-1.pdf,Plots of Jan 2024 sensor data for GCW-W,,2024-01-01,2024-12-31,,GCW_2024
GCW_W_2024_wx-minws15_L2_v2-1.parquet,Year 2024 sensor data for W plot at GCW site,,2024-01-01,2024-12-31,'NA',GCW_2024
GCW_W_2024_wx-minws15_L2_v2-1.pdf,Plots of Jan 2024 sensor data for GCW-W,,2024-01-01,2024-12-31,,GCW_2024
GCW_W_2024_wx-par-den15_L2_v2-1.parquet,Year 2024 sensor data for W plot at GCW site,,2024-01-01,2024-12-31,'NA',GCW_2024
GCW_W_2024_wx-par-den15_L2_v2-1.pdf,Plots of Jan 2024 sensor data for GCW-W,,2024-01-01,2024-12-31,,GCW_2024
GCW_W_2024_wx-rh15_L2_v2-1.parquet,Year 2024 sensor data for W plot at GCW site,,2024-01-01,2024-12-31,'NA',GCW_2024
GCW_W_2024_wx-rh15_L2_v2-1.pdf,Plots of Jan 2024 sensor data for GCW-W,,2024-01-01,2024-12-31,,GCW_2024
GCW_W_2024_wx-slr-fd15_L2_v2-1.parquet,Year 2024 sensor data for W plot at GCW site,,2024-01-01,2024-12-31,'NA',GCW_2024
GCW_W_2024_wx-slr-fd15_L2_v2-1.pdf,Plots of Jan 2024 sensor data for GCW-W,,2024-01-01,2024-12-31,,GCW_2024
GCW_W_2024_wx-slr-tf15_L2_v2-1.parquet,Year 2024 sensor data for W plot at GCW site,,2024-01-01,2024-12-31,'NA',GCW_2024
GCW_W_2024_wx-slr-tf15_L2_v2-1.pdf,Plots of Jan 2024 sensor data for GCW-W,,2024-01-01,2024-12-31,,GCW_2024
GCW_W_2024_wx-svp15_L2_v2-1.parquet,Year 2024 sensor data for W plot at GCW site,,2024-01-01,2024-12-31,'NA',GCW_2024
GCW_W_2024_wx-svp15_L2_v2-1.pdf,Plots of Jan 2024 sensor data for GCW-W,,2024-01-01,2024-12-31,,GCW_2024
GCW_W_2024_wx-tempavg15_L2_v2-1.parquet,Year 2024 sensor data for W plot at GCW site,,2024-01-01,2024-12-31,'NA',GCW_2024
GCW_W_2024_wx-tempavg15_L2_v2-1.pdf,Plots of Jan 2024 sensor data for GCW-W,,2024-01-01,2024-12-31,,GCW_2024
GCW_W_2024_wx-vp15_L2_v2-1.parquet,Year 2024 sensor data for W plot at GCW site,,2024-01-01,2024-12-31,'NA',GCW_2024
GCW_W_2024_wx-vp15_L2_v2-1.pdf,Plots of Jan 2024 sensor data for GCW-W,,2024-01-01,2024-12-31,,GCW_2024
GCW_W_2024_wx-winddir15_L2_v2-1.parquet,Year 2024 sensor data for W plot at GCW site,,2024-01-01,2024-12-31,'NA',GCW_2024
GCW_W_2024_wx-winddir15_L2_v2-1.pdf,Plots of Jan 2024 sensor data for GCW-W,,2024-01-01,2024-12-31,,GCW_2024
GCW_W_2024_wx-windspeed15_L2_v2-1.parquet,Year 2024 sensor data for W plot at GCW site,,2024-01-01,2024-12-31,'NA',GCW_2024
GCW_W_2024_wx-windspeed15_L2_v2-1.pdf,Plots of Jan 2024 sensor data for GCW-W,,2024-01-01,2024-12-31,,GCW_2024
GCW_2025_L2_v2-1_metadata.txt,Metadata for all data files in GCW_2025 folder,,,,,GCW_2025
GCW_TR_2025_gw-act-cond_L2_v2-1.parquet,Year 2025 sensor data for TR plot at GCW site,,2025-01-01,2025-12-31,'NA',GCW_2025
GCW_TR_2025_gw-act-cond_L2_v2-1.pdf,Plots of Jan 2025 sensor data for GCW-TR,,2025-01-01,2025-12-31,,GCW_2025
GCW_TR_2025_gw-bar-pressure_L2_v2-1.parquet,Year 2025 sensor data for TR plot at GCW site,,2025-01-01,2025-12-31,'NA',GCW_2025
GCW_TR_2025_gw-bar-pressure_L2_v2-1.pdf,Plots of Jan 2025 sensor data for GCW-TR,,2025-01-01,2025-12-31,,GCW_2025
GCW_TR_2025_gw-battery_L2_v2-1.parquet,Year 2025 sensor data for TR plot at GCW site,,2025-01-01,2025-12-31,'NA',GCW_2025
GCW_TR_2025_gw-battery_L2_v2-1.pdf,Plots of Jan 2025 sensor data for GCW-TR,,2025-01-01,2025-12-31,,GCW_2025
GCW_TR_2025_gw-density_L2_v2-1.parquet,Year 2025 sensor data for TR plot at GCW site,,2025-01-01,2025-12-31,'NA',GCW_2025
GCW_TR_2025_gw-density_L2_v2-1.pdf,Plots of Jan 2025 sensor data for GCW-TR,,2025-01-01,2025-12-31,,GCW_2025
GCW_TR_2025_gw-depth_L2_v2-1.parquet,Year 2025 sensor data for TR plot at GCW site,,2025-01-01,2025-12-31,'NA',GCW_2025
GCW_TR_2025_gw-depth_L2_v2-1.pdf,Plots of Jan 2025 sensor data for GCW-TR,,2025-01-01,2025-12-31,,GCW_2025
GCW_TR_2025_gw-part-pressure_L2_v2-1.parquet,Year 2025 sensor data for TR plot at GCW site,,2025-01-01,2025-12-31,'NA',GCW_2025
GCW_TR_2025_gw-part-pressure_L2_v2-1.pdf,Plots of Jan 2025 sensor data for GCW-TR,,2025-01-01,2025-12-31,,GCW_2025
GCW_TR_2025_gw-perc-sat_L2_v2-1.parquet,Year 2025 sensor data for TR plot at GCW site,,2025-01-01,2025-12-31,'NA',GCW_2025
GCW_TR_2025_gw-perc-sat_L2_v2-1.pdf,Plots of Jan 2025 sensor data for GCW-TR,,2025-01-01,2025-12-31,,GCW_2025
GCW_TR_2025_gw-ph_L2_v2-1.parquet,Year 2025 sensor data for TR plot at GCW site,,2025-01-01,2025-12-31,'NA',GCW_2025
GCW_TR_2025_gw-ph_L2_v2-1.pdf,Plots of Jan 2025 sensor data for GCW-TR,,2025-01-01,2025-12-31,,GCW_2025
GCW_TR_2025_gw-ph-mv_L2_v2-1.parquet,Year 2025 sensor data for TR plot at GCW site,,2025-01-01,2025-12-31,'NA',GCW_2025
GCW_TR_2025_gw-ph-mv_L2_v2-1.pdf,Plots of Jan 2025 sensor data for GCW-TR,,2025-01-01,2025-12-31,,GCW_2025
GCW_TR_2025_gw-ph-orp_L2_v2-1.parquet,Year 2025 sensor data for TR plot at GCW site,,2025-01-01,2025-12-31,'NA',GCW_2025
GCW_TR_2025_gw-ph-orp_L2_v2-1.pdf,Plots of Jan 2025 sensor data for GCW-TR,,2025-01-01,2025-12-31,,GCW_2025
GCW_TR_2025_gw-pressure-vented_L2_v2-1.parquet,Year 2025 sensor data for TR plot at GCW site,,2025-01-01,2025-12-31,'NA',GCW_2025
GCW_TR_2025_gw-pressure-vented_L2_v2-1.pdf,Plots of Jan 2025 sensor data for GCW-TR,,2025-01-01,2025-12-31,,GCW_2025
GCW_TR_2025_gw-rdo-conc_L2_v2-1.parquet,Year 2025 sensor data for TR plot at GCW site,,2025-01-01,2025-12-31,'NA',GCW_2025
GCW_TR_2025_gw-rdo-conc_L2_v2-1.pdf,Plots of Jan 2025 sensor data for GCW-TR,,2025-01-01,2025-12-31,,GCW_2025
GCW_TR_2025_gw-resistivity_L2_v2-1.parquet,Year 2025 sensor data for TR plot at GCW site,,2025-01-01,2025-12-31,'NA',GCW_2025
GCW_TR_2025_gw-resistivity_L2_v2-1.pdf,Plots of Jan 2025 sensor data for GCW-TR,,2025-01-01,2025-12-31,,GCW_2025
GCW_TR_2025_gw-salinity_L2_v2-1.parquet,Year 2025 sensor data for TR plot at GCW site,,2025-01-01,2025-12-31,'NA',GCW_2025
GCW_TR_2025_gw-salinity_L2_v2-1.pdf,Plots of Jan 2025 sensor data for GCW-TR,,2025-01-01,2025-12-31,,GCW_2025
GCW_TR_2025_gw-spec-cond_L2_v2-1.parquet,Year 2025 sensor data for TR plot at GCW site,,2025-01-01,2025-12-31,'NA',GCW_2025
GCW_TR_2025_gw-spec-cond_L2_v2-1.pdf,Plots of Jan 2025 sensor data for GCW-TR,,2025-01-01,2025-12-31,,GCW_2025
GCW_TR_2025_gw-tds_L2_v2-1.parquet,Year 2025 sensor data for TR plot at GCW site,,2025-01-01,2025-12-31,'NA',GCW_2025
GCW_TR_2025_gw-tds_L2_v2-1.pdf,Plots of Jan 2025 sensor data for GCW-TR,,2025-01-01,2025-12-31,,GCW_2025
GCW_TR_2025_gw-temperature_L2_v2-1.parquet,Year 2025 sensor data for TR plot at GCW site,,2025-01-01,2025-12-31,'NA',GCW_2025
GCW_TR_2025_gw-temperature_L2_v2-1.pdf,Plots of Jan 2025 sensor data for GCW-TR,,2025-01-01,2025-12-31,,GCW_2025
GCW_TR_2025_gw-voltage-ext_L2_v2-1.parquet,Year 2025 sensor data for TR plot at GCW site,,2025-01-01,2025-12-31,'NA',GCW_2025
GCW_TR_2025_gw-voltage-ext_L2_v2-1.pdf,Plots of Jan 2025 sensor data for GCW-TR,,2025-01-01,2025-12-31,,GCW_2025
GCW_TR_2025_gw-wl-below-surface_L2_v2-1.parquet,Year 2025 sensor data for TR plot at GCW site,,2025-01-01,2025-12-31,'NA',GCW_2025
GCW_TR_2025_gw-wl-below-surface_L2_v2-1.pdf,Plots of Jan 2025 sensor data for GCW-TR,,2025-01-01,2025-12-31,,GCW_2025
GCW_TR_2025_redox-15cm_L2_v2-1.parquet,Year 2025 sensor data for TR plot at GCW site,,2025-01-01,2025-12-31,'NA',GCW_2025
GCW_TR_2025_redox-15cm_L2_v2-1.pdf,Plots of Jan 2025 sensor data for GCW-TR,,2025-01-01,2025-12-31,,GCW_2025
GCW_TR_2025_redox-5cm_L2_v2-1.parquet,Year 2025 sensor data for TR plot at GCW site,,2025-01-01,2025-12-31,'NA',GCW_2025
GCW_TR_2025_redox-5cm_L2_v2-1.pdf,Plots of Jan 2025 sensor data for GCW-TR,,2025-01-01,2025-12-31,,GCW_2025
GCW_TR_2025_sapflow-3.5cm_L2_v2-1.parquet,Year 2025 sensor data for TR plot at GCW site,,2025-01-01,2025-12-31,'NA',GCW_2025
GCW_TR_2025_sapflow-3.5cm_L2_v2-1.pdf,Plots of Jan 2025 sensor data for GCW-TR,,2025-01-01,2025-12-31,,GCW_2025
GCW_TR_2025_soil-EC-10cm_L2_v2-1.parquet,Year 2025 sensor data for TR plot at GCW site,,2025-01-01,2025-12-31,'NA',GCW_2025
GCW_TR_2025_soil-EC-10cm_L2_v2-1.pdf,Plots of Jan 2025 sensor data for GCW-TR,,2025-01-01,2025-12-31,,GCW_2025
GCW_TR_2025_soil-EC-30cm_L2_v2-1.parquet,Year 2025 sensor data for TR plot at GCW site,,2025-01-01,2025-12-31,'NA',GCW_2025
GCW_TR_2025_soil-EC-30cm_L2_v2-1.pdf,Plots of Jan 2025 sensor data for GCW-TR,,2025-01-01,2025-12-31,,GCW_2025
GCW_TR_2025_soil-salinity-10cm_L2_v2-1.parquet,Year 2025 sensor data for TR plot at GCW site,,2025-01-01,2025-12-31,'NA',GCW_2025
GCW_TR_2025_soil-salinity-10cm_L2_v2-1.pdf,Plots of Jan 2025 sensor data for GCW-TR,,2025-01-01,2025-12-31,,GCW_2025
GCW_TR_2025_soil-salinity-30cm_L2_v2-1.parquet,Year 2025 sensor data for TR plot at GCW site,,2025-01-01,2025-12-31,'NA',GCW_2025
GCW_TR_2025_soil-salinity-30cm_L2_v2-1.pdf,Plots of Jan 2025 sensor data for GCW-TR,,2025-01-01,2025-12-31,,GCW_2025
GCW_TR_2025_soil-temp-10cm_L2_v2-1.parquet,Year 2025 sensor data for TR plot at GCW site,,2025-01-01,2025-12-31,'NA',GCW_2025
GCW_TR_2025_soil-temp-10cm_L2_v2-1.pdf,Plots of Jan 2025 sensor data for GCW-TR,,2025-01-01,2025-12-31,,GCW_2025
GCW_TR_2025_soil-temp-30cm_L2_v2-1.parquet,Year 2025 sensor data for TR plot at GCW site,,2025-01-01,2025-12-31,'NA',GCW_2025
GCW_TR_2025_soil-temp-30cm_L2_v2-1.pdf,Plots of Jan 2025 sensor data for GCW-TR,,2025-01-01,2025-12-31,,GCW_2025
GCW_TR_2025_soil-vwc-10cm_L2_v2-1.parquet,Year 2025 sensor data for TR plot at GCW site,,2025-01-01,2025-12-31,'NA',GCW_2025
GCW_TR_2025_soil-vwc-10cm_L2_v2-1.pdf,Plots of Jan 2025 sensor data for GCW-TR,,2025-01-01,2025-12-31,,GCW_2025
GCW_TR_2025_soil-vwc-30cm_L2_v2-1.parquet,Year 2025 sensor data for TR plot at GCW site,,2025-01-01,2025-12-31,'NA',GCW_2025
GCW_TR_2025_soil-vwc-30cm_L2_v2-1.pdf,Plots of Jan 2025 sensor data for GCW-TR,,2025-01-01,2025-12-31,,GCW_2025
GCW_TR_2025_solar-voltage_L2_v2-1.parquet,Year 2025 sensor data for TR plot at GCW site,,2025-01-01,2025-12-31,'NA',GCW_2025
GCW_TR_2025_solar-voltage_L2_v2-1.pdf,Plots of Jan 2025 sensor data for GCW-TR,,2025-01-01,2025-12-31,,GCW_2025
GCW_UP_2025_gw-act-cond_L2_v2-1.parquet,Year 2025 sensor data for UP plot at GCW site,,2025-01-01,2025-12-31,'NA',GCW_2025
GCW_UP_2025_gw-act-cond_L2_v2-1.pdf,Plots of Jan 2025 sensor data for GCW-UP,,2025-01-01,2025-12-31,,GCW_2025
GCW_UP_2025_gw-bar-pressure_L2_v2-1.parquet,Year 2025 sensor data for UP plot at GCW site,,2025-01-01,2025-12-31,'NA',GCW_2025
GCW_UP_2025_gw-bar-pressure_L2_v2-1.pdf,Plots of Jan 2025 sensor data for GCW-UP,,2025-01-01,2025-12-31,,GCW_2025
GCW_UP_2025_gw-density_L2_v2-1.parquet,Year 2025 sensor data for UP plot at GCW site,,2025-01-01,2025-12-31,'NA',GCW_2025
GCW_UP_2025_gw-density_L2_v2-1.pdf,Plots of Jan 2025 sensor data for GCW-UP,,2025-01-01,2025-12-31,,GCW_2025
GCW_UP_2025_gw-depth_L2_v2-1.parquet,Year 2025 sensor data for UP plot at GCW site,,2025-01-01,2025-12-31,'NA',GCW_2025
GCW_UP_2025_gw-depth_L2_v2-1.pdf,Plots of Jan 2025 sensor data for GCW-UP,,2025-01-01,2025-12-31,,GCW_2025
GCW_UP_2025_gw-part-pressure_L2_v2-1.parquet,Year 2025 sensor data for UP plot at GCW site,,2025-01-01,2025-12-31,'NA',GCW_2025
GCW_UP_2025_gw-part-pressure_L2_v2-1.pdf,Plots of Jan 2025 sensor data for GCW-UP,,2025-01-01,2025-12-31,,GCW_2025
GCW_UP_2025_gw-perc-sat_L2_v2-1.parquet,Year 2025 sensor data for UP plot at GCW site,,2025-01-01,2025-12-31,'NA',GCW_2025
GCW_UP_2025_gw-perc-sat_L2_v2-1.pdf,Plots of Jan 2025 sensor data for GCW-UP,,2025-01-01,2025-12-31,,GCW_2025
GCW_UP_2025_gw-ph_L2_v2-1.parquet,Year 2025 sensor data for UP plot at GCW site,,2025-01-01,2025-12-31,'NA',GCW_2025
GCW_UP_2025_gw-ph_L2_v2-1.pdf,Plots of Jan 2025 sensor data for GCW-UP,,2025-01-01,2025-12-31,,GCW_2025
GCW_UP_2025_gw-ph-mv_L2_v2-1.parquet,Year 2025 sensor data for UP plot at GCW site,,2025-01-01,2025-12-31,'NA',GCW_2025
GCW_UP_2025_gw-ph-mv_L2_v2-1.pdf,Plots of Jan 2025 sensor data for GCW-UP,,2025-01-01,2025-12-31,,GCW_2025
GCW_UP_2025_gw-ph-orp_L2_v2-1.parquet,Year 2025 sensor data for UP plot at GCW site,,2025-01-01,2025-12-31,'NA',GCW_2025
GCW_UP_2025_gw-ph-orp_L2_v2-1.pdf,Plots of Jan 2025 sensor data for GCW-UP,,2025-01-01,2025-12-31,,GCW_2025
GCW_UP_2025_gw-pressure-unvented_L2_v2-1.parquet,Year 2025 sensor data for UP plot at GCW site,,2025-01-01,2025-12-31,'NA',GCW_2025
GCW_UP_2025_gw-pressure-unvented_L2_v2-1.pdf,Plots of Jan 2025 sensor data for GCW-UP,,2025-01-01,2025-12-31,,GCW_2025
GCW_UP_2025_gw-pressure-vented_L2_v2-1.parquet,Year 2025 sensor data for UP plot at GCW site,,2025-01-01,2025-12-31,'NA',GCW_2025
GCW_UP_2025_gw-pressure-vented_L2_v2-1.pdf,Plots of Jan 2025 sensor data for GCW-UP,,2025-01-01,2025-12-31,,GCW_2025
GCW_UP_2025_gw-rdo-conc_L2_v2-1.parquet,Year 2025 sensor data for UP plot at GCW site,,2025-01-01,2025-12-31,'NA',GCW_2025
GCW_UP_2025_gw-rdo-conc_L2_v2-1.pdf,Plots of Jan 2025 sensor data for GCW-UP,,2025-01-01,2025-12-31,,GCW_2025
GCW_UP_2025_gw-resistivity_L2_v2-1.parquet,Year 2025 sensor data for UP plot at GCW site,,2025-01-01,2025-12-31,'NA',GCW_2025
GCW_UP_2025_gw-resistivity_L2_v2-1.pdf,Plots of Jan 2025 sensor data for GCW-UP,,2025-01-01,2025-12-31,,GCW_2025
GCW_UP_2025_gw-salinity_L2_v2-1.parquet,Year 2025 sensor data for UP plot at GCW site,,2025-01-01,2025-12-31,'NA',GCW_2025
GCW_UP_2025_gw-salinity_L2_v2-1.pdf,Plots of Jan 2025 sensor data for GCW-UP,,2025-01-01,2025-12-31,,GCW_2025
GCW_UP_2025_gw-spec-cond_L2_v2-1.parquet,Year 2025 sensor data for UP plot at GCW site,,2025-01-01,2025-12-31,'NA',GCW_2025
GCW_UP_2025_gw-spec-cond_L2_v2-1.pdf,Plots of Jan 2025 sensor data for GCW-UP,,2025-01-01,2025-12-31,,GCW_2025
GCW_UP_2025_gw-tds_L2_v2-1.parquet,Year 2025 sensor data for UP plot at GCW site,,2025-01-01,2025-12-31,'NA',GCW_2025
GCW_UP_2025_gw-tds_L2_v2-1.pdf,Plots of Jan 2025 sensor data for GCW-UP,,2025-01-01,2025-12-31,,GCW_2025
GCW_UP_2025_gw-temperature_L2_v2-1.parquet,Year 2025 sensor data for UP plot at GCW site,,2025-01-01,2025-12-31,'NA',GCW_2025
GCW_UP_2025_gw-temperature_L2_v2-1.pdf,Plots of Jan 2025 sensor data for GCW-UP,,2025-01-01,2025-12-31,,GCW_2025
GCW_UP_2025_gw-temperature-int_L2_v2-1.parquet,Year 2025 sensor data for UP plot at GCW site,,2025-01-01,2025-12-31,'NA',GCW_2025
GCW_UP_2025_gw-temperature-int_L2_v2-1.pdf,Plots of Jan 2025 sensor data for GCW-UP,,2025-01-01,2025-12-31,,GCW_2025
GCW_UP_2025_gw-voltage-ext_L2_v2-1.parquet,Year 2025 sensor data for UP plot at GCW site,,2025-01-01,2025-12-31,'NA',GCW_2025
GCW_UP_2025_gw-voltage-ext_L2_v2-1.pdf,Plots of Jan 2025 sensor data for GCW-UP,,2025-01-01,2025-12-31,,GCW_2025
GCW_UP_2025_redox-10cm_L2_v2-1.parquet,Year 2025 sensor data for UP plot at GCW site,,2025-01-01,2025-12-31,'NA',GCW_2025
GCW_UP_2025_redox-10cm_L2_v2-1.pdf,Plots of Jan 2025 sensor data for GCW-UP,,2025-01-01,2025-12-31,,GCW_2025
GCW_UP_2025_redox-20cm_L2_v2-1.parquet,Year 2025 sensor data for UP plot at GCW site,,2025-01-01,2025-12-31,'NA',GCW_2025
GCW_UP_2025_redox-20cm_L2_v2-1.pdf,Plots of Jan 2025 sensor data for GCW-UP,,2025-01-01,2025-12-31,,GCW_2025
GCW_UP_2025_redox-35cm_L2_v2-1.parquet,Year 2025 sensor data for UP plot at GCW site,,2025-01-01,2025-12-31,'NA',GCW_2025
GCW_UP_2025_redox-35cm_L2_v2-1.pdf,Plots of Jan 2025 sensor data for GCW-UP,,2025-01-01,2025-12-31,,GCW_2025
GCW_UP_2025_redox-55cm_L2_v2-1.parquet,Year 2025 sensor data for UP plot at GCW site,,2025-01-01,2025-12-31,'NA',GCW_2025
GCW_UP_2025_redox-55cm_L2_v2-1.pdf,Plots of Jan 2025 sensor data for GCW-UP,,2025-01-01,2025-12-31,,GCW_2025
GCW_UP_2025_sapflow-3.5cm_L2_v2-1.parquet,Year 2025 sensor data for UP plot at GCW site,,2025-01-01,2025-12-31,'NA',GCW_2025
GCW_UP_2025_sapflow-3.5cm_L2_v2-1.pdf,Plots of Jan 2025 sensor data for GCW-UP,,2025-01-01,2025-12-31,,GCW_2025
GCW_UP_2025_sapflow-5cm_L2_v2-1.parquet,Year 2025 sensor data for UP plot at GCW site,,2025-01-01,2025-12-31,'NA',GCW_2025
GCW_UP_2025_sapflow-5cm_L2_v2-1.pdf,Plots of Jan 2025 sensor data for GCW-UP,,2025-01-01,2025-12-31,,GCW_2025
GCW_UP_2025_soil-EC-15cm_L2_v2-1.parquet,Year 2025 sensor data for UP plot at GCW site,,2025-01-01,2025-12-31,'NA',GCW_2025
GCW_UP_2025_soil-EC-15cm_L2_v2-1.pdf,Plots of Jan 2025 sensor data for GCW-UP,,2025-01-01,2025-12-31,,GCW_2025
GCW_UP_2025_soil-EC-30cm_L2_v2-1.parquet,Year 2025 sensor data for UP plot at GCW site,,2025-01-01,2025-12-31,'NA',GCW_2025
GCW_UP_2025_soil-EC-30cm_L2_v2-1.pdf,Plots of Jan 2025 sensor data for GCW-UP,,2025-01-01,2025-12-31,,GCW_2025
GCW_UP_2025_soil-EC-5cm_L2_v2-1.parquet,Year 2025 sensor data for UP plot at GCW site,,2025-01-01,2025-12-31,'NA',GCW_2025
GCW_UP_2025_soil-EC-5cm_L2_v2-1.pdf,Plots of Jan 2025 sensor data for GCW-UP,,2025-01-01,2025-12-31,,GCW_2025
GCW_UP_2025_soil-salinity-15cm_L2_v2-1.parquet,Year 2025 sensor data for UP plot at GCW site,,2025-01-01,2025-12-31,'NA',GCW_2025
GCW_UP_2025_soil-salinity-15cm_L2_v2-1.pdf,Plots of Jan 2025 sensor data for GCW-UP,,2025-01-01,2025-12-31,,GCW_2025
GCW_UP_2025_soil-salinity-30cm_L2_v2-1.parquet,Year 2025 sensor data for UP plot at GCW site,,2025-01-01,2025-12-31,'NA',GCW_2025
GCW_UP_2025_soil-salinity-30cm_L2_v2-1.pdf,Plots of Jan 2025 sensor data for GCW-UP,,2025-01-01,2025-12-31,,GCW_2025
GCW_UP_2025_soil-salinity-5cm_L2_v2-1.parquet,Year 2025 sensor data for UP plot at GCW site,,2025-01-01,2025-12-31,'NA',GCW_2025
GCW_UP_2025_soil-salinity-5cm_L2_v2-1.pdf,Plots of Jan 2025 sensor data for GCW-UP,,2025-01-01,2025-12-31,,GCW_2025
GCW_UP_2025_soil-temp-15cm_L2_v2-1.parquet,Year 2025 sensor data for UP plot at GCW site,,2025-01-01,2025-12-31,'NA',GCW_2025
GCW_UP_2025_soil-temp-15cm_L2_v2-1.pdf,Plots of Jan 2025 sensor data for GCW-UP,,2025-01-01,2025-12-31,,GCW_2025
GCW_UP_2025_soil-temp-30cm_L2_v2-1.parquet,Year 2025 sensor data for UP plot at GCW site,,2025-01-01,2025-12-31,'NA',GCW_2025
GCW_UP_2025_soil-temp-30cm_L2_v2-1.pdf,Plots of Jan 2025 sensor data for GCW-UP,,2025-01-01,2025-12-31,,GCW_2025
GCW_UP_2025_soil-temp-5cm_L2_v2-1.parquet,Year 2025 sensor data for UP plot at GCW site,,2025-01-01,2025-12-31,'NA',GCW_2025
GCW_UP_2025_soil-temp-5cm_L2_v2-1.pdf,Plots of Jan 2025 sensor data for GCW-UP,,2025-01-01,2025-12-31,,GCW_2025
GCW_UP_2025_soil-vwc-15cm_L2_v2-1.parquet,Year 2025 sensor data for UP plot at GCW site,,2025-01-01,2025-12-31,'NA',GCW_2025
GCW_UP_2025_soil-vwc-15cm_L2_v2-1.pdf,Plots of Jan 2025 sensor data for GCW-UP,,2025-01-01,2025-12-31,,GCW_2025
GCW_UP_2025_soil-vwc-30cm_L2_v2-1.parquet,Year 2025 sensor data for UP plot at GCW site,,2025-01-01,2025-12-31,'NA',GCW_2025
GCW_UP_2025_soil-vwc-30cm_L2_v2-1.pdf,Plots of Jan 2025 sensor data for GCW-UP,,2025-01-01,2025-12-31,,GCW_2025
GCW_UP_2025_soil-vwc-5cm_L2_v2-1.parquet,Year 2025 sensor data for UP plot at GCW site,,2025-01-01,2025-12-31,'NA',GCW_2025
GCW_UP_2025_soil-vwc-5cm_L2_v2-1.pdf,Plots of Jan 2025 sensor data for GCW-UP,,2025-01-01,2025-12-31,,GCW_2025
GCW_W_2025_battery-voltage_L2_v2-1.parquet,Year 2025 sensor data for W plot at GCW site,,2025-01-01,2025-12-31,'NA',GCW_2025
GCW_W_2025_battery-voltage_L2_v2-1.pdf,Plots of Jan 2025 sensor data for GCW-W,,2025-01-01,2025-12-31,,GCW_2025
GCW_W_2025_gw-act-cond_L2_v2-1.parquet,Year 2025 sensor data for W plot at GCW site,,2025-01-01,2025-12-31,'NA',GCW_2025
GCW_W_2025_gw-act-cond_L2_v2-1.pdf,Plots of Jan 2025 sensor data for GCW-W,,2025-01-01,2025-12-31,,GCW_2025
GCW_W_2025_gw-bar-pressure_L2_v2-1.parquet,Year 2025 sensor data for W plot at GCW site,,2025-01-01,2025-12-31,'NA',GCW_2025
GCW_W_2025_gw-bar-pressure_L2_v2-1.pdf,Plots of Jan 2025 sensor data for GCW-W,,2025-01-01,2025-12-31,,GCW_2025
GCW_W_2025_gw-battery_L2_v2-1.parquet,Year 2025 sensor data for W plot at GCW site,,2025-01-01,2025-12-31,'NA',GCW_2025
GCW_W_2025_gw-battery_L2_v2-1.pdf,Plots of Jan 2025 sensor data for GCW-W,,2025-01-01,2025-12-31,,GCW_2025
GCW_W_2025_gw-density_L2_v2-1.parquet,Year 2025 sensor data for W plot at GCW site,,2025-01-01,2025-12-31,'NA',GCW_2025
GCW_W_2025_gw-density_L2_v2-1.pdf,Plots of Jan 2025 sensor data for GCW-W,,2025-01-01,2025-12-31,,GCW_2025
GCW_W_2025_gw-depth_L2_v2-1.parquet,Year 2025 sensor data for W plot at GCW site,,2025-01-01,2025-12-31,'NA',GCW_2025
GCW_W_2025_gw-depth_L2_v2-1.pdf,Plots of Jan 2025 sensor data for GCW-W,,2025-01-01,2025-12-31,,GCW_2025
GCW_W_2025_gw-part-pressure_L2_v2-1.parquet,Year 2025 sensor data for W plot at GCW site,,2025-01-01,2025-12-31,'NA',GCW_2025
GCW_W_2025_gw-part-pressure_L2_v2-1.pdf,Plots of Jan 2025 sensor data for GCW-W,,2025-01-01,2025-12-31,,GCW_2025
GCW_W_2025_gw-perc-sat_L2_v2-1.parquet,Year 2025 sensor data for W plot at GCW site,,2025-01-01,2025-12-31,'NA',GCW_2025
GCW_W_2025_gw-perc-sat_L2_v2-1.pdf,Plots of Jan 2025 sensor data for GCW-W,,2025-01-01,2025-12-31,,GCW_2025
GCW_W_2025_gw-ph_L2_v2-1.parquet,Year 2025 sensor data for W plot at GCW site,,2025-01-01,2025-12-31,'NA',GCW_2025
GCW_W_2025_gw-ph_L2_v2-1.pdf,Plots of Jan 2025 sensor data for GCW-W,,2025-01-01,2025-12-31,,GCW_2025
GCW_W_2025_gw-ph-mv_L2_v2-1.parquet,Year 2025 sensor data for W plot at GCW site,,2025-01-01,2025-12-31,'NA',GCW_2025
GCW_W_2025_gw-ph-mv_L2_v2-1.pdf,Plots of Jan 2025 sensor data for GCW-W,,2025-01-01,2025-12-31,,GCW_2025
GCW_W_2025_gw-ph-orp_L2_v2-1.parquet,Year 2025 sensor data for W plot at GCW site,,2025-01-01,2025-12-31,'NA',GCW_2025
GCW_W_2025_gw-ph-orp_L2_v2-1.pdf,Plots of Jan 2025 sensor data for GCW-W,,2025-01-01,2025-12-31,,GCW_2025
GCW_W_2025_gw-pressure-vented_L2_v2-1.parquet,Year 2025 sensor data for W plot at GCW site,,2025-01-01,2025-12-31,'NA',GCW_2025
GCW_W_2025_gw-pressure-vented_L2_v2-1.pdf,Plots of Jan 2025 sensor data for GCW-W,,2025-01-01,2025-12-31,,GCW_2025
GCW_W_2025_gw-rdo-conc_L2_v2-1.parquet,Year 2025 sensor data for W plot at GCW site,,2025-01-01,2025-12-31,'NA',GCW_2025
GCW_W_2025_gw-rdo-conc_L2_v2-1.pdf,Plots of Jan 2025 sensor data for GCW-W,,2025-01-01,2025-12-31,,GCW_2025
GCW_W_2025_gw-resistivity_L2_v2-1.parquet,Year 2025 sensor data for W plot at GCW site,,2025-01-01,2025-12-31,'NA',GCW_2025
GCW_W_2025_gw-resistivity_L2_v2-1.pdf,Plots of Jan 2025 sensor data for GCW-W,,2025-01-01,2025-12-31,,GCW_2025
GCW_W_2025_gw-salinity_L2_v2-1.parquet,Year 2025 sensor data for W plot at GCW site,,2025-01-01,2025-12-31,'NA',GCW_2025
GCW_W_2025_gw-salinity_L2_v2-1.pdf,Plots of Jan 2025 sensor data for GCW-W,,2025-01-01,2025-12-31,,GCW_2025
GCW_W_2025_gw-spec-cond_L2_v2-1.parquet,Year 2025 sensor data for W plot at GCW site,,2025-01-01,2025-12-31,'NA',GCW_2025
GCW_W_2025_gw-spec-cond_L2_v2-1.pdf,Plots of Jan 2025 sensor data for GCW-W,,2025-01-01,2025-12-31,,GCW_2025
GCW_W_2025_gw-tds_L2_v2-1.parquet,Year 2025 sensor data for W plot at GCW site,,2025-01-01,2025-12-31,'NA',GCW_2025
GCW_W_2025_gw-tds_L2_v2-1.pdf,Plots of Jan 2025 sensor data for GCW-W,,2025-01-01,2025-12-31,,GCW_2025
GCW_W_2025_gw-temperature_L2_v2-1.parquet,Year 2025 sensor data for W plot at GCW site,,2025-01-01,2025-12-31,'NA',GCW_2025
GCW_W_2025_gw-temperature_L2_v2-1.pdf,Plots of Jan 2025 sensor data for GCW-W,,2025-01-01,2025-12-31,,GCW_2025
GCW_W_2025_gw-voltage-ext_L2_v2-1.parquet,Year 2025 sensor data for W plot at GCW site,,2025-01-01,2025-12-31,'NA',GCW_2025
GCW_W_2025_gw-voltage-ext_L2_v2-1.pdf,Plots of Jan 2025 sensor data for GCW-W,,2025-01-01,2025-12-31,,GCW_2025
GCW_W_2025_gw-wl-below-surface_L2_v2-1.parquet,Year 2025 sensor data for W plot at GCW site,,2025-01-01,2025-12-31,'NA',GCW_2025
GCW_W_2025_gw-wl-below-surface_L2_v2-1.pdf,Plots of Jan 2025 sensor data for GCW-W,,2025-01-01,2025-12-31,,GCW_2025
GCW_W_2025_redox-15cm_L2_v2-1.parquet,Year 2025 sensor data for W plot at GCW site,,2025-01-01,2025-12-31,'NA',GCW_2025
GCW_W_2025_redox-15cm_L2_v2-1.pdf,Plots of Jan 2025 sensor data for GCW-W,,2025-01-01,2025-12-31,,GCW_2025
GCW_W_2025_redox-5cm_L2_v2-1.parquet,Year 2025 sensor data for W plot at GCW site,,2025-01-01,2025-12-31,'NA',GCW_2025
GCW_W_2025_redox-5cm_L2_v2-1.pdf,Plots of Jan 2025 sensor data for GCW-W,,2025-01-01,2025-12-31,,GCW_2025
GCW_W_2025_soil-EC-10cm_L2_v2-1.parquet,Year 2025 sensor data for W plot at GCW site,,2025-01-01,2025-12-31,'NA',GCW_2025
GCW_W_2025_soil-EC-10cm_L2_v2-1.pdf,Plots of Jan 2025 sensor data for GCW-W,,2025-01-01,2025-12-31,,GCW_2025
GCW_W_2025_soil-EC-30cm_L2_v2-1.parquet,Year 2025 sensor data for W plot at GCW site,,2025-01-01,2025-12-31,'NA',GCW_2025
GCW_W_2025_soil-EC-30cm_L2_v2-1.pdf,Plots of Jan 2025 sensor data for GCW-W,,2025-01-01,2025-12-31,,GCW_2025
GCW_W_2025_soil-salinity-10cm_L2_v2-1.parquet,Year 2025 sensor data for W plot at GCW site,,2025-01-01,2025-12-31,'NA',GCW_2025
GCW_W_2025_soil-salinity-10cm_L2_v2-1.pdf,Plots of Jan 2025 sensor data for GCW-W,,2025-01-01,2025-12-31,,GCW_2025
GCW_W_2025_soil-salinity-30cm_L2_v2-1.parquet,Year 2025 sensor data for W plot at GCW site,,2025-01-01,2025-12-31,'NA',GCW_2025
GCW_W_2025_soil-salinity-30cm_L2_v2-1.pdf,Plots of Jan 2025 sensor data for GCW-W,,2025-01-01,2025-12-31,,GCW_2025
GCW_W_2025_soil-temp-10cm_L2_v2-1.parquet,Year 2025 sensor data for W plot at GCW site,,2025-01-01,2025-12-31,'NA',GCW_2025
GCW_W_2025_soil-temp-10cm_L2_v2-1.pdf,Plots of Jan 2025 sensor data for GCW-W,,2025-01-01,2025-12-31,,GCW_2025
GCW_W_2025_soil-temp-30cm_L2_v2-1.parquet,Year 2025 sensor data for W plot at GCW site,,2025-01-01,2025-12-31,'NA',GCW_2025
GCW_W_2025_soil-temp-30cm_L2_v2-1.pdf,Plots of Jan 2025 sensor data for GCW-W,,2025-01-01,2025-12-31,,GCW_2025
GCW_W_2025_soil-vwc-10cm_L2_v2-1.parquet,Year 2025 sensor data for W plot at GCW site,,2025-01-01,2025-12-31,'NA',GCW_2025
GCW_W_2025_soil-vwc-10cm_L2_v2-1.pdf,Plots of Jan 2025 sensor data for GCW-W,,2025-01-01,2025-12-31,,GCW_2025
GCW_W_2025_soil-vwc-30cm_L2_v2-1.parquet,Year 2025 sensor data for W plot at GCW site,,2025-01-01,2025-12-31,'NA',GCW_2025
GCW_W_2025_soil-vwc-30cm_L2_v2-1.pdf,Plots of Jan 2025 sensor data for GCW-W,,2025-01-01,2025-12-31,,GCW_2025
GCW_W_2025_solar-voltage_L2_v2-1.parquet,Year 2025 sensor data for W plot at GCW site,,2025-01-01,2025-12-31,'NA',GCW_2025
GCW_W_2025_solar-voltage_L2_v2-1.pdf,Plots of Jan 2025 sensor data for GCW-W,,2025-01-01,2025-12-31,,GCW_2025
GCW_W_2025_wx-barpress15_L2_v2-1.parquet,Year 2025 sensor data for W plot at GCW site,,2025-01-01,2025-12-31,'NA',GCW_2025
GCW_W_2025_wx-barpress15_L2_v2-1.pdf,Plots of Jan 2025 sensor data for GCW-W,,2025-01-01,2025-12-31,,GCW_2025
GCW_W_2025_wx-gcrew-rain15_L2_v2-1.parquet,Year 2025 sensor data for W plot at GCW site,,2025-01-01,2025-12-31,'NA',GCW_2025
GCW_W_2025_wx-gcrew-rain15_L2_v2-1.pdf,Plots of Jan 2025 sensor data for GCW-W,,2025-01-01,2025-12-31,,GCW_2025
GCW_W_2025_wx-maxws15_L2_v2-1.parquet,Year 2025 sensor data for W plot at GCW site,,2025-01-01,2025-12-31,'NA',GCW_2025
GCW_W_2025_wx-maxws15_L2_v2-1.pdf,Plots of Jan 2025 sensor data for GCW-W,,2025-01-01,2025-12-31,,GCW_2025
GCW_W_2025_wx-minws15_L2_v2-1.parquet,Year 2025 sensor data for W plot at GCW site,,2025-01-01,2025-12-31,'NA',GCW_2025
GCW_W_2025_wx-minws15_L2_v2-1.pdf,Plots of Jan 2025 sensor data for GCW-W,,2025-01-01,2025-12-31,,GCW_2025
GCW_W_2025_wx-par-den15_L2_v2-1.parquet,Year 2025 sensor data for W plot at GCW site,,2025-01-01,2025-12-31,'NA',GCW_2025
GCW_W_2025_wx-par-den15_L2_v2-1.pdf,Plots of Jan 2025 sensor data for GCW-W,,2025-01-01,2025-12-31,,GCW_2025
GCW_W_2025_wx-rh15_L2_v2-1.parquet,Year 2025 sensor data for W plot at GCW site,,2025-01-01,2025-12-31,'NA',GCW_2025
GCW_W_2025_wx-rh15_L2_v2-1.pdf,Plots of Jan 2025 sensor data for GCW-W,,2025-01-01,2025-12-31,,GCW_2025
GCW_W_2025_wx-slr-fd15_L2_v2-1.parquet,Year 2025 sensor data for W plot at GCW site,,2025-01-01,2025-12-31,'NA',GCW_2025
GCW_W_2025_wx-slr-fd15_L2_v2-1.pdf,Plots of Jan 2025 sensor data for GCW-W,,2025-01-01,2025-12-31,,GCW_2025
GCW_W_2025_wx-slr-tf15_L2_v2-1.parquet,Year 2025 sensor data for W plot at GCW site,,2025-01-01,2025-12-31,'NA',GCW_2025
GCW_W_2025_wx-slr-tf15_L2_v2-1.pdf,Plots of Jan 2025 sensor data for GCW-W,,2025-01-01,2025-12-31,,GCW_2025
GCW_W_2025_wx-svp15_L2_v2-1.parquet,Year 2025 sensor data for W plot at GCW site,,2025-01-01,2025-12-31,'NA',GCW_2025
GCW_W_2025_wx-svp15_L2_v2-1.pdf,Plots of Jan 2025 sensor data for GCW-W,,2025-01-01,2025-12-31,,GCW_2025
GCW_W_2025_wx-tempavg15_L2_v2-1.parquet,Year 2025 sensor data for W plot at GCW site,,2025-01-01,2025-12-31,'NA',GCW_2025
GCW_W_2025_wx-tempavg15_L2_v2-1.pdf,Plots of Jan 2025 sensor data for GCW-W,,2025-01-01,2025-12-31,,GCW_2025
GCW_W_2025_wx-vp15_L2_v2-1.parquet,Year 2025 sensor data for W plot at GCW site,,2025-01-01,2025-12-31,'NA',GCW_2025
GCW_W_2025_wx-vp15_L2_v2-1.pdf,Plots of Jan 2025 sensor data for GCW-W,,2025-01-01,2025-12-31,,GCW_2025
GCW_W_2025_wx-winddir15_L2_v2-1.parquet,Year 2025 sensor data for W plot at GCW site,,2025-01-01,2025-12-31,'NA',GCW_2025
GCW_W_2025_wx-winddir15_L2_v2-1.pdf,Plots of Jan 2025 sensor data for GCW-W,,2025-01-01,2025-12-31,,GCW_2025
GCW_W_2025_wx-windspeed15_L2_v2-1.parquet,Year 2025 sensor data for W plot at GCW site,,2025-01-01,2025-12-31,'NA',GCW_2025
GCW_W_2025_wx-windspeed15_L2_v2-1.pdf,Plots of Jan 2025 sensor data for GCW-W,,2025-01-01,2025-12-31,,GCW_2025
GWI_2022_L2_v2-1_metadata.txt,Metadata for all data files in GWI_2022 folder,,,,,GWI_2022
GWI_TR_2022_gw-act-cond_L2_v2-1.parquet,Year 2022 sensor data for TR plot at GWI site,,2022-01-01,2022-12-31,'NA',GWI_2022
GWI_TR_2022_gw-act-cond_L2_v2-1.pdf,Plots of Jan 2022 sensor data for GWI-TR,,2022-01-01,2022-12-31,,GWI_2022
GWI_TR_2022_gw-bar-pressure_L2_v2-1.parquet,Year 2022 sensor data for TR plot at GWI site,,2022-01-01,2022-12-31,'NA',GWI_2022
GWI_TR_2022_gw-bar-pressure_L2_v2-1.pdf,Plots of Jan 2022 sensor data for GWI-TR,,2022-01-01,2022-12-31,,GWI_2022
GWI_TR_2022_gw-battery_L2_v2-1.parquet,Year 2022 sensor data for TR plot at GWI site,,2022-01-01,2022-12-31,'NA',GWI_2022
GWI_TR_2022_gw-battery_L2_v2-1.pdf,Plots of Jan 2022 sensor data for GWI-TR,,2022-01-01,2022-12-31,,GWI_2022
GWI_TR_2022_gw-density_L2_v2-1.parquet,Year 2022 sensor data for TR plot at GWI site,,2022-01-01,2022-12-31,'NA',GWI_2022
GWI_TR_2022_gw-density_L2_v2-1.pdf,Plots of Jan 2022 sensor data for GWI-TR,,2022-01-01,2022-12-31,,GWI_2022
GWI_TR_2022_gw-depth_L2_v2-1.parquet,Year 2022 sensor data for TR plot at GWI site,,2022-01-01,2022-12-31,'NA',GWI_2022
GWI_TR_2022_gw-depth_L2_v2-1.pdf,Plots of Jan 2022 sensor data for GWI-TR,,2022-01-01,2022-12-31,,GWI_2022
GWI_TR_2022_gw-part-pressure_L2_v2-1.parquet,Year 2022 sensor data for TR plot at GWI site,,2022-01-01,2022-12-31,'NA',GWI_2022
GWI_TR_2022_gw-part-pressure_L2_v2-1.pdf,Plots of Jan 2022 sensor data for GWI-TR,,2022-01-01,2022-12-31,,GWI_2022
GWI_TR_2022_gw-perc-sat_L2_v2-1.parquet,Year 2022 sensor data for TR plot at GWI site,,2022-01-01,2022-12-31,'NA',GWI_2022
GWI_TR_2022_gw-perc-sat_L2_v2-1.pdf,Plots of Jan 2022 sensor data for GWI-TR,,2022-01-01,2022-12-31,,GWI_2022
GWI_TR_2022_gw-ph_L2_v2-1.parquet,Year 2022 sensor data for TR plot at GWI site,,2022-01-01,2022-12-31,'NA',GWI_2022
GWI_TR_2022_gw-ph_L2_v2-1.pdf,Plots of Jan 2022 sensor data for GWI-TR,,2022-01-01,2022-12-31,,GWI_2022
GWI_TR_2022_gw-ph-mv_L2_v2-1.parquet,Year 2022 sensor data for TR plot at GWI site,,2022-01-01,2022-12-31,'NA',GWI_2022
GWI_TR_2022_gw-ph-mv_L2_v2-1.pdf,Plots of Jan 2022 sensor data for GWI-TR,,2022-01-01,2022-12-31,,GWI_2022
GWI_TR_2022_gw-ph-orp_L2_v2-1.parquet,Year 2022 sensor data for TR plot at GWI site,,2022-01-01,2022-12-31,'NA',GWI_2022
GWI_TR_2022_gw-ph-orp_L2_v2-1.pdf,Plots of Jan 2022 sensor data for GWI-TR,,2022-01-01,2022-12-31,,GWI_2022
GWI_TR_2022_gw-pressure-vented_L2_v2-1.parquet,Year 2022 sensor data for TR plot at GWI site,,2022-01-01,2022-12-31,'NA',GWI_2022
GWI_TR_2022_gw-pressure-vented_L2_v2-1.pdf,Plots of Jan 2022 sensor data for GWI-TR,,2022-01-01,2022-12-31,,GWI_2022
GWI_TR_2022_gw-rdo-conc_L2_v2-1.parquet,Year 2022 sensor data for TR plot at GWI site,,2022-01-01,2022-12-31,'NA',GWI_2022
GWI_TR_2022_gw-rdo-conc_L2_v2-1.pdf,Plots of Jan 2022 sensor data for GWI-TR,,2022-01-01,2022-12-31,,GWI_2022
GWI_TR_2022_gw-resistivity_L2_v2-1.parquet,Year 2022 sensor data for TR plot at GWI site,,2022-01-01,2022-12-31,'NA',GWI_2022
GWI_TR_2022_gw-resistivity_L2_v2-1.pdf,Plots of Jan 2022 sensor data for GWI-TR,,2022-01-01,2022-12-31,,GWI_2022
GWI_TR_2022_gw-salinity_L2_v2-1.parquet,Year 2022 sensor data for TR plot at GWI site,,2022-01-01,2022-12-31,'NA',GWI_2022
GWI_TR_2022_gw-salinity_L2_v2-1.pdf,Plots of Jan 2022 sensor data for GWI-TR,,2022-01-01,2022-12-31,,GWI_2022
GWI_TR_2022_gw-spec-cond_L2_v2-1.parquet,Year 2022 sensor data for TR plot at GWI site,,2022-01-01,2022-12-31,'NA',GWI_2022
GWI_TR_2022_gw-spec-cond_L2_v2-1.pdf,Plots of Jan 2022 sensor data for GWI-TR,,2022-01-01,2022-12-31,,GWI_2022
GWI_TR_2022_gw-tds_L2_v2-1.parquet,Year 2022 sensor data for TR plot at GWI site,,2022-01-01,2022-12-31,'NA',GWI_2022
GWI_TR_2022_gw-tds_L2_v2-1.pdf,Plots of Jan 2022 sensor data for GWI-TR,,2022-01-01,2022-12-31,,GWI_2022
GWI_TR_2022_gw-temperature_L2_v2-1.parquet,Year 2022 sensor data for TR plot at GWI site,,2022-01-01,2022-12-31,'NA',GWI_2022
GWI_TR_2022_gw-temperature_L2_v2-1.pdf,Plots of Jan 2022 sensor data for GWI-TR,,2022-01-01,2022-12-31,,GWI_2022
GWI_TR_2022_gw-voltage-ext_L2_v2-1.parquet,Year 2022 sensor data for TR plot at GWI site,,2022-01-01,2022-12-31,'NA',GWI_2022
GWI_TR_2022_gw-voltage-ext_L2_v2-1.pdf,Plots of Jan 2022 sensor data for GWI-TR,,2022-01-01,2022-12-31,,GWI_2022
GWI_TR_2022_gw-wl-below-surface_L2_v2-1.parquet,Year 2022 sensor data for TR plot at GWI site,,2022-01-01,2022-12-31,'NA',GWI_2022
GWI_TR_2022_gw-wl-below-surface_L2_v2-1.pdf,Plots of Jan 2022 sensor data for GWI-TR,,2022-01-01,2022-12-31,,GWI_2022
GWI_TR_2022_sapflow-3.5cm_L2_v2-1.parquet,Year 2022 sensor data for TR plot at GWI site,,2022-01-01,2022-12-31,'NA',GWI_2022
GWI_TR_2022_sapflow-3.5cm_L2_v2-1.pdf,Plots of Jan 2022 sensor data for GWI-TR,,2022-01-01,2022-12-31,,GWI_2022
GWI_TR_2022_soil-EC-10cm_L2_v2-1.parquet,Year 2022 sensor data for TR plot at GWI site,,2022-01-01,2022-12-31,'NA',GWI_2022
GWI_TR_2022_soil-EC-10cm_L2_v2-1.pdf,Plots of Jan 2022 sensor data for GWI-TR,,2022-01-01,2022-12-31,,GWI_2022
GWI_TR_2022_soil-EC-30cm_L2_v2-1.parquet,Year 2022 sensor data for TR plot at GWI site,,2022-01-01,2022-12-31,'NA',GWI_2022
GWI_TR_2022_soil-EC-30cm_L2_v2-1.pdf,Plots of Jan 2022 sensor data for GWI-TR,,2022-01-01,2022-12-31,,GWI_2022
GWI_TR_2022_soil-salinity-10cm_L2_v2-1.parquet,Year 2022 sensor data for TR plot at GWI site,,2022-01-01,2022-12-31,'NA',GWI_2022
GWI_TR_2022_soil-salinity-10cm_L2_v2-1.pdf,Plots of Jan 2022 sensor data for GWI-TR,,2022-01-01,2022-12-31,,GWI_2022
GWI_TR_2022_soil-salinity-30cm_L2_v2-1.parquet,Year 2022 sensor data for TR plot at GWI site,,2022-01-01,2022-12-31,'NA',GWI_2022
GWI_TR_2022_soil-salinity-30cm_L2_v2-1.pdf,Plots of Jan 2022 sensor data for GWI-TR,,2022-01-01,2022-12-31,,GWI_2022
GWI_TR_2022_soil-temp-10cm_L2_v2-1.parquet,Year 2022 sensor data for TR plot at GWI site,,2022-01-01,2022-12-31,'NA',GWI_2022
GWI_TR_2022_soil-temp-10cm_L2_v2-1.pdf,Plots of Jan 2022 sensor data for GWI-TR,,2022-01-01,2022-12-31,,GWI_2022
GWI_TR_2022_soil-temp-30cm_L2_v2-1.parquet,Year 2022 sensor data for TR plot at GWI site,,2022-01-01,2022-12-31,'NA',GWI_2022
GWI_TR_2022_soil-temp-30cm_L2_v2-1.pdf,Plots of Jan 2022 sensor data for GWI-TR,,2022-01-01,2022-12-31,,GWI_2022
GWI_TR_2022_soil-vwc-10cm_L2_v2-1.parquet,Year 2022 sensor data for TR plot at GWI site,,2022-01-01,2022-12-31,'NA',GWI_2022
GWI_TR_2022_soil-vwc-10cm_L2_v2-1.pdf,Plots of Jan 2022 sensor data for GWI-TR,,2022-01-01,2022-12-31,,GWI_2022
GWI_TR_2022_soil-vwc-30cm_L2_v2-1.parquet,Year 2022 sensor data for TR plot at GWI site,,2022-01-01,2022-12-31,'NA',GWI_2022
GWI_TR_2022_soil-vwc-30cm_L2_v2-1.pdf,Plots of Jan 2022 sensor data for GWI-TR,,2022-01-01,2022-12-31,,GWI_2022
GWI_UP_2022_gw-act-cond_L2_v2-1.parquet,Year 2022 sensor data for UP plot at GWI site,,2022-01-01,2022-12-31,'NA',GWI_2022
GWI_UP_2022_gw-act-cond_L2_v2-1.pdf,Plots of Jan 2022 sensor data for GWI-UP,,2022-01-01,2022-12-31,,GWI_2022
GWI_UP_2022_gw-bar-pressure_L2_v2-1.parquet,Year 2022 sensor data for UP plot at GWI site,,2022-01-01,2022-12-31,'NA',GWI_2022
GWI_UP_2022_gw-bar-pressure_L2_v2-1.pdf,Plots of Jan 2022 sensor data for GWI-UP,,2022-01-01,2022-12-31,,GWI_2022
GWI_UP_2022_gw-battery_L2_v2-1.parquet,Year 2022 sensor data for UP plot at GWI site,,2022-01-01,2022-12-31,'NA',GWI_2022
GWI_UP_2022_gw-battery_L2_v2-1.pdf,Plots of Jan 2022 sensor data for GWI-UP,,2022-01-01,2022-12-31,,GWI_2022
GWI_UP_2022_gw-density_L2_v2-1.parquet,Year 2022 sensor data for UP plot at GWI site,,2022-01-01,2022-12-31,'NA',GWI_2022
GWI_UP_2022_gw-density_L2_v2-1.pdf,Plots of Jan 2022 sensor data for GWI-UP,,2022-01-01,2022-12-31,,GWI_2022
GWI_UP_2022_gw-depth_L2_v2-1.parquet,Year 2022 sensor data for UP plot at GWI site,,2022-01-01,2022-12-31,'NA',GWI_2022
GWI_UP_2022_gw-depth_L2_v2-1.pdf,Plots of Jan 2022 sensor data for GWI-UP,,2022-01-01,2022-12-31,,GWI_2022
GWI_UP_2022_gw-part-pressure_L2_v2-1.parquet,Year 2022 sensor data for UP plot at GWI site,,2022-01-01,2022-12-31,'NA',GWI_2022
GWI_UP_2022_gw-part-pressure_L2_v2-1.pdf,Plots of Jan 2022 sensor data for GWI-UP,,2022-01-01,2022-12-31,,GWI_2022
GWI_UP_2022_gw-perc-sat_L2_v2-1.parquet,Year 2022 sensor data for UP plot at GWI site,,2022-01-01,2022-12-31,'NA',GWI_2022
GWI_UP_2022_gw-perc-sat_L2_v2-1.pdf,Plots of Jan 2022 sensor data for GWI-UP,,2022-01-01,2022-12-31,,GWI_2022
GWI_UP_2022_gw-ph_L2_v2-1.parquet,Year 2022 sensor data for UP plot at GWI site,,2022-01-01,2022-12-31,'NA',GWI_2022
GWI_UP_2022_gw-ph_L2_v2-1.pdf,Plots of Jan 2022 sensor data for GWI-UP,,2022-01-01,2022-12-31,,GWI_2022
GWI_UP_2022_gw-ph-mv_L2_v2-1.parquet,Year 2022 sensor data for UP plot at GWI site,,2022-01-01,2022-12-31,'NA',GWI_2022
GWI_UP_2022_gw-ph-mv_L2_v2-1.pdf,Plots of Jan 2022 sensor data for GWI-UP,,2022-01-01,2022-12-31,,GWI_2022
GWI_UP_2022_gw-ph-orp_L2_v2-1.parquet,Year 2022 sensor data for UP plot at GWI site,,2022-01-01,2022-12-31,'NA',GWI_2022
GWI_UP_2022_gw-ph-orp_L2_v2-1.pdf,Plots of Jan 2022 sensor data for GWI-UP,,2022-01-01,2022-12-31,,GWI_2022
GWI_UP_2022_gw-pressure-vented_L2_v2-1.parquet,Year 2022 sensor data for UP plot at GWI site,,2022-01-01,2022-12-31,'NA',GWI_2022
GWI_UP_2022_gw-pressure-vented_L2_v2-1.pdf,Plots of Jan 2022 sensor data for GWI-UP,,2022-01-01,2022-12-31,,GWI_2022
GWI_UP_2022_gw-rdo-conc_L2_v2-1.parquet,Year 2022 sensor data for UP plot at GWI site,,2022-01-01,2022-12-31,'NA',GWI_2022
GWI_UP_2022_gw-rdo-conc_L2_v2-1.pdf,Plots of Jan 2022 sensor data for GWI-UP,,2022-01-01,2022-12-31,,GWI_2022
GWI_UP_2022_gw-resistivity_L2_v2-1.parquet,Year 2022 sensor data for UP plot at GWI site,,2022-01-01,2022-12-31,'NA',GWI_2022
GWI_UP_2022_gw-resistivity_L2_v2-1.pdf,Plots of Jan 2022 sensor data for GWI-UP,,2022-01-01,2022-12-31,,GWI_2022
GWI_UP_2022_gw-salinity_L2_v2-1.parquet,Year 2022 sensor data for UP plot at GWI site,,2022-01-01,2022-12-31,'NA',GWI_2022
GWI_UP_2022_gw-salinity_L2_v2-1.pdf,Plots of Jan 2022 sensor data for GWI-UP,,2022-01-01,2022-12-31,,GWI_2022
GWI_UP_2022_gw-spec-cond_L2_v2-1.parquet,Year 2022 sensor data for UP plot at GWI site,,2022-01-01,2022-12-31,'NA',GWI_2022
GWI_UP_2022_gw-spec-cond_L2_v2-1.pdf,Plots of Jan 2022 sensor data for GWI-UP,,2022-01-01,2022-12-31,,GWI_2022
GWI_UP_2022_gw-tds_L2_v2-1.parquet,Year 2022 sensor data for UP plot at GWI site,,2022-01-01,2022-12-31,'NA',GWI_2022
GWI_UP_2022_gw-tds_L2_v2-1.pdf,Plots of Jan 2022 sensor data for GWI-UP,,2022-01-01,2022-12-31,,GWI_2022
GWI_UP_2022_gw-temperature_L2_v2-1.parquet,Year 2022 sensor data for UP plot at GWI site,,2022-01-01,2022-12-31,'NA',GWI_2022
GWI_UP_2022_gw-temperature_L2_v2-1.pdf,Plots of Jan 2022 sensor data for GWI-UP,,2022-01-01,2022-12-31,,GWI_2022
GWI_UP_2022_gw-voltage-ext_L2_v2-1.parquet,Year 2022 sensor data for UP plot at GWI site,,2022-01-01,2022-12-31,'NA',GWI_2022
GWI_UP_2022_gw-voltage-ext_L2_v2-1.pdf,Plots of Jan 2022 sensor data for GWI-UP,,2022-01-01,2022-12-31,,GWI_2022
GWI_UP_2022_gw-wl-below-surface_L2_v2-1.parquet,Year 2022 sensor data for UP plot at GWI site,,2022-01-01,2022-12-31,'NA',GWI_2022
GWI_UP_2022_gw-wl-below-surface_L2_v2-1.pdf,Plots of Jan 2022 sensor data for GWI-UP,,2022-01-01,2022-12-31,,GWI_2022
GWI_UP_2022_soil-EC-10cm_L2_v2-1.parquet,Year 2022 sensor data for UP plot at GWI site,,2022-01-01,2022-12-31,'NA',GWI_2022
GWI_UP_2022_soil-EC-10cm_L2_v2-1.pdf,Plots of Jan 2022 sensor data for GWI-UP,,2022-01-01,2022-12-31,,GWI_2022
GWI_UP_2022_soil-EC-30cm_L2_v2-1.parquet,Year 2022 sensor data for UP plot at GWI site,,2022-01-01,2022-12-31,'NA',GWI_2022
GWI_UP_2022_soil-EC-30cm_L2_v2-1.pdf,Plots of Jan 2022 sensor data for GWI-UP,,2022-01-01,2022-12-31,,GWI_2022
GWI_UP_2022_soil-salinity-10cm_L2_v2-1.parquet,Year 2022 sensor data for UP plot at GWI site,,2022-01-01,2022-12-31,'NA',GWI_2022
GWI_UP_2022_soil-salinity-10cm_L2_v2-1.pdf,Plots of Jan 2022 sensor data for GWI-UP,,2022-01-01,2022-12-31,,GWI_2022
GWI_UP_2022_soil-salinity-30cm_L2_v2-1.parquet,Year 2022 sensor data for UP plot at GWI site,,2022-01-01,2022-12-31,'NA',GWI_2022
GWI_UP_2022_soil-salinity-30cm_L2_v2-1.pdf,Plots of Jan 2022 sensor data for GWI-UP,,2022-01-01,2022-12-31,,GWI_2022
GWI_UP_2022_soil-temp-10cm_L2_v2-1.parquet,Year 2022 sensor data for UP plot at GWI site,,2022-01-01,2022-12-31,'NA',GWI_2022
GWI_UP_2022_soil-temp-10cm_L2_v2-1.pdf,Plots of Jan 2022 sensor data for GWI-UP,,2022-01-01,2022-12-31,,GWI_2022
GWI_UP_2022_soil-temp-30cm_L2_v2-1.parquet,Year 2022 sensor data for UP plot at GWI site,,2022-01-01,2022-12-31,'NA',GWI_2022
GWI_UP_2022_soil-temp-30cm_L2_v2-1.pdf,Plots of Jan 2022 sensor data for GWI-UP,,2022-01-01,2022-12-31,,GWI_2022
GWI_UP_2022_soil-vwc-10cm_L2_v2-1.parquet,Year 2022 sensor data for UP plot at GWI site,,2022-01-01,2022-12-31,'NA',GWI_2022
GWI_UP_2022_soil-vwc-10cm_L2_v2-1.pdf,Plots of Jan 2022 sensor data for GWI-UP,,2022-01-01,2022-12-31,,GWI_2022
GWI_UP_2022_soil-vwc-30cm_L2_v2-1.parquet,Year 2022 sensor data for UP plot at GWI site,,2022-01-01,2022-12-31,'NA',GWI_2022
GWI_UP_2022_soil-vwc-30cm_L2_v2-1.pdf,Plots of Jan 2022 sensor data for GWI-UP,,2022-01-01,2022-12-31,,GWI_2022
GWI_W_2022_battery-voltage_L2_v2-1.parquet,Year 2022 sensor data for W plot at GWI site,,2022-01-01,2022-12-31,'NA',GWI_2022
GWI_W_2022_battery-voltage_L2_v2-1.pdf,Plots of Jan 2022 sensor data for GWI-W,,2022-01-01,2022-12-31,,GWI_2022
GWI_W_2022_gw-act-cond_L2_v2-1.parquet,Year 2022 sensor data for W plot at GWI site,,2022-01-01,2022-12-31,'NA',GWI_2022
GWI_W_2022_gw-act-cond_L2_v2-1.pdf,Plots of Jan 2022 sensor data for GWI-W,,2022-01-01,2022-12-31,,GWI_2022
GWI_W_2022_gw-bar-pressure_L2_v2-1.parquet,Year 2022 sensor data for W plot at GWI site,,2022-01-01,2022-12-31,'NA',GWI_2022
GWI_W_2022_gw-bar-pressure_L2_v2-1.pdf,Plots of Jan 2022 sensor data for GWI-W,,2022-01-01,2022-12-31,,GWI_2022
GWI_W_2022_gw-battery_L2_v2-1.parquet,Year 2022 sensor data for W plot at GWI site,,2022-01-01,2022-12-31,'NA',GWI_2022
GWI_W_2022_gw-battery_L2_v2-1.pdf,Plots of Jan 2022 sensor data for GWI-W,,2022-01-01,2022-12-31,,GWI_2022
GWI_W_2022_gw-density_L2_v2-1.parquet,Year 2022 sensor data for W plot at GWI site,,2022-01-01,2022-12-31,'NA',GWI_2022
GWI_W_2022_gw-density_L2_v2-1.pdf,Plots of Jan 2022 sensor data for GWI-W,,2022-01-01,2022-12-31,,GWI_2022
GWI_W_2022_gw-depth_L2_v2-1.parquet,Year 2022 sensor data for W plot at GWI site,,2022-01-01,2022-12-31,'NA',GWI_2022
GWI_W_2022_gw-depth_L2_v2-1.pdf,Plots of Jan 2022 sensor data for GWI-W,,2022-01-01,2022-12-31,,GWI_2022
GWI_W_2022_gw-part-pressure_L2_v2-1.parquet,Year 2022 sensor data for W plot at GWI site,,2022-01-01,2022-12-31,'NA',GWI_2022
GWI_W_2022_gw-part-pressure_L2_v2-1.pdf,Plots of Jan 2022 sensor data for GWI-W,,2022-01-01,2022-12-31,,GWI_2022
GWI_W_2022_gw-perc-sat_L2_v2-1.parquet,Year 2022 sensor data for W plot at GWI site,,2022-01-01,2022-12-31,'NA',GWI_2022
GWI_W_2022_gw-perc-sat_L2_v2-1.pdf,Plots of Jan 2022 sensor data for GWI-W,,2022-01-01,2022-12-31,,GWI_2022
GWI_W_2022_gw-ph_L2_v2-1.parquet,Year 2022 sensor data for W plot at GWI site,,2022-01-01,2022-12-31,'NA',GWI_2022
GWI_W_2022_gw-ph_L2_v2-1.pdf,Plots of Jan 2022 sensor data for GWI-W,,2022-01-01,2022-12-31,,GWI_2022
GWI_W_2022_gw-ph-mv_L2_v2-1.parquet,Year 2022 sensor data for W plot at GWI site,,2022-01-01,2022-12-31,'NA',GWI_2022
GWI_W_2022_gw-ph-mv_L2_v2-1.pdf,Plots of Jan 2022 sensor data for GWI-W,,2022-01-01,2022-12-31,,GWI_2022
GWI_W_2022_gw-ph-orp_L2_v2-1.parquet,Year 2022 sensor data for W plot at GWI site,,2022-01-01,2022-12-31,'NA',GWI_2022
GWI_W_2022_gw-ph-orp_L2_v2-1.pdf,Plots of Jan 2022 sensor data for GWI-W,,2022-01-01,2022-12-31,,GWI_2022
GWI_W_2022_gw-pressure-vented_L2_v2-1.parquet,Year 2022 sensor data for W plot at GWI site,,2022-01-01,2022-12-31,'NA',GWI_2022
GWI_W_2022_gw-pressure-vented_L2_v2-1.pdf,Plots of Jan 2022 sensor data for GWI-W,,2022-01-01,2022-12-31,,GWI_2022
GWI_W_2022_gw-rdo-conc_L2_v2-1.parquet,Year 2022 sensor data for W plot at GWI site,,2022-01-01,2022-12-31,'NA',GWI_2022
GWI_W_2022_gw-rdo-conc_L2_v2-1.pdf,Plots of Jan 2022 sensor data for GWI-W,,2022-01-01,2022-12-31,,GWI_2022
GWI_W_2022_gw-resistivity_L2_v2-1.parquet,Year 2022 sensor data for W plot at GWI site,,2022-01-01,2022-12-31,'NA',GWI_2022
GWI_W_2022_gw-resistivity_L2_v2-1.pdf,Plots of Jan 2022 sensor data for GWI-W,,2022-01-01,2022-12-31,,GWI_2022
GWI_W_2022_gw-salinity_L2_v2-1.parquet,Year 2022 sensor data for W plot at GWI site,,2022-01-01,2022-12-31,'NA',GWI_2022
GWI_W_2022_gw-salinity_L2_v2-1.pdf,Plots of Jan 2022 sensor data for GWI-W,,2022-01-01,2022-12-31,,GWI_2022
GWI_W_2022_gw-spec-cond_L2_v2-1.parquet,Year 2022 sensor data for W plot at GWI site,,2022-01-01,2022-12-31,'NA',GWI_2022
GWI_W_2022_gw-spec-cond_L2_v2-1.pdf,Plots of Jan 2022 sensor data for GWI-W,,2022-01-01,2022-12-31,,GWI_2022
GWI_W_2022_gw-tds_L2_v2-1.parquet,Year 2022 sensor data for W plot at GWI site,,2022-01-01,2022-12-31,'NA',GWI_2022
GWI_W_2022_gw-tds_L2_v2-1.pdf,Plots of Jan 2022 sensor data for GWI-W,,2022-01-01,2022-12-31,,GWI_2022
GWI_W_2022_gw-temperature_L2_v2-1.parquet,Year 2022 sensor data for W plot at GWI site,,2022-01-01,2022-12-31,'NA',GWI_2022
GWI_W_2022_gw-temperature_L2_v2-1.pdf,Plots of Jan 2022 sensor data for GWI-W,,2022-01-01,2022-12-31,,GWI_2022
GWI_W_2022_gw-voltage-ext_L2_v2-1.parquet,Year 2022 sensor data for W plot at GWI site,,2022-01-01,2022-12-31,'NA',GWI_2022
GWI_W_2022_gw-voltage-ext_L2_v2-1.pdf,Plots of Jan 2022 sensor data for GWI-W,,2022-01-01,2022-12-31,,GWI_2022
GWI_W_2022_gw-wl-below-surface_L2_v2-1.parquet,Year 2022 sensor data for W plot at GWI site,,2022-01-01,2022-12-31,'NA',GWI_2022
GWI_W_2022_gw-wl-below-surface_L2_v2-1.pdf,Plots of Jan 2022 sensor data for GWI-W,,2022-01-01,2022-12-31,,GWI_2022
GWI_W_2022_soil-EC-10cm_L2_v2-1.parquet,Year 2022 sensor data for W plot at GWI site,,2022-01-01,2022-12-31,'NA',GWI_2022
GWI_W_2022_soil-EC-10cm_L2_v2-1.pdf,Plots of Jan 2022 sensor data for GWI-W,,2022-01-01,2022-12-31,,GWI_2022
GWI_W_2022_soil-EC-30cm_L2_v2-1.parquet,Year 2022 sensor data for W plot at GWI site,,2022-01-01,2022-12-31,'NA',GWI_2022
GWI_W_2022_soil-EC-30cm_L2_v2-1.pdf,Plots of Jan 2022 sensor data for GWI-W,,2022-01-01,2022-12-31,,GWI_2022
GWI_W_2022_soil-salinity-10cm_L2_v2-1.parquet,Year 2022 sensor data for W plot at GWI site,,2022-01-01,2022-12-31,'NA',GWI_2022
GWI_W_2022_soil-salinity-10cm_L2_v2-1.pdf,Plots of Jan 2022 sensor data for GWI-W,,2022-01-01,2022-12-31,,GWI_2022
GWI_W_2022_soil-salinity-30cm_L2_v2-1.parquet,Year 2022 sensor data for W plot at GWI site,,2022-01-01,2022-12-31,'NA',GWI_2022
GWI_W_2022_soil-salinity-30cm_L2_v2-1.pdf,Plots of Jan 2022 sensor data for GWI-W,,2022-01-01,2022-12-31,,GWI_2022
GWI_W_2022_soil-temp-10cm_L2_v2-1.parquet,Year 2022 sensor data for W plot at GWI site,,2022-01-01,2022-12-31,'NA',GWI_2022
GWI_W_2022_soil-temp-10cm_L2_v2-1.pdf,Plots of Jan 2022 sensor data for GWI-W,,2022-01-01,2022-12-31,,GWI_2022
GWI_W_2022_soil-temp-30cm_L2_v2-1.parquet,Year 2022 sensor data for W plot at GWI site,,2022-01-01,2022-12-31,'NA',GWI_2022
GWI_W_2022_soil-temp-30cm_L2_v2-1.pdf,Plots of Jan 2022 sensor data for GWI-W,,2022-01-01,2022-12-31,,GWI_2022
GWI_W_2022_soil-vwc-10cm_L2_v2-1.parquet,Year 2022 sensor data for W plot at GWI site,,2022-01-01,2022-12-31,'NA',GWI_2022
GWI_W_2022_soil-vwc-10cm_L2_v2-1.pdf,Plots of Jan 2022 sensor data for GWI-W,,2022-01-01,2022-12-31,,GWI_2022
GWI_W_2022_soil-vwc-30cm_L2_v2-1.parquet,Year 2022 sensor data for W plot at GWI site,,2022-01-01,2022-12-31,'NA',GWI_2022
GWI_W_2022_soil-vwc-30cm_L2_v2-1.pdf,Plots of Jan 2022 sensor data for GWI-W,,2022-01-01,2022-12-31,,GWI_2022
GWI_W_2022_wx-barpress15_L2_v2-1.parquet,Year 2022 sensor data for W plot at GWI site,,2022-01-01,2022-12-31,'NA',GWI_2022
GWI_W_2022_wx-barpress15_L2_v2-1.pdf,Plots of Jan 2022 sensor data for GWI-W,,2022-01-01,2022-12-31,,GWI_2022
GWI_W_2022_wx-bpmax15_L2_v2-1.parquet,Year 2022 sensor data for W plot at GWI site,,2022-01-01,2022-12-31,'NA',GWI_2022
GWI_W_2022_wx-bpmax15_L2_v2-1.pdf,Plots of Jan 2022 sensor data for GWI-W,,2022-01-01,2022-12-31,,GWI_2022
GWI_W_2022_wx-bpmin15_L2_v2-1.parquet,Year 2022 sensor data for W plot at GWI site,,2022-01-01,2022-12-31,'NA',GWI_2022
GWI_W_2022_wx-bpmin15_L2_v2-1.pdf,Plots of Jan 2022 sensor data for GWI-W,,2022-01-01,2022-12-31,,GWI_2022
GWI_W_2022_wx-dist-min15_L2_v2-1.parquet,Year 2022 sensor data for W plot at GWI site,,2022-01-01,2022-12-31,'NA',GWI_2022
GWI_W_2022_wx-dist-min15_L2_v2-1.pdf,Plots of Jan 2022 sensor data for GWI-W,,2022-01-01,2022-12-31,,GWI_2022
GWI_W_2022_wx-invalid-wind15_L2_v2-1.parquet,Year 2022 sensor data for W plot at GWI site,,2022-01-01,2022-12-31,'NA',GWI_2022
GWI_W_2022_wx-invalid-wind15_L2_v2-1.pdf,Plots of Jan 2022 sensor data for GWI-W,,2022-01-01,2022-12-31,,GWI_2022
GWI_W_2022_wx-maxws15_L2_v2-1.parquet,Year 2022 sensor data for W plot at GWI site,,2022-01-01,2022-12-31,'NA',GWI_2022
GWI_W_2022_wx-maxws15_L2_v2-1.pdf,Plots of Jan 2022 sensor data for GWI-W,,2022-01-01,2022-12-31,,GWI_2022
GWI_W_2022_wx-maxws24_L2_v2-1.parquet,Year 2022 sensor data for W plot at GWI site,,2022-01-01,2022-12-31,'NA',GWI_2022
GWI_W_2022_wx-maxws24_L2_v2-1.pdf,Plots of Jan 2022 sensor data for GWI-W,,2022-01-01,2022-12-31,,GWI_2022
GWI_W_2022_wx-par-den15_L2_v2-1.parquet,Year 2022 sensor data for W plot at GWI site,,2022-01-01,2022-12-31,'NA',GWI_2022
GWI_W_2022_wx-par-den15_L2_v2-1.pdf,Plots of Jan 2022 sensor data for GWI-W,,2022-01-01,2022-12-31,,GWI_2022
GWI_W_2022_wx-par-den24_L2_v2-1.parquet,Year 2022 sensor data for W plot at GWI site,,2022-01-01,2022-12-31,'NA',GWI_2022
GWI_W_2022_wx-par-den24_L2_v2-1.pdf,Plots of Jan 2022 sensor data for GWI-W,,2022-01-01,2022-12-31,,GWI_2022
GWI_W_2022_wx-par-tot15_L2_v2-1.parquet,Year 2022 sensor data for W plot at GWI site,,2022-01-01,2022-12-31,'NA',GWI_2022
GWI_W_2022_wx-par-tot15_L2_v2-1.pdf,Plots of Jan 2022 sensor data for GWI-W,,2022-01-01,2022-12-31,,GWI_2022
GWI_W_2022_wx-par-tot24_L2_v2-1.parquet,Year 2022 sensor data for W plot at GWI site,,2022-01-01,2022-12-31,'NA',GWI_2022
GWI_W_2022_wx-par-tot24_L2_v2-1.pdf,Plots of Jan 2022 sensor data for GWI-W,,2022-01-01,2022-12-31,,GWI_2022
GWI_W_2022_wx-rain15_L2_v2-1.parquet,Year 2022 sensor data for W plot at GWI site,,2022-01-01,2022-12-31,'NA',GWI_2022
GWI_W_2022_wx-rain15_L2_v2-1.pdf,Plots of Jan 2022 sensor data for GWI-W,,2022-01-01,2022-12-31,,GWI_2022
GWI_W_2022_wx-rain24_L2_v2-1.parquet,Year 2022 sensor data for W plot at GWI site,,2022-01-01,2022-12-31,'NA',GWI_2022
GWI_W_2022_wx-rain24_L2_v2-1.pdf,Plots of Jan 2022 sensor data for GWI-W,,2022-01-01,2022-12-31,,GWI_2022
GWI_W_2022_wx-rh15_L2_v2-1.parquet,Year 2022 sensor data for W plot at GWI site,,2022-01-01,2022-12-31,'NA',GWI_2022
GWI_W_2022_wx-rh15_L2_v2-1.pdf,Plots of Jan 2022 sensor data for GWI-W,,2022-01-01,2022-12-31,,GWI_2022
GWI_W_2022_wx-rh24_L2_v2-1.parquet,Year 2022 sensor data for W plot at GWI site,,2022-01-01,2022-12-31,'NA',GWI_2022
GWI_W_2022_wx-rh24_L2_v2-1.pdf,Plots of Jan 2022 sensor data for GWI-W,,2022-01-01,2022-12-31,,GWI_2022
GWI_W_2022_wx-rht15_L2_v2-1.parquet,Year 2022 sensor data for W plot at GWI site,,2022-01-01,2022-12-31,'NA',GWI_2022
GWI_W_2022_wx-rht15_L2_v2-1.pdf,Plots of Jan 2022 sensor data for GWI-W,,2022-01-01,2022-12-31,,GWI_2022
GWI_W_2022_wx-rht24_L2_v2-1.parquet,Year 2022 sensor data for W plot at GWI site,,2022-01-01,2022-12-31,'NA',GWI_2022
GWI_W_2022_wx-rht24_L2_v2-1.pdf,Plots of Jan 2022 sensor data for GWI-W,,2022-01-01,2022-12-31,,GWI_2022
GWI_W_2022_wx-rhtmax24_L2_v2-1.parquet,Year 2022 sensor data for W plot at GWI site,,2022-01-01,2022-12-31,'NA',GWI_2022
GWI_W_2022_wx-rhtmax24_L2_v2-1.pdf,Plots of Jan 2022 sensor data for GWI-W,,2022-01-01,2022-12-31,,GWI_2022
GWI_W_2022_wx-rhtmin24_L2_v2-1.parquet,Year 2022 sensor data for W plot at GWI site,,2022-01-01,2022-12-31,'NA',GWI_2022
GWI_W_2022_wx-rhtmin24_L2_v2-1.pdf,Plots of Jan 2022 sensor data for GWI-W,,2022-01-01,2022-12-31,,GWI_2022
GWI_W_2022_wx-slr-fd15_L2_v2-1.parquet,Year 2022 sensor data for W plot at GWI site,,2022-01-01,2022-12-31,'NA',GWI_2022
GWI_W_2022_wx-slr-fd15_L2_v2-1.pdf,Plots of Jan 2022 sensor data for GWI-W,,2022-01-01,2022-12-31,,GWI_2022
GWI_W_2022_wx-slr-fd24_L2_v2-1.parquet,Year 2022 sensor data for W plot at GWI site,,2022-01-01,2022-12-31,'NA',GWI_2022
GWI_W_2022_wx-slr-fd24_L2_v2-1.pdf,Plots of Jan 2022 sensor data for GWI-W,,2022-01-01,2022-12-31,,GWI_2022
GWI_W_2022_wx-slr-tf15_L2_v2-1.parquet,Year 2022 sensor data for W plot at GWI site,,2022-01-01,2022-12-31,'NA',GWI_2022
GWI_W_2022_wx-slr-tf15_L2_v2-1.pdf,Plots of Jan 2022 sensor data for GWI-W,,2022-01-01,2022-12-31,,GWI_2022
GWI_W_2022_wx-slr-tf24_L2_v2-1.parquet,Year 2022 sensor data for W plot at GWI site,,2022-01-01,2022-12-31,'NA',GWI_2022
GWI_W_2022_wx-slr-tf24_L2_v2-1.pdf,Plots of Jan 2022 sensor data for GWI-W,,2022-01-01,2022-12-31,,GWI_2022
GWI_W_2022_wx-strikes15_L2_v2-1.parquet,Year 2022 sensor data for W plot at GWI site,,2022-01-01,2022-12-31,'NA',GWI_2022
GWI_W_2022_wx-strikes15_L2_v2-1.pdf,Plots of Jan 2022 sensor data for GWI-W,,2022-01-01,2022-12-31,,GWI_2022
GWI_W_2022_wx-tempavg15_L2_v2-1.parquet,Year 2022 sensor data for W plot at GWI site,,2022-01-01,2022-12-31,'NA',GWI_2022
GWI_W_2022_wx-tempavg15_L2_v2-1.pdf,Plots of Jan 2022 sensor data for GWI-W,,2022-01-01,2022-12-31,,GWI_2022
GWI_W_2022_wx-tempavg24_L2_v2-1.parquet,Year 2022 sensor data for W plot at GWI site,,2022-01-01,2022-12-31,'NA',GWI_2022
GWI_W_2022_wx-tempavg24_L2_v2-1.pdf,Plots of Jan 2022 sensor data for GWI-W,,2022-01-01,2022-12-31,,GWI_2022
GWI_W_2022_wx-tempmax15_L2_v2-1.parquet,Year 2022 sensor data for W plot at GWI site,,2022-01-01,2022-12-31,'NA',GWI_2022
GWI_W_2022_wx-tempmax15_L2_v2-1.pdf,Plots of Jan 2022 sensor data for GWI-W,,2022-01-01,2022-12-31,,GWI_2022
GWI_W_2022_wx-tempmax24_L2_v2-1.parquet,Year 2022 sensor data for W plot at GWI site,,2022-01-01,2022-12-31,'NA',GWI_2022
GWI_W_2022_wx-tempmax24_L2_v2-1.pdf,Plots of Jan 2022 sensor data for GWI-W,,2022-01-01,2022-12-31,,GWI_2022
GWI_W_2022_wx-tempmin15_L2_v2-1.parquet,Year 2022 sensor data for W plot at GWI site,,2022-01-01,2022-12-31,'NA',GWI_2022
GWI_W_2022_wx-tempmin15_L2_v2-1.pdf,Plots of Jan 2022 sensor data for GWI-W,,2022-01-01,2022-12-31,,GWI_2022
GWI_W_2022_wx-tempmin24_L2_v2-1.parquet,Year 2022 sensor data for W plot at GWI site,,2022-01-01,2022-12-31,'NA',GWI_2022
GWI_W_2022_wx-tempmin24_L2_v2-1.pdf,Plots of Jan 2022 sensor data for GWI-W,,2022-01-01,2022-12-31,,GWI_2022
GWI_W_2022_wx-tilt-ns15_L2_v2-1.parquet,Year 2022 sensor data for W plot at GWI site,,2022-01-01,2022-12-31,'NA',GWI_2022
GWI_W_2022_wx-tilt-ns15_L2_v2-1.pdf,Plots of Jan 2022 sensor data for GWI-W,,2022-01-01,2022-12-31,,GWI_2022
GWI_W_2022_wx-tilt-ns24_L2_v2-1.parquet,Year 2022 sensor data for W plot at GWI site,,2022-01-01,2022-12-31,'NA',GWI_2022
GWI_W_2022_wx-tilt-ns24_L2_v2-1.pdf,Plots of Jan 2022 sensor data for GWI-W,,2022-01-01,2022-12-31,,GWI_2022
GWI_W_2022_wx-tilt-we15_L2_v2-1.parquet,Year 2022 sensor data for W plot at GWI site,,2022-01-01,2022-12-31,'NA',GWI_2022
GWI_W_2022_wx-tilt-we15_L2_v2-1.pdf,Plots of Jan 2022 sensor data for GWI-W,,2022-01-01,2022-12-31,,GWI_2022
GWI_W_2022_wx-tilt-we24_L2_v2-1.parquet,Year 2022 sensor data for W plot at GWI site,,2022-01-01,2022-12-31,'NA',GWI_2022
GWI_W_2022_wx-tilt-we24_L2_v2-1.pdf,Plots of Jan 2022 sensor data for GWI-W,,2022-01-01,2022-12-31,,GWI_2022
GWI_W_2022_wx-vappress15_L2_v2-1.parquet,Year 2022 sensor data for W plot at GWI site,,2022-01-01,2022-12-31,'NA',GWI_2022
GWI_W_2022_wx-vappress15_L2_v2-1.pdf,Plots of Jan 2022 sensor data for GWI-W,,2022-01-01,2022-12-31,,GWI_2022
GWI_W_2022_wx-vappress24_L2_v2-1.parquet,Year 2022 sensor data for W plot at GWI site,,2022-01-01,2022-12-31,'NA',GWI_2022
GWI_W_2022_wx-vappress24_L2_v2-1.pdf,Plots of Jan 2022 sensor data for GWI-W,,2022-01-01,2022-12-31,,GWI_2022
GWI_W_2022_wx-winddir-sd115_L2_v2-1.parquet,Year 2022 sensor data for W plot at GWI site,,2022-01-01,2022-12-31,'NA',GWI_2022
GWI_W_2022_wx-winddir-sd115_L2_v2-1.pdf,Plots of Jan 2022 sensor data for GWI-W,,2022-01-01,2022-12-31,,GWI_2022
GWI_W_2022_wx-winddir15_L2_v2-1.parquet,Year 2022 sensor data for W plot at GWI site,,2022-01-01,2022-12-31,'NA',GWI_2022
GWI_W_2022_wx-winddir15_L2_v2-1.pdf,Plots of Jan 2022 sensor data for GWI-W,,2022-01-01,2022-12-31,,GWI_2022
GWI_W_2022_wx-winderrors24_L2_v2-1.parquet,Year 2022 sensor data for W plot at GWI site,,2022-01-01,2022-12-31,'NA',GWI_2022
GWI_W_2022_wx-winderrors24_L2_v2-1.pdf,Plots of Jan 2022 sensor data for GWI-W,,2022-01-01,2022-12-31,,GWI_2022
GWI_W_2022_wx-windspeed15_L2_v2-1.parquet,Year 2022 sensor data for W plot at GWI site,,2022-01-01,2022-12-31,'NA',GWI_2022
GWI_W_2022_wx-windspeed15_L2_v2-1.pdf,Plots of Jan 2022 sensor data for GWI-W,,2022-01-01,2022-12-31,,GWI_2022
GWI_2023_L2_v2-1_metadata.txt,Metadata for all data files in GWI_2023 folder,,,,,GWI_2023
GWI_TR_2023_gw-act-cond_L2_v2-1.parquet,Year 2023 sensor data for TR plot at GWI site,,2023-01-01,2023-12-31,'NA',GWI_2023
GWI_TR_2023_gw-act-cond_L2_v2-1.pdf,Plots of Jan 2023 sensor data for GWI-TR,,2023-01-01,2023-12-31,,GWI_2023
GWI_TR_2023_gw-bar-pressure_L2_v2-1.parquet,Year 2023 sensor data for TR plot at GWI site,,2023-01-01,2023-12-31,'NA',GWI_2023
GWI_TR_2023_gw-bar-pressure_L2_v2-1.pdf,Plots of Jan 2023 sensor data for GWI-TR,,2023-01-01,2023-12-31,,GWI_2023
GWI_TR_2023_gw-battery_L2_v2-1.parquet,Year 2023 sensor data for TR plot at GWI site,,2023-01-01,2023-12-31,'NA',GWI_2023
GWI_TR_2023_gw-battery_L2_v2-1.pdf,Plots of Jan 2023 sensor data for GWI-TR,,2023-01-01,2023-12-31,,GWI_2023
GWI_TR_2023_gw-density_L2_v2-1.parquet,Year 2023 sensor data for TR plot at GWI site,,2023-01-01,2023-12-31,'NA',GWI_2023
GWI_TR_2023_gw-density_L2_v2-1.pdf,Plots of Jan 2023 sensor data for GWI-TR,,2023-01-01,2023-12-31,,GWI_2023
GWI_TR_2023_gw-depth_L2_v2-1.parquet,Year 2023 sensor data for TR plot at GWI site,,2023-01-01,2023-12-31,'NA',GWI_2023
GWI_TR_2023_gw-depth_L2_v2-1.pdf,Plots of Jan 2023 sensor data for GWI-TR,,2023-01-01,2023-12-31,,GWI_2023
GWI_TR_2023_gw-part-pressure_L2_v2-1.parquet,Year 2023 sensor data for TR plot at GWI site,,2023-01-01,2023-12-31,'NA',GWI_2023
GWI_TR_2023_gw-part-pressure_L2_v2-1.pdf,Plots of Jan 2023 sensor data for GWI-TR,,2023-01-01,2023-12-31,,GWI_2023
GWI_TR_2023_gw-perc-sat_L2_v2-1.parquet,Year 2023 sensor data for TR plot at GWI site,,2023-01-01,2023-12-31,'NA',GWI_2023
GWI_TR_2023_gw-perc-sat_L2_v2-1.pdf,Plots of Jan 2023 sensor data for GWI-TR,,2023-01-01,2023-12-31,,GWI_2023
GWI_TR_2023_gw-ph_L2_v2-1.parquet,Year 2023 sensor data for TR plot at GWI site,,2023-01-01,2023-12-31,'NA',GWI_2023
GWI_TR_2023_gw-ph_L2_v2-1.pdf,Plots of Jan 2023 sensor data for GWI-TR,,2023-01-01,2023-12-31,,GWI_2023
GWI_TR_2023_gw-ph-mv_L2_v2-1.parquet,Year 2023 sensor data for TR plot at GWI site,,2023-01-01,2023-12-31,'NA',GWI_2023
GWI_TR_2023_gw-ph-mv_L2_v2-1.pdf,Plots of Jan 2023 sensor data for GWI-TR,,2023-01-01,2023-12-31,,GWI_2023
GWI_TR_2023_gw-ph-orp_L2_v2-1.parquet,Year 2023 sensor data for TR plot at GWI site,,2023-01-01,2023-12-31,'NA',GWI_2023
GWI_TR_2023_gw-ph-orp_L2_v2-1.pdf,Plots of Jan 2023 sensor data for GWI-TR,,2023-01-01,2023-12-31,,GWI_2023
GWI_TR_2023_gw-pressure-vented_L2_v2-1.parquet,Year 2023 sensor data for TR plot at GWI site,,2023-01-01,2023-12-31,'NA',GWI_2023
GWI_TR_2023_gw-pressure-vented_L2_v2-1.pdf,Plots of Jan 2023 sensor data for GWI-TR,,2023-01-01,2023-12-31,,GWI_2023
GWI_TR_2023_gw-rdo-conc_L2_v2-1.parquet,Year 2023 sensor data for TR plot at GWI site,,2023-01-01,2023-12-31,'NA',GWI_2023
GWI_TR_2023_gw-rdo-conc_L2_v2-1.pdf,Plots of Jan 2023 sensor data for GWI-TR,,2023-01-01,2023-12-31,,GWI_2023
GWI_TR_2023_gw-resistivity_L2_v2-1.parquet,Year 2023 sensor data for TR plot at GWI site,,2023-01-01,2023-12-31,'NA',GWI_2023
GWI_TR_2023_gw-resistivity_L2_v2-1.pdf,Plots of Jan 2023 sensor data for GWI-TR,,2023-01-01,2023-12-31,,GWI_2023
GWI_TR_2023_gw-salinity_L2_v2-1.parquet,Year 2023 sensor data for TR plot at GWI site,,2023-01-01,2023-12-31,'NA',GWI_2023
GWI_TR_2023_gw-salinity_L2_v2-1.pdf,Plots of Jan 2023 sensor data for GWI-TR,,2023-01-01,2023-12-31,,GWI_2023
GWI_TR_2023_gw-spec-cond_L2_v2-1.parquet,Year 2023 sensor data for TR plot at GWI site,,2023-01-01,2023-12-31,'NA',GWI_2023
GWI_TR_2023_gw-spec-cond_L2_v2-1.pdf,Plots of Jan 2023 sensor data for GWI-TR,,2023-01-01,2023-12-31,,GWI_2023
GWI_TR_2023_gw-tds_L2_v2-1.parquet,Year 2023 sensor data for TR plot at GWI site,,2023-01-01,2023-12-31,'NA',GWI_2023
GWI_TR_2023_gw-tds_L2_v2-1.pdf,Plots of Jan 2023 sensor data for GWI-TR,,2023-01-01,2023-12-31,,GWI_2023
GWI_TR_2023_gw-temperature_L2_v2-1.parquet,Year 2023 sensor data for TR plot at GWI site,,2023-01-01,2023-12-31,'NA',GWI_2023
GWI_TR_2023_gw-temperature_L2_v2-1.pdf,Plots of Jan 2023 sensor data for GWI-TR,,2023-01-01,2023-12-31,,GWI_2023
GWI_TR_2023_gw-voltage-ext_L2_v2-1.parquet,Year 2023 sensor data for TR plot at GWI site,,2023-01-01,2023-12-31,'NA',GWI_2023
GWI_TR_2023_gw-voltage-ext_L2_v2-1.pdf,Plots of Jan 2023 sensor data for GWI-TR,,2023-01-01,2023-12-31,,GWI_2023
GWI_TR_2023_gw-wl-below-surface_L2_v2-1.parquet,Year 2023 sensor data for TR plot at GWI site,,2023-01-01,2023-12-31,'NA',GWI_2023
GWI_TR_2023_gw-wl-below-surface_L2_v2-1.pdf,Plots of Jan 2023 sensor data for GWI-TR,,2023-01-01,2023-12-31,,GWI_2023
GWI_TR_2023_sapflow-3.5cm_L2_v2-1.parquet,Year 2023 sensor data for TR plot at GWI site,,2023-01-01,2023-12-31,'NA',GWI_2023
GWI_TR_2023_sapflow-3.5cm_L2_v2-1.pdf,Plots of Jan 2023 sensor data for GWI-TR,,2023-01-01,2023-12-31,,GWI_2023
GWI_TR_2023_soil-EC-10cm_L2_v2-1.parquet,Year 2023 sensor data for TR plot at GWI site,,2023-01-01,2023-12-31,'NA',GWI_2023
GWI_TR_2023_soil-EC-10cm_L2_v2-1.pdf,Plots of Jan 2023 sensor data for GWI-TR,,2023-01-01,2023-12-31,,GWI_2023
GWI_TR_2023_soil-EC-30cm_L2_v2-1.parquet,Year 2023 sensor data for TR plot at GWI site,,2023-01-01,2023-12-31,'NA',GWI_2023
GWI_TR_2023_soil-EC-30cm_L2_v2-1.pdf,Plots of Jan 2023 sensor data for GWI-TR,,2023-01-01,2023-12-31,,GWI_2023
GWI_TR_2023_soil-salinity-10cm_L2_v2-1.parquet,Year 2023 sensor data for TR plot at GWI site,,2023-01-01,2023-12-31,'NA',GWI_2023
GWI_TR_2023_soil-salinity-10cm_L2_v2-1.pdf,Plots of Jan 2023 sensor data for GWI-TR,,2023-01-01,2023-12-31,,GWI_2023
GWI_TR_2023_soil-salinity-30cm_L2_v2-1.parquet,Year 2023 sensor data for TR plot at GWI site,,2023-01-01,2023-12-31,'NA',GWI_2023
GWI_TR_2023_soil-salinity-30cm_L2_v2-1.pdf,Plots of Jan 2023 sensor data for GWI-TR,,2023-01-01,2023-12-31,,GWI_2023
GWI_TR_2023_soil-temp-10cm_L2_v2-1.parquet,Year 2023 sensor data for TR plot at GWI site,,2023-01-01,2023-12-31,'NA',GWI_2023
GWI_TR_2023_soil-temp-10cm_L2_v2-1.pdf,Plots of Jan 2023 sensor data for GWI-TR,,2023-01-01,2023-12-31,,GWI_2023
GWI_TR_2023_soil-temp-30cm_L2_v2-1.parquet,Year 2023 sensor data for TR plot at GWI site,,2023-01-01,2023-12-31,'NA',GWI_2023
GWI_TR_2023_soil-temp-30cm_L2_v2-1.pdf,Plots of Jan 2023 sensor data for GWI-TR,,2023-01-01,2023-12-31,,GWI_2023
GWI_TR_2023_soil-vwc-10cm_L2_v2-1.parquet,Year 2023 sensor data for TR plot at GWI site,,2023-01-01,2023-12-31,'NA',GWI_2023
GWI_TR_2023_soil-vwc-10cm_L2_v2-1.pdf,Plots of Jan 2023 sensor data for GWI-TR,,2023-01-01,2023-12-31,,GWI_2023
GWI_TR_2023_soil-vwc-30cm_L2_v2-1.parquet,Year 2023 sensor data for TR plot at GWI site,,2023-01-01,2023-12-31,'NA',GWI_2023
GWI_TR_2023_soil-vwc-30cm_L2_v2-1.pdf,Plots of Jan 2023 sensor data for GWI-TR,,2023-01-01,2023-12-31,,GWI_2023
GWI_UP_2023_gw-act-cond_L2_v2-1.parquet,Year 2023 sensor data for UP plot at GWI site,,2023-01-01,2023-12-31,'NA',GWI_2023
GWI_UP_2023_gw-act-cond_L2_v2-1.pdf,Plots of Jan 2023 sensor data for GWI-UP,,2023-01-01,2023-12-31,,GWI_2023
GWI_UP_2023_gw-bar-pressure_L2_v2-1.parquet,Year 2023 sensor data for UP plot at GWI site,,2023-01-01,2023-12-31,'NA',GWI_2023
GWI_UP_2023_gw-bar-pressure_L2_v2-1.pdf,Plots of Jan 2023 sensor data for GWI-UP,,2023-01-01,2023-12-31,,GWI_2023
GWI_UP_2023_gw-battery_L2_v2-1.parquet,Year 2023 sensor data for UP plot at GWI site,,2023-01-01,2023-12-31,'NA',GWI_2023
GWI_UP_2023_gw-battery_L2_v2-1.pdf,Plots of Jan 2023 sensor data for GWI-UP,,2023-01-01,2023-12-31,,GWI_2023
GWI_UP_2023_gw-density_L2_v2-1.parquet,Year 2023 sensor data for UP plot at GWI site,,2023-01-01,2023-12-31,'NA',GWI_2023
GWI_UP_2023_gw-density_L2_v2-1.pdf,Plots of Jan 2023 sensor data for GWI-UP,,2023-01-01,2023-12-31,,GWI_2023
GWI_UP_2023_gw-depth_L2_v2-1.parquet,Year 2023 sensor data for UP plot at GWI site,,2023-01-01,2023-12-31,'NA',GWI_2023
GWI_UP_2023_gw-depth_L2_v2-1.pdf,Plots of Jan 2023 sensor data for GWI-UP,,2023-01-01,2023-12-31,,GWI_2023
GWI_UP_2023_gw-part-pressure_L2_v2-1.parquet,Year 2023 sensor data for UP plot at GWI site,,2023-01-01,2023-12-31,'NA',GWI_2023
GWI_UP_2023_gw-part-pressure_L2_v2-1.pdf,Plots of Jan 2023 sensor data for GWI-UP,,2023-01-01,2023-12-31,,GWI_2023
GWI_UP_2023_gw-perc-sat_L2_v2-1.parquet,Year 2023 sensor data for UP plot at GWI site,,2023-01-01,2023-12-31,'NA',GWI_2023
GWI_UP_2023_gw-perc-sat_L2_v2-1.pdf,Plots of Jan 2023 sensor data for GWI-UP,,2023-01-01,2023-12-31,,GWI_2023
GWI_UP_2023_gw-ph_L2_v2-1.parquet,Year 2023 sensor data for UP plot at GWI site,,2023-01-01,2023-12-31,'NA',GWI_2023
GWI_UP_2023_gw-ph_L2_v2-1.pdf,Plots of Jan 2023 sensor data for GWI-UP,,2023-01-01,2023-12-31,,GWI_2023
GWI_UP_2023_gw-ph-mv_L2_v2-1.parquet,Year 2023 sensor data for UP plot at GWI site,,2023-01-01,2023-12-31,'NA',GWI_2023
GWI_UP_2023_gw-ph-mv_L2_v2-1.pdf,Plots of Jan 2023 sensor data for GWI-UP,,2023-01-01,2023-12-31,,GWI_2023
GWI_UP_2023_gw-ph-orp_L2_v2-1.parquet,Year 2023 sensor data for UP plot at GWI site,,2023-01-01,2023-12-31,'NA',GWI_2023
GWI_UP_2023_gw-ph-orp_L2_v2-1.pdf,Plots of Jan 2023 sensor data for GWI-UP,,2023-01-01,2023-12-31,,GWI_2023
GWI_UP_2023_gw-pressure-vented_L2_v2-1.parquet,Year 2023 sensor data for UP plot at GWI site,,2023-01-01,2023-12-31,'NA',GWI_2023
GWI_UP_2023_gw-pressure-vented_L2_v2-1.pdf,Plots of Jan 2023 sensor data for GWI-UP,,2023-01-01,2023-12-31,,GWI_2023
GWI_UP_2023_gw-rdo-conc_L2_v2-1.parquet,Year 2023 sensor data for UP plot at GWI site,,2023-01-01,2023-12-31,'NA',GWI_2023
GWI_UP_2023_gw-rdo-conc_L2_v2-1.pdf,Plots of Jan 2023 sensor data for GWI-UP,,2023-01-01,2023-12-31,,GWI_2023
GWI_UP_2023_gw-resistivity_L2_v2-1.parquet,Year 2023 sensor data for UP plot at GWI site,,2023-01-01,2023-12-31,'NA',GWI_2023
GWI_UP_2023_gw-resistivity_L2_v2-1.pdf,Plots of Jan 2023 sensor data for GWI-UP,,2023-01-01,2023-12-31,,GWI_2023
GWI_UP_2023_gw-salinity_L2_v2-1.parquet,Year 2023 sensor data for UP plot at GWI site,,2023-01-01,2023-12-31,'NA',GWI_2023
GWI_UP_2023_gw-salinity_L2_v2-1.pdf,Plots of Jan 2023 sensor data for GWI-UP,,2023-01-01,2023-12-31,,GWI_2023
GWI_UP_2023_gw-spec-cond_L2_v2-1.parquet,Year 2023 sensor data for UP plot at GWI site,,2023-01-01,2023-12-31,'NA',GWI_2023
GWI_UP_2023_gw-spec-cond_L2_v2-1.pdf,Plots of Jan 2023 sensor data for GWI-UP,,2023-01-01,2023-12-31,,GWI_2023
GWI_UP_2023_gw-tds_L2_v2-1.parquet,Year 2023 sensor data for UP plot at GWI site,,2023-01-01,2023-12-31,'NA',GWI_2023
GWI_UP_2023_gw-tds_L2_v2-1.pdf,Plots of Jan 2023 sensor data for GWI-UP,,2023-01-01,2023-12-31,,GWI_2023
GWI_UP_2023_gw-temperature_L2_v2-1.parquet,Year 2023 sensor data for UP plot at GWI site,,2023-01-01,2023-12-31,'NA',GWI_2023
GWI_UP_2023_gw-temperature_L2_v2-1.pdf,Plots of Jan 2023 sensor data for GWI-UP,,2023-01-01,2023-12-31,,GWI_2023
GWI_UP_2023_gw-voltage-ext_L2_v2-1.parquet,Year 2023 sensor data for UP plot at GWI site,,2023-01-01,2023-12-31,'NA',GWI_2023
GWI_UP_2023_gw-voltage-ext_L2_v2-1.pdf,Plots of Jan 2023 sensor data for GWI-UP,,2023-01-01,2023-12-31,,GWI_2023
GWI_UP_2023_gw-wl-below-surface_L2_v2-1.parquet,Year 2023 sensor data for UP plot at GWI site,,2023-01-01,2023-12-31,'NA',GWI_2023
GWI_UP_2023_gw-wl-below-surface_L2_v2-1.pdf,Plots of Jan 2023 sensor data for GWI-UP,,2023-01-01,2023-12-31,,GWI_2023
GWI_UP_2023_sapflow-3.5cm_L2_v2-1.parquet,Year 2023 sensor data for UP plot at GWI site,,2023-01-01,2023-12-31,'NA',GWI_2023
GWI_UP_2023_sapflow-3.5cm_L2_v2-1.pdf,Plots of Jan 2023 sensor data for GWI-UP,,2023-01-01,2023-12-31,,GWI_2023
GWI_UP_2023_soil-EC-10cm_L2_v2-1.parquet,Year 2023 sensor data for UP plot at GWI site,,2023-01-01,2023-12-31,'NA',GWI_2023
GWI_UP_2023_soil-EC-10cm_L2_v2-1.pdf,Plots of Jan 2023 sensor data for GWI-UP,,2023-01-01,2023-12-31,,GWI_2023
GWI_UP_2023_soil-EC-30cm_L2_v2-1.parquet,Year 2023 sensor data for UP plot at GWI site,,2023-01-01,2023-12-31,'NA',GWI_2023
GWI_UP_2023_soil-EC-30cm_L2_v2-1.pdf,Plots of Jan 2023 sensor data for GWI-UP,,2023-01-01,2023-12-31,,GWI_2023
GWI_UP_2023_soil-salinity-10cm_L2_v2-1.parquet,Year 2023 sensor data for UP plot at GWI site,,2023-01-01,2023-12-31,'NA',GWI_2023
GWI_UP_2023_soil-salinity-10cm_L2_v2-1.pdf,Plots of Jan 2023 sensor data for GWI-UP,,2023-01-01,2023-12-31,,GWI_2023
GWI_UP_2023_soil-salinity-30cm_L2_v2-1.parquet,Year 2023 sensor data for UP plot at GWI site,,2023-01-01,2023-12-31,'NA',GWI_2023
GWI_UP_2023_soil-salinity-30cm_L2_v2-1.pdf,Plots of Jan 2023 sensor data for GWI-UP,,2023-01-01,2023-12-31,,GWI_2023
GWI_UP_2023_soil-temp-10cm_L2_v2-1.parquet,Year 2023 sensor data for UP plot at GWI site,,2023-01-01,2023-12-31,'NA',GWI_2023
GWI_UP_2023_soil-temp-10cm_L2_v2-1.pdf,Plots of Jan 2023 sensor data for GWI-UP,,2023-01-01,2023-12-31,,GWI_2023
GWI_UP_2023_soil-temp-30cm_L2_v2-1.parquet,Year 2023 sensor data for UP plot at GWI site,,2023-01-01,2023-12-31,'NA',GWI_2023
GWI_UP_2023_soil-temp-30cm_L2_v2-1.pdf,Plots of Jan 2023 sensor data for GWI-UP,,2023-01-01,2023-12-31,,GWI_2023
GWI_UP_2023_soil-vwc-10cm_L2_v2-1.parquet,Year 2023 sensor data for UP plot at GWI site,,2023-01-01,2023-12-31,'NA',GWI_2023
GWI_UP_2023_soil-vwc-10cm_L2_v2-1.pdf,Plots of Jan 2023 sensor data for GWI-UP,,2023-01-01,2023-12-31,,GWI_2023
GWI_UP_2023_soil-vwc-30cm_L2_v2-1.parquet,Year 2023 sensor data for UP plot at GWI site,,2023-01-01,2023-12-31,'NA',GWI_2023
GWI_UP_2023_soil-vwc-30cm_L2_v2-1.pdf,Plots of Jan 2023 sensor data for GWI-UP,,2023-01-01,2023-12-31,,GWI_2023
GWI_W_2023_battery-voltage_L2_v2-1.parquet,Year 2023 sensor data for W plot at GWI site,,2023-01-01,2023-12-31,'NA',GWI_2023
GWI_W_2023_battery-voltage_L2_v2-1.pdf,Plots of Jan 2023 sensor data for GWI-W,,2023-01-01,2023-12-31,,GWI_2023
GWI_W_2023_gw-act-cond_L2_v2-1.parquet,Year 2023 sensor data for W plot at GWI site,,2023-01-01,2023-12-31,'NA',GWI_2023
GWI_W_2023_gw-act-cond_L2_v2-1.pdf,Plots of Jan 2023 sensor data for GWI-W,,2023-01-01,2023-12-31,,GWI_2023
GWI_W_2023_gw-bar-pressure_L2_v2-1.parquet,Year 2023 sensor data for W plot at GWI site,,2023-01-01,2023-12-31,'NA',GWI_2023
GWI_W_2023_gw-bar-pressure_L2_v2-1.pdf,Plots of Jan 2023 sensor data for GWI-W,,2023-01-01,2023-12-31,,GWI_2023
GWI_W_2023_gw-battery_L2_v2-1.parquet,Year 2023 sensor data for W plot at GWI site,,2023-01-01,2023-12-31,'NA',GWI_2023
GWI_W_2023_gw-battery_L2_v2-1.pdf,Plots of Jan 2023 sensor data for GWI-W,,2023-01-01,2023-12-31,,GWI_2023
GWI_W_2023_gw-density_L2_v2-1.parquet,Year 2023 sensor data for W plot at GWI site,,2023-01-01,2023-12-31,'NA',GWI_2023
GWI_W_2023_gw-density_L2_v2-1.pdf,Plots of Jan 2023 sensor data for GWI-W,,2023-01-01,2023-12-31,,GWI_2023
GWI_W_2023_gw-depth_L2_v2-1.parquet,Year 2023 sensor data for W plot at GWI site,,2023-01-01,2023-12-31,'NA',GWI_2023
GWI_W_2023_gw-depth_L2_v2-1.pdf,Plots of Jan 2023 sensor data for GWI-W,,2023-01-01,2023-12-31,,GWI_2023
GWI_W_2023_gw-part-pressure_L2_v2-1.parquet,Year 2023 sensor data for W plot at GWI site,,2023-01-01,2023-12-31,'NA',GWI_2023
GWI_W_2023_gw-part-pressure_L2_v2-1.pdf,Plots of Jan 2023 sensor data for GWI-W,,2023-01-01,2023-12-31,,GWI_2023
GWI_W_2023_gw-perc-sat_L2_v2-1.parquet,Year 2023 sensor data for W plot at GWI site,,2023-01-01,2023-12-31,'NA',GWI_2023
GWI_W_2023_gw-perc-sat_L2_v2-1.pdf,Plots of Jan 2023 sensor data for GWI-W,,2023-01-01,2023-12-31,,GWI_2023
GWI_W_2023_gw-ph_L2_v2-1.parquet,Year 2023 sensor data for W plot at GWI site,,2023-01-01,2023-12-31,'NA',GWI_2023
GWI_W_2023_gw-ph_L2_v2-1.pdf,Plots of Jan 2023 sensor data for GWI-W,,2023-01-01,2023-12-31,,GWI_2023
GWI_W_2023_gw-ph-mv_L2_v2-1.parquet,Year 2023 sensor data for W plot at GWI site,,2023-01-01,2023-12-31,'NA',GWI_2023
GWI_W_2023_gw-ph-mv_L2_v2-1.pdf,Plots of Jan 2023 sensor data for GWI-W,,2023-01-01,2023-12-31,,GWI_2023
GWI_W_2023_gw-ph-orp_L2_v2-1.parquet,Year 2023 sensor data for W plot at GWI site,,2023-01-01,2023-12-31,'NA',GWI_2023
GWI_W_2023_gw-ph-orp_L2_v2-1.pdf,Plots of Jan 2023 sensor data for GWI-W,,2023-01-01,2023-12-31,,GWI_2023
GWI_W_2023_gw-pressure-vented_L2_v2-1.parquet,Year 2023 sensor data for W plot at GWI site,,2023-01-01,2023-12-31,'NA',GWI_2023
GWI_W_2023_gw-pressure-vented_L2_v2-1.pdf,Plots of Jan 2023 sensor data for GWI-W,,2023-01-01,2023-12-31,,GWI_2023
GWI_W_2023_gw-rdo-conc_L2_v2-1.parquet,Year 2023 sensor data for W plot at GWI site,,2023-01-01,2023-12-31,'NA',GWI_2023
GWI_W_2023_gw-rdo-conc_L2_v2-1.pdf,Plots of Jan 2023 sensor data for GWI-W,,2023-01-01,2023-12-31,,GWI_2023
GWI_W_2023_gw-resistivity_L2_v2-1.parquet,Year 2023 sensor data for W plot at GWI site,,2023-01-01,2023-12-31,'NA',GWI_2023
GWI_W_2023_gw-resistivity_L2_v2-1.pdf,Plots of Jan 2023 sensor data for GWI-W,,2023-01-01,2023-12-31,,GWI_2023
GWI_W_2023_gw-salinity_L2_v2-1.parquet,Year 2023 sensor data for W plot at GWI site,,2023-01-01,2023-12-31,'NA',GWI_2023
GWI_W_2023_gw-salinity_L2_v2-1.pdf,Plots of Jan 2023 sensor data for GWI-W,,2023-01-01,2023-12-31,,GWI_2023
GWI_W_2023_gw-spec-cond_L2_v2-1.parquet,Year 2023 sensor data for W plot at GWI site,,2023-01-01,2023-12-31,'NA',GWI_2023
GWI_W_2023_gw-spec-cond_L2_v2-1.pdf,Plots of Jan 2023 sensor data for GWI-W,,2023-01-01,2023-12-31,,GWI_2023
GWI_W_2023_gw-tds_L2_v2-1.parquet,Year 2023 sensor data for W plot at GWI site,,2023-01-01,2023-12-31,'NA',GWI_2023
GWI_W_2023_gw-tds_L2_v2-1.pdf,Plots of Jan 2023 sensor data for GWI-W,,2023-01-01,2023-12-31,,GWI_2023
GWI_W_2023_gw-temperature_L2_v2-1.parquet,Year 2023 sensor data for W plot at GWI site,,2023-01-01,2023-12-31,'NA',GWI_2023
GWI_W_2023_gw-temperature_L2_v2-1.pdf,Plots of Jan 2023 sensor data for GWI-W,,2023-01-01,2023-12-31,,GWI_2023
GWI_W_2023_gw-voltage-ext_L2_v2-1.parquet,Year 2023 sensor data for W plot at GWI site,,2023-01-01,2023-12-31,'NA',GWI_2023
GWI_W_2023_gw-voltage-ext_L2_v2-1.pdf,Plots of Jan 2023 sensor data for GWI-W,,2023-01-01,2023-12-31,,GWI_2023
GWI_W_2023_gw-wl-below-surface_L2_v2-1.parquet,Year 2023 sensor data for W plot at GWI site,,2023-01-01,2023-12-31,'NA',GWI_2023
GWI_W_2023_gw-wl-below-surface_L2_v2-1.pdf,Plots of Jan 2023 sensor data for GWI-W,,2023-01-01,2023-12-31,,GWI_2023
GWI_W_2023_soil-EC-10cm_L2_v2-1.parquet,Year 2023 sensor data for W plot at GWI site,,2023-01-01,2023-12-31,'NA',GWI_2023
GWI_W_2023_soil-EC-10cm_L2_v2-1.pdf,Plots of Jan 2023 sensor data for GWI-W,,2023-01-01,2023-12-31,,GWI_2023
GWI_W_2023_soil-EC-30cm_L2_v2-1.parquet,Year 2023 sensor data for W plot at GWI site,,2023-01-01,2023-12-31,'NA',GWI_2023
GWI_W_2023_soil-EC-30cm_L2_v2-1.pdf,Plots of Jan 2023 sensor data for GWI-W,,2023-01-01,2023-12-31,,GWI_2023
GWI_W_2023_soil-salinity-10cm_L2_v2-1.parquet,Year 2023 sensor data for W plot at GWI site,,2023-01-01,2023-12-31,'NA',GWI_2023
GWI_W_2023_soil-salinity-10cm_L2_v2-1.pdf,Plots of Jan 2023 sensor data for GWI-W,,2023-01-01,2023-12-31,,GWI_2023
GWI_W_2023_soil-salinity-30cm_L2_v2-1.parquet,Year 2023 sensor data for W plot at GWI site,,2023-01-01,2023-12-31,'NA',GWI_2023
GWI_W_2023_soil-salinity-30cm_L2_v2-1.pdf,Plots of Jan 2023 sensor data for GWI-W,,2023-01-01,2023-12-31,,GWI_2023
GWI_W_2023_soil-temp-10cm_L2_v2-1.parquet,Year 2023 sensor data for W plot at GWI site,,2023-01-01,2023-12-31,'NA',GWI_2023
GWI_W_2023_soil-temp-10cm_L2_v2-1.pdf,Plots of Jan 2023 sensor data for GWI-W,,2023-01-01,2023-12-31,,GWI_2023
GWI_W_2023_soil-temp-30cm_L2_v2-1.parquet,Year 2023 sensor data for W plot at GWI site,,2023-01-01,2023-12-31,'NA',GWI_2023
GWI_W_2023_soil-temp-30cm_L2_v2-1.pdf,Plots of Jan 2023 sensor data for GWI-W,,2023-01-01,2023-12-31,,GWI_2023
GWI_W_2023_soil-vwc-10cm_L2_v2-1.parquet,Year 2023 sensor data for W plot at GWI site,,2023-01-01,2023-12-31,'NA',GWI_2023
GWI_W_2023_soil-vwc-10cm_L2_v2-1.pdf,Plots of Jan 2023 sensor data for GWI-W,,2023-01-01,2023-12-31,,GWI_2023
GWI_W_2023_soil-vwc-30cm_L2_v2-1.parquet,Year 2023 sensor data for W plot at GWI site,,2023-01-01,2023-12-31,'NA',GWI_2023
GWI_W_2023_soil-vwc-30cm_L2_v2-1.pdf,Plots of Jan 2023 sensor data for GWI-W,,2023-01-01,2023-12-31,,GWI_2023
GWI_W_2023_wx-barpress15_L2_v2-1.parquet,Year 2023 sensor data for W plot at GWI site,,2023-01-01,2023-12-31,'NA',GWI_2023
GWI_W_2023_wx-barpress15_L2_v2-1.pdf,Plots of Jan 2023 sensor data for GWI-W,,2023-01-01,2023-12-31,,GWI_2023
GWI_W_2023_wx-bpmax15_L2_v2-1.parquet,Year 2023 sensor data for W plot at GWI site,,2023-01-01,2023-12-31,'NA',GWI_2023
GWI_W_2023_wx-bpmax15_L2_v2-1.pdf,Plots of Jan 2023 sensor data for GWI-W,,2023-01-01,2023-12-31,,GWI_2023
GWI_W_2023_wx-bpmin15_L2_v2-1.parquet,Year 2023 sensor data for W plot at GWI site,,2023-01-01,2023-12-31,'NA',GWI_2023
GWI_W_2023_wx-bpmin15_L2_v2-1.pdf,Plots of Jan 2023 sensor data for GWI-W,,2023-01-01,2023-12-31,,GWI_2023
GWI_W_2023_wx-dist-min15_L2_v2-1.parquet,Year 2023 sensor data for W plot at GWI site,,2023-01-01,2023-12-31,'NA',GWI_2023
GWI_W_2023_wx-dist-min15_L2_v2-1.pdf,Plots of Jan 2023 sensor data for GWI-W,,2023-01-01,2023-12-31,,GWI_2023
GWI_W_2023_wx-invalid-wind15_L2_v2-1.parquet,Year 2023 sensor data for W plot at GWI site,,2023-01-01,2023-12-31,'NA',GWI_2023
GWI_W_2023_wx-invalid-wind15_L2_v2-1.pdf,Plots of Jan 2023 sensor data for GWI-W,,2023-01-01,2023-12-31,,GWI_2023
GWI_W_2023_wx-maxws15_L2_v2-1.parquet,Year 2023 sensor data for W plot at GWI site,,2023-01-01,2023-12-31,'NA',GWI_2023
GWI_W_2023_wx-maxws15_L2_v2-1.pdf,Plots of Jan 2023 sensor data for GWI-W,,2023-01-01,2023-12-31,,GWI_2023
GWI_W_2023_wx-maxws24_L2_v2-1.parquet,Year 2023 sensor data for W plot at GWI site,,2023-01-01,2023-12-31,'NA',GWI_2023
GWI_W_2023_wx-maxws24_L2_v2-1.pdf,Plots of Jan 2023 sensor data for GWI-W,,2023-01-01,2023-12-31,,GWI_2023
GWI_W_2023_wx-par-den15_L2_v2-1.parquet,Year 2023 sensor data for W plot at GWI site,,2023-01-01,2023-12-31,'NA',GWI_2023
GWI_W_2023_wx-par-den15_L2_v2-1.pdf,Plots of Jan 2023 sensor data for GWI-W,,2023-01-01,2023-12-31,,GWI_2023
GWI_W_2023_wx-par-den24_L2_v2-1.parquet,Year 2023 sensor data for W plot at GWI site,,2023-01-01,2023-12-31,'NA',GWI_2023
GWI_W_2023_wx-par-den24_L2_v2-1.pdf,Plots of Jan 2023 sensor data for GWI-W,,2023-01-01,2023-12-31,,GWI_2023
GWI_W_2023_wx-par-tot15_L2_v2-1.parquet,Year 2023 sensor data for W plot at GWI site,,2023-01-01,2023-12-31,'NA',GWI_2023
GWI_W_2023_wx-par-tot15_L2_v2-1.pdf,Plots of Jan 2023 sensor data for GWI-W,,2023-01-01,2023-12-31,,GWI_2023
GWI_W_2023_wx-par-tot24_L2_v2-1.parquet,Year 2023 sensor data for W plot at GWI site,,2023-01-01,2023-12-31,'NA',GWI_2023
GWI_W_2023_wx-par-tot24_L2_v2-1.pdf,Plots of Jan 2023 sensor data for GWI-W,,2023-01-01,2023-12-31,,GWI_2023
GWI_W_2023_wx-rain15_L2_v2-1.parquet,Year 2023 sensor data for W plot at GWI site,,2023-01-01,2023-12-31,'NA',GWI_2023
GWI_W_2023_wx-rain15_L2_v2-1.pdf,Plots of Jan 2023 sensor data for GWI-W,,2023-01-01,2023-12-31,,GWI_2023
GWI_W_2023_wx-rain24_L2_v2-1.parquet,Year 2023 sensor data for W plot at GWI site,,2023-01-01,2023-12-31,'NA',GWI_2023
GWI_W_2023_wx-rain24_L2_v2-1.pdf,Plots of Jan 2023 sensor data for GWI-W,,2023-01-01,2023-12-31,,GWI_2023
GWI_W_2023_wx-rh15_L2_v2-1.parquet,Year 2023 sensor data for W plot at GWI site,,2023-01-01,2023-12-31,'NA',GWI_2023
GWI_W_2023_wx-rh15_L2_v2-1.pdf,Plots of Jan 2023 sensor data for GWI-W,,2023-01-01,2023-12-31,,GWI_2023
GWI_W_2023_wx-rh24_L2_v2-1.parquet,Year 2023 sensor data for W plot at GWI site,,2023-01-01,2023-12-31,'NA',GWI_2023
GWI_W_2023_wx-rh24_L2_v2-1.pdf,Plots of Jan 2023 sensor data for GWI-W,,2023-01-01,2023-12-31,,GWI_2023
GWI_W_2023_wx-rht15_L2_v2-1.parquet,Year 2023 sensor data for W plot at GWI site,,2023-01-01,2023-12-31,'NA',GWI_2023
GWI_W_2023_wx-rht15_L2_v2-1.pdf,Plots of Jan 2023 sensor data for GWI-W,,2023-01-01,2023-12-31,,GWI_2023
GWI_W_2023_wx-rht24_L2_v2-1.parquet,Year 2023 sensor data for W plot at GWI site,,2023-01-01,2023-12-31,'NA',GWI_2023
GWI_W_2023_wx-rht24_L2_v2-1.pdf,Plots of Jan 2023 sensor data for GWI-W,,2023-01-01,2023-12-31,,GWI_2023
GWI_W_2023_wx-rhtmax24_L2_v2-1.parquet,Year 2023 sensor data for W plot at GWI site,,2023-01-01,2023-12-31,'NA',GWI_2023
GWI_W_2023_wx-rhtmax24_L2_v2-1.pdf,Plots of Jan 2023 sensor data for GWI-W,,2023-01-01,2023-12-31,,GWI_2023
GWI_W_2023_wx-rhtmin24_L2_v2-1.parquet,Year 2023 sensor data for W plot at GWI site,,2023-01-01,2023-12-31,'NA',GWI_2023
GWI_W_2023_wx-rhtmin24_L2_v2-1.pdf,Plots of Jan 2023 sensor data for GWI-W,,2023-01-01,2023-12-31,,GWI_2023
GWI_W_2023_wx-slr-fd15_L2_v2-1.parquet,Year 2023 sensor data for W plot at GWI site,,2023-01-01,2023-12-31,'NA',GWI_2023
GWI_W_2023_wx-slr-fd15_L2_v2-1.pdf,Plots of Jan 2023 sensor data for GWI-W,,2023-01-01,2023-12-31,,GWI_2023
GWI_W_2023_wx-slr-fd24_L2_v2-1.parquet,Year 2023 sensor data for W plot at GWI site,,2023-01-01,2023-12-31,'NA',GWI_2023
GWI_W_2023_wx-slr-fd24_L2_v2-1.pdf,Plots of Jan 2023 sensor data for GWI-W,,2023-01-01,2023-12-31,,GWI_2023
GWI_W_2023_wx-slr-tf15_L2_v2-1.parquet,Year 2023 sensor data for W plot at GWI site,,2023-01-01,2023-12-31,'NA',GWI_2023
GWI_W_2023_wx-slr-tf15_L2_v2-1.pdf,Plots of Jan 2023 sensor data for GWI-W,,2023-01-01,2023-12-31,,GWI_2023
GWI_W_2023_wx-slr-tf24_L2_v2-1.parquet,Year 2023 sensor data for W plot at GWI site,,2023-01-01,2023-12-31,'NA',GWI_2023
GWI_W_2023_wx-slr-tf24_L2_v2-1.pdf,Plots of Jan 2023 sensor data for GWI-W,,2023-01-01,2023-12-31,,GWI_2023
GWI_W_2023_wx-strikes15_L2_v2-1.parquet,Year 2023 sensor data for W plot at GWI site,,2023-01-01,2023-12-31,'NA',GWI_2023
GWI_W_2023_wx-strikes15_L2_v2-1.pdf,Plots of Jan 2023 sensor data for GWI-W,,2023-01-01,2023-12-31,,GWI_2023
GWI_W_2023_wx-tempavg15_L2_v2-1.parquet,Year 2023 sensor data for W plot at GWI site,,2023-01-01,2023-12-31,'NA',GWI_2023
GWI_W_2023_wx-tempavg15_L2_v2-1.pdf,Plots of Jan 2023 sensor data for GWI-W,,2023-01-01,2023-12-31,,GWI_2023
GWI_W_2023_wx-tempavg24_L2_v2-1.parquet,Year 2023 sensor data for W plot at GWI site,,2023-01-01,2023-12-31,'NA',GWI_2023
GWI_W_2023_wx-tempavg24_L2_v2-1.pdf,Plots of Jan 2023 sensor data for GWI-W,,2023-01-01,2023-12-31,,GWI_2023
GWI_W_2023_wx-tempmax15_L2_v2-1.parquet,Year 2023 sensor data for W plot at GWI site,,2023-01-01,2023-12-31,'NA',GWI_2023
GWI_W_2023_wx-tempmax15_L2_v2-1.pdf,Plots of Jan 2023 sensor data for GWI-W,,2023-01-01,2023-12-31,,GWI_2023
GWI_W_2023_wx-tempmax24_L2_v2-1.parquet,Year 2023 sensor data for W plot at GWI site,,2023-01-01,2023-12-31,'NA',GWI_2023
GWI_W_2023_wx-tempmax24_L2_v2-1.pdf,Plots of Jan 2023 sensor data for GWI-W,,2023-01-01,2023-12-31,,GWI_2023
GWI_W_2023_wx-tempmin15_L2_v2-1.parquet,Year 2023 sensor data for W plot at GWI site,,2023-01-01,2023-12-31,'NA',GWI_2023
GWI_W_2023_wx-tempmin15_L2_v2-1.pdf,Plots of Jan 2023 sensor data for GWI-W,,2023-01-01,2023-12-31,,GWI_2023
GWI_W_2023_wx-tempmin24_L2_v2-1.parquet,Year 2023 sensor data for W plot at GWI site,,2023-01-01,2023-12-31,'NA',GWI_2023
GWI_W_2023_wx-tempmin24_L2_v2-1.pdf,Plots of Jan 2023 sensor data for GWI-W,,2023-01-01,2023-12-31,,GWI_2023
GWI_W_2023_wx-tilt-ns15_L2_v2-1.parquet,Year 2023 sensor data for W plot at GWI site,,2023-01-01,2023-12-31,'NA',GWI_2023
GWI_W_2023_wx-tilt-ns15_L2_v2-1.pdf,Plots of Jan 2023 sensor data for GWI-W,,2023-01-01,2023-12-31,,GWI_2023
GWI_W_2023_wx-tilt-ns24_L2_v2-1.parquet,Year 2023 sensor data for W plot at GWI site,,2023-01-01,2023-12-31,'NA',GWI_2023
GWI_W_2023_wx-tilt-ns24_L2_v2-1.pdf,Plots of Jan 2023 sensor data for GWI-W,,2023-01-01,2023-12-31,,GWI_2023
GWI_W_2023_wx-tilt-we15_L2_v2-1.parquet,Year 2023 sensor data for W plot at GWI site,,2023-01-01,2023-12-31,'NA',GWI_2023
GWI_W_2023_wx-tilt-we15_L2_v2-1.pdf,Plots of Jan 2023 sensor data for GWI-W,,2023-01-01,2023-12-31,,GWI_2023
GWI_W_2023_wx-tilt-we24_L2_v2-1.parquet,Year 2023 sensor data for W plot at GWI site,,2023-01-01,2023-12-31,'NA',GWI_2023
GWI_W_2023_wx-tilt-we24_L2_v2-1.pdf,Plots of Jan 2023 sensor data for GWI-W,,2023-01-01,2023-12-31,,GWI_2023
GWI_W_2023_wx-vappress15_L2_v2-1.parquet,Year 2023 sensor data for W plot at GWI site,,2023-01-01,2023-12-31,'NA',GWI_2023
GWI_W_2023_wx-vappress15_L2_v2-1.pdf,Plots of Jan 2023 sensor data for GWI-W,,2023-01-01,2023-12-31,,GWI_2023
GWI_W_2023_wx-vappress24_L2_v2-1.parquet,Year 2023 sensor data for W plot at GWI site,,2023-01-01,2023-12-31,'NA',GWI_2023
GWI_W_2023_wx-vappress24_L2_v2-1.pdf,Plots of Jan 2023 sensor data for GWI-W,,2023-01-01,2023-12-31,,GWI_2023
GWI_W_2023_wx-winddir-sd115_L2_v2-1.parquet,Year 2023 sensor data for W plot at GWI site,,2023-01-01,2023-12-31,'NA',GWI_2023
GWI_W_2023_wx-winddir-sd115_L2_v2-1.pdf,Plots of Jan 2023 sensor data for GWI-W,,2023-01-01,2023-12-31,,GWI_2023
GWI_W_2023_wx-winddir15_L2_v2-1.parquet,Year 2023 sensor data for W plot at GWI site,,2023-01-01,2023-12-31,'NA',GWI_2023
GWI_W_2023_wx-winddir15_L2_v2-1.pdf,Plots of Jan 2023 sensor data for GWI-W,,2023-01-01,2023-12-31,,GWI_2023
GWI_W_2023_wx-winderrors24_L2_v2-1.parquet,Year 2023 sensor data for W plot at GWI site,,2023-01-01,2023-12-31,'NA',GWI_2023
GWI_W_2023_wx-winderrors24_L2_v2-1.pdf,Plots of Jan 2023 sensor data for GWI-W,,2023-01-01,2023-12-31,,GWI_2023
GWI_W_2023_wx-windspeed15_L2_v2-1.parquet,Year 2023 sensor data for W plot at GWI site,,2023-01-01,2023-12-31,'NA',GWI_2023
GWI_W_2023_wx-windspeed15_L2_v2-1.pdf,Plots of Jan 2023 sensor data for GWI-W,,2023-01-01,2023-12-31,,GWI_2023
GWI_2024_L2_v2-1_metadata.txt,Metadata for all data files in GWI_2024 folder,,,,,GWI_2024
GWI_TR_2024_battery-voltage_L2_v2-1.parquet,Year 2024 sensor data for TR plot at GWI site,,2024-01-01,2024-12-31,'NA',GWI_2024
GWI_TR_2024_battery-voltage_L2_v2-1.pdf,Plots of Jan 2024 sensor data for GWI-TR,,2024-01-01,2024-12-31,,GWI_2024
GWI_TR_2024_gw-act-cond_L2_v2-1.parquet,Year 2024 sensor data for TR plot at GWI site,,2024-01-01,2024-12-31,'NA',GWI_2024
GWI_TR_2024_gw-act-cond_L2_v2-1.pdf,Plots of Jan 2024 sensor data for GWI-TR,,2024-01-01,2024-12-31,,GWI_2024
GWI_TR_2024_gw-bar-pressure_L2_v2-1.parquet,Year 2024 sensor data for TR plot at GWI site,,2024-01-01,2024-12-31,'NA',GWI_2024
GWI_TR_2024_gw-bar-pressure_L2_v2-1.pdf,Plots of Jan 2024 sensor data for GWI-TR,,2024-01-01,2024-12-31,,GWI_2024
GWI_TR_2024_gw-battery_L2_v2-1.parquet,Year 2024 sensor data for TR plot at GWI site,,2024-01-01,2024-12-31,'NA',GWI_2024
GWI_TR_2024_gw-battery_L2_v2-1.pdf,Plots of Jan 2024 sensor data for GWI-TR,,2024-01-01,2024-12-31,,GWI_2024
GWI_TR_2024_gw-density_L2_v2-1.parquet,Year 2024 sensor data for TR plot at GWI site,,2024-01-01,2024-12-31,'NA',GWI_2024
GWI_TR_2024_gw-density_L2_v2-1.pdf,Plots of Jan 2024 sensor data for GWI-TR,,2024-01-01,2024-12-31,,GWI_2024
GWI_TR_2024_gw-depth_L2_v2-1.parquet,Year 2024 sensor data for TR plot at GWI site,,2024-01-01,2024-12-31,'NA',GWI_2024
GWI_TR_2024_gw-depth_L2_v2-1.pdf,Plots of Jan 2024 sensor data for GWI-TR,,2024-01-01,2024-12-31,,GWI_2024
GWI_TR_2024_gw-part-pressure_L2_v2-1.parquet,Year 2024 sensor data for TR plot at GWI site,,2024-01-01,2024-12-31,'NA',GWI_2024
GWI_TR_2024_gw-part-pressure_L2_v2-1.pdf,Plots of Jan 2024 sensor data for GWI-TR,,2024-01-01,2024-12-31,,GWI_2024
GWI_TR_2024_gw-perc-sat_L2_v2-1.parquet,Year 2024 sensor data for TR plot at GWI site,,2024-01-01,2024-12-31,'NA',GWI_2024
GWI_TR_2024_gw-perc-sat_L2_v2-1.pdf,Plots of Jan 2024 sensor data for GWI-TR,,2024-01-01,2024-12-31,,GWI_2024
GWI_TR_2024_gw-ph_L2_v2-1.parquet,Year 2024 sensor data for TR plot at GWI site,,2024-01-01,2024-12-31,'NA',GWI_2024
GWI_TR_2024_gw-ph_L2_v2-1.pdf,Plots of Jan 2024 sensor data for GWI-TR,,2024-01-01,2024-12-31,,GWI_2024
GWI_TR_2024_gw-ph-mv_L2_v2-1.parquet,Year 2024 sensor data for TR plot at GWI site,,2024-01-01,2024-12-31,'NA',GWI_2024
GWI_TR_2024_gw-ph-mv_L2_v2-1.pdf,Plots of Jan 2024 sensor data for GWI-TR,,2024-01-01,2024-12-31,,GWI_2024
GWI_TR_2024_gw-ph-orp_L2_v2-1.parquet,Year 2024 sensor data for TR plot at GWI site,,2024-01-01,2024-12-31,'NA',GWI_2024
GWI_TR_2024_gw-ph-orp_L2_v2-1.pdf,Plots of Jan 2024 sensor data for GWI-TR,,2024-01-01,2024-12-31,,GWI_2024
GWI_TR_2024_gw-pressure-vented_L2_v2-1.parquet,Year 2024 sensor data for TR plot at GWI site,,2024-01-01,2024-12-31,'NA',GWI_2024
GWI_TR_2024_gw-pressure-vented_L2_v2-1.pdf,Plots of Jan 2024 sensor data for GWI-TR,,2024-01-01,2024-12-31,,GWI_2024
GWI_TR_2024_gw-rdo-conc_L2_v2-1.parquet,Year 2024 sensor data for TR plot at GWI site,,2024-01-01,2024-12-31,'NA',GWI_2024
GWI_TR_2024_gw-rdo-conc_L2_v2-1.pdf,Plots of Jan 2024 sensor data for GWI-TR,,2024-01-01,2024-12-31,,GWI_2024
GWI_TR_2024_gw-resistivity_L2_v2-1.parquet,Year 2024 sensor data for TR plot at GWI site,,2024-01-01,2024-12-31,'NA',GWI_2024
GWI_TR_2024_gw-resistivity_L2_v2-1.pdf,Plots of Jan 2024 sensor data for GWI-TR,,2024-01-01,2024-12-31,,GWI_2024
GWI_TR_2024_gw-salinity_L2_v2-1.parquet,Year 2024 sensor data for TR plot at GWI site,,2024-01-01,2024-12-31,'NA',GWI_2024
GWI_TR_2024_gw-salinity_L2_v2-1.pdf,Plots of Jan 2024 sensor data for GWI-TR,,2024-01-01,2024-12-31,,GWI_2024
GWI_TR_2024_gw-spec-cond_L2_v2-1.parquet,Year 2024 sensor data for TR plot at GWI site,,2024-01-01,2024-12-31,'NA',GWI_2024
GWI_TR_2024_gw-spec-cond_L2_v2-1.pdf,Plots of Jan 2024 sensor data for GWI-TR,,2024-01-01,2024-12-31,,GWI_2024
GWI_TR_2024_gw-tds_L2_v2-1.parquet,Year 2024 sensor data for TR plot at GWI site,,2024-01-01,2024-12-31,'NA',GWI_2024
GWI_TR_2024_gw-tds_L2_v2-1.pdf,Plots of Jan 2024 sensor data for GWI-TR,,2024-01-01,2024-12-31,,GWI_2024
GWI_TR_2024_gw-temperature_L2_v2-1.parquet,Year 2024 sensor data for TR plot at GWI site,,2024-01-01,2024-12-31,'NA',GWI_2024
GWI_TR_2024_gw-temperature_L2_v2-1.pdf,Plots of Jan 2024 sensor data for GWI-TR,,2024-01-01,2024-12-31,,GWI_2024
GWI_TR_2024_gw-voltage-ext_L2_v2-1.parquet,Year 2024 sensor data for TR plot at GWI site,,2024-01-01,2024-12-31,'NA',GWI_2024
GWI_TR_2024_gw-voltage-ext_L2_v2-1.pdf,Plots of Jan 2024 sensor data for GWI-TR,,2024-01-01,2024-12-31,,GWI_2024
GWI_TR_2024_gw-wl-below-surface_L2_v2-1.parquet,Year 2024 sensor data for TR plot at GWI site,,2024-01-01,2024-12-31,'NA',GWI_2024
GWI_TR_2024_gw-wl-below-surface_L2_v2-1.pdf,Plots of Jan 2024 sensor data for GWI-TR,,2024-01-01,2024-12-31,,GWI_2024
GWI_TR_2024_sapflow-3.5cm_L2_v2-1.parquet,Year 2024 sensor data for TR plot at GWI site,,2024-01-01,2024-12-31,'NA',GWI_2024
GWI_TR_2024_sapflow-3.5cm_L2_v2-1.pdf,Plots of Jan 2024 sensor data for GWI-TR,,2024-01-01,2024-12-31,,GWI_2024
GWI_TR_2024_soil-EC-10cm_L2_v2-1.parquet,Year 2024 sensor data for TR plot at GWI site,,2024-01-01,2024-12-31,'NA',GWI_2024
GWI_TR_2024_soil-EC-10cm_L2_v2-1.pdf,Plots of Jan 2024 sensor data for GWI-TR,,2024-01-01,2024-12-31,,GWI_2024
GWI_TR_2024_soil-EC-30cm_L2_v2-1.parquet,Year 2024 sensor data for TR plot at GWI site,,2024-01-01,2024-12-31,'NA',GWI_2024
GWI_TR_2024_soil-EC-30cm_L2_v2-1.pdf,Plots of Jan 2024 sensor data for GWI-TR,,2024-01-01,2024-12-31,,GWI_2024
GWI_TR_2024_soil-salinity-10cm_L2_v2-1.parquet,Year 2024 sensor data for TR plot at GWI site,,2024-01-01,2024-12-31,'NA',GWI_2024
GWI_TR_2024_soil-salinity-10cm_L2_v2-1.pdf,Plots of Jan 2024 sensor data for GWI-TR,,2024-01-01,2024-12-31,,GWI_2024
GWI_TR_2024_soil-salinity-30cm_L2_v2-1.parquet,Year 2024 sensor data for TR plot at GWI site,,2024-01-01,2024-12-31,'NA',GWI_2024
GWI_TR_2024_soil-salinity-30cm_L2_v2-1.pdf,Plots of Jan 2024 sensor data for GWI-TR,,2024-01-01,2024-12-31,,GWI_2024
GWI_TR_2024_soil-temp-10cm_L2_v2-1.parquet,Year 2024 sensor data for TR plot at GWI site,,2024-01-01,2024-12-31,'NA',GWI_2024
GWI_TR_2024_soil-temp-10cm_L2_v2-1.pdf,Plots of Jan 2024 sensor data for GWI-TR,,2024-01-01,2024-12-31,,GWI_2024
GWI_TR_2024_soil-temp-30cm_L2_v2-1.parquet,Year 2024 sensor data for TR plot at GWI site,,2024-01-01,2024-12-31,'NA',GWI_2024
GWI_TR_2024_soil-temp-30cm_L2_v2-1.pdf,Plots of Jan 2024 sensor data for GWI-TR,,2024-01-01,2024-12-31,,GWI_2024
GWI_TR_2024_soil-vwc-10cm_L2_v2-1.parquet,Year 2024 sensor data for TR plot at GWI site,,2024-01-01,2024-12-31,'NA',GWI_2024
GWI_TR_2024_soil-vwc-10cm_L2_v2-1.pdf,Plots of Jan 2024 sensor data for GWI-TR,,2024-01-01,2024-12-31,,GWI_2024
GWI_TR_2024_soil-vwc-30cm_L2_v2-1.parquet,Year 2024 sensor data for TR plot at GWI site,,2024-01-01,2024-12-31,'NA',GWI_2024
GWI_TR_2024_soil-vwc-30cm_L2_v2-1.pdf,Plots of Jan 2024 sensor data for GWI-TR,,2024-01-01,2024-12-31,,GWI_2024
GWI_TR_2024_solar-voltage_L2_v2-1.parquet,Year 2024 sensor data for TR plot at GWI site,,2024-01-01,2024-12-31,'NA',GWI_2024
GWI_TR_2024_solar-voltage_L2_v2-1.pdf,Plots of Jan 2024 sensor data for GWI-TR,,2024-01-01,2024-12-31,,GWI_2024
GWI_UP_2024_battery-voltage_L2_v2-1.parquet,Year 2024 sensor data for UP plot at GWI site,,2024-01-01,2024-12-31,'NA',GWI_2024
GWI_UP_2024_battery-voltage_L2_v2-1.pdf,Plots of Jan 2024 sensor data for GWI-UP,,2024-01-01,2024-12-31,,GWI_2024
GWI_UP_2024_gw-act-cond_L2_v2-1.parquet,Year 2024 sensor data for UP plot at GWI site,,2024-01-01,2024-12-31,'NA',GWI_2024
GWI_UP_2024_gw-act-cond_L2_v2-1.pdf,Plots of Jan 2024 sensor data for GWI-UP,,2024-01-01,2024-12-31,,GWI_2024
GWI_UP_2024_gw-bar-pressure_L2_v2-1.parquet,Year 2024 sensor data for UP plot at GWI site,,2024-01-01,2024-12-31,'NA',GWI_2024
GWI_UP_2024_gw-bar-pressure_L2_v2-1.pdf,Plots of Jan 2024 sensor data for GWI-UP,,2024-01-01,2024-12-31,,GWI_2024
GWI_UP_2024_gw-battery_L2_v2-1.parquet,Year 2024 sensor data for UP plot at GWI site,,2024-01-01,2024-12-31,'NA',GWI_2024
GWI_UP_2024_gw-battery_L2_v2-1.pdf,Plots of Jan 2024 sensor data for GWI-UP,,2024-01-01,2024-12-31,,GWI_2024
GWI_UP_2024_gw-density_L2_v2-1.parquet,Year 2024 sensor data for UP plot at GWI site,,2024-01-01,2024-12-31,'NA',GWI_2024
GWI_UP_2024_gw-density_L2_v2-1.pdf,Plots of Jan 2024 sensor data for GWI-UP,,2024-01-01,2024-12-31,,GWI_2024
GWI_UP_2024_gw-depth_L2_v2-1.parquet,Year 2024 sensor data for UP plot at GWI site,,2024-01-01,2024-12-31,'NA',GWI_2024
GWI_UP_2024_gw-depth_L2_v2-1.pdf,Plots of Jan 2024 sensor data for GWI-UP,,2024-01-01,2024-12-31,,GWI_2024
GWI_UP_2024_gw-part-pressure_L2_v2-1.parquet,Year 2024 sensor data for UP plot at GWI site,,2024-01-01,2024-12-31,'NA',GWI_2024
GWI_UP_2024_gw-part-pressure_L2_v2-1.pdf,Plots of Jan 2024 sensor data for GWI-UP,,2024-01-01,2024-12-31,,GWI_2024
GWI_UP_2024_gw-perc-sat_L2_v2-1.parquet,Year 2024 sensor data for UP plot at GWI site,,2024-01-01,2024-12-31,'NA',GWI_2024
GWI_UP_2024_gw-perc-sat_L2_v2-1.pdf,Plots of Jan 2024 sensor data for GWI-UP,,2024-01-01,2024-12-31,,GWI_2024
GWI_UP_2024_gw-ph_L2_v2-1.parquet,Year 2024 sensor data for UP plot at GWI site,,2024-01-01,2024-12-31,'NA',GWI_2024
GWI_UP_2024_gw-ph_L2_v2-1.pdf,Plots of Jan 2024 sensor data for GWI-UP,,2024-01-01,2024-12-31,,GWI_2024
GWI_UP_2024_gw-ph-mv_L2_v2-1.parquet,Year 2024 sensor data for UP plot at GWI site,,2024-01-01,2024-12-31,'NA',GWI_2024
GWI_UP_2024_gw-ph-mv_L2_v2-1.pdf,Plots of Jan 2024 sensor data for GWI-UP,,2024-01-01,2024-12-31,,GWI_2024
GWI_UP_2024_gw-ph-orp_L2_v2-1.parquet,Year 2024 sensor data for UP plot at GWI site,,2024-01-01,2024-12-31,'NA',GWI_2024
GWI_UP_2024_gw-ph-orp_L2_v2-1.pdf,Plots of Jan 2024 sensor data for GWI-UP,,2024-01-01,2024-12-31,,GWI_2024
GWI_UP_2024_gw-pressure-vented_L2_v2-1.parquet,Year 2024 sensor data for UP plot at GWI site,,2024-01-01,2024-12-31,'NA',GWI_2024
GWI_UP_2024_gw-pressure-vented_L2_v2-1.pdf,Plots of Jan 2024 sensor data for GWI-UP,,2024-01-01,2024-12-31,,GWI_2024
GWI_UP_2024_gw-rdo-conc_L2_v2-1.parquet,Year 2024 sensor data for UP plot at GWI site,,2024-01-01,2024-12-31,'NA',GWI_2024
GWI_UP_2024_gw-rdo-conc_L2_v2-1.pdf,Plots of Jan 2024 sensor data for GWI-UP,,2024-01-01,2024-12-31,,GWI_2024
GWI_UP_2024_gw-resistivity_L2_v2-1.parquet,Year 2024 sensor data for UP plot at GWI site,,2024-01-01,2024-12-31,'NA',GWI_2024
GWI_UP_2024_gw-resistivity_L2_v2-1.pdf,Plots of Jan 2024 sensor data for GWI-UP,,2024-01-01,2024-12-31,,GWI_2024
GWI_UP_2024_gw-salinity_L2_v2-1.parquet,Year 2024 sensor data for UP plot at GWI site,,2024-01-01,2024-12-31,'NA',GWI_2024
GWI_UP_2024_gw-salinity_L2_v2-1.pdf,Plots of Jan 2024 sensor data for GWI-UP,,2024-01-01,2024-12-31,,GWI_2024
GWI_UP_2024_gw-spec-cond_L2_v2-1.parquet,Year 2024 sensor data for UP plot at GWI site,,2024-01-01,2024-12-31,'NA',GWI_2024
GWI_UP_2024_gw-spec-cond_L2_v2-1.pdf,Plots of Jan 2024 sensor data for GWI-UP,,2024-01-01,2024-12-31,,GWI_2024
GWI_UP_2024_gw-tds_L2_v2-1.parquet,Year 2024 sensor data for UP plot at GWI site,,2024-01-01,2024-12-31,'NA',GWI_2024
GWI_UP_2024_gw-tds_L2_v2-1.pdf,Plots of Jan 2024 sensor data for GWI-UP,,2024-01-01,2024-12-31,,GWI_2024
GWI_UP_2024_gw-temperature_L2_v2-1.parquet,Year 2024 sensor data for UP plot at GWI site,,2024-01-01,2024-12-31,'NA',GWI_2024
GWI_UP_2024_gw-temperature_L2_v2-1.pdf,Plots of Jan 2024 sensor data for GWI-UP,,2024-01-01,2024-12-31,,GWI_2024
GWI_UP_2024_gw-voltage-ext_L2_v2-1.parquet,Year 2024 sensor data for UP plot at GWI site,,2024-01-01,2024-12-31,'NA',GWI_2024
GWI_UP_2024_gw-voltage-ext_L2_v2-1.pdf,Plots of Jan 2024 sensor data for GWI-UP,,2024-01-01,2024-12-31,,GWI_2024
GWI_UP_2024_gw-wl-below-surface_L2_v2-1.parquet,Year 2024 sensor data for UP plot at GWI site,,2024-01-01,2024-12-31,'NA',GWI_2024
GWI_UP_2024_gw-wl-below-surface_L2_v2-1.pdf,Plots of Jan 2024 sensor data for GWI-UP,,2024-01-01,2024-12-31,,GWI_2024
GWI_UP_2024_sapflow-3.5cm_L2_v2-1.parquet,Year 2024 sensor data for UP plot at GWI site,,2024-01-01,2024-12-31,'NA',GWI_2024
GWI_UP_2024_sapflow-3.5cm_L2_v2-1.pdf,Plots of Jan 2024 sensor data for GWI-UP,,2024-01-01,2024-12-31,,GWI_2024
GWI_UP_2024_soil-EC-10cm_L2_v2-1.parquet,Year 2024 sensor data for UP plot at GWI site,,2024-01-01,2024-12-31,'NA',GWI_2024
GWI_UP_2024_soil-EC-10cm_L2_v2-1.pdf,Plots of Jan 2024 sensor data for GWI-UP,,2024-01-01,2024-12-31,,GWI_2024
GWI_UP_2024_soil-EC-30cm_L2_v2-1.parquet,Year 2024 sensor data for UP plot at GWI site,,2024-01-01,2024-12-31,'NA',GWI_2024
GWI_UP_2024_soil-EC-30cm_L2_v2-1.pdf,Plots of Jan 2024 sensor data for GWI-UP,,2024-01-01,2024-12-31,,GWI_2024
GWI_UP_2024_soil-salinity-10cm_L2_v2-1.parquet,Year 2024 sensor data for UP plot at GWI site,,2024-01-01,2024-12-31,'NA',GWI_2024
GWI_UP_2024_soil-salinity-10cm_L2_v2-1.pdf,Plots of Jan 2024 sensor data for GWI-UP,,2024-01-01,2024-12-31,,GWI_2024
GWI_UP_2024_soil-salinity-30cm_L2_v2-1.parquet,Year 2024 sensor data for UP plot at GWI site,,2024-01-01,2024-12-31,'NA',GWI_2024
GWI_UP_2024_soil-salinity-30cm_L2_v2-1.pdf,Plots of Jan 2024 sensor data for GWI-UP,,2024-01-01,2024-12-31,,GWI_2024
GWI_UP_2024_soil-temp-10cm_L2_v2-1.parquet,Year 2024 sensor data for UP plot at GWI site,,2024-01-01,2024-12-31,'NA',GWI_2024
GWI_UP_2024_soil-temp-10cm_L2_v2-1.pdf,Plots of Jan 2024 sensor data for GWI-UP,,2024-01-01,2024-12-31,,GWI_2024
GWI_UP_2024_soil-temp-30cm_L2_v2-1.parquet,Year 2024 sensor data for UP plot at GWI site,,2024-01-01,2024-12-31,'NA',GWI_2024
GWI_UP_2024_soil-temp-30cm_L2_v2-1.pdf,Plots of Jan 2024 sensor data for GWI-UP,,2024-01-01,2024-12-31,,GWI_2024
GWI_UP_2024_soil-vwc-10cm_L2_v2-1.parquet,Year 2024 sensor data for UP plot at GWI site,,2024-01-01,2024-12-31,'NA',GWI_2024
GWI_UP_2024_soil-vwc-10cm_L2_v2-1.pdf,Plots of Jan 2024 sensor data for GWI-UP,,2024-01-01,2024-12-31,,GWI_2024
GWI_UP_2024_soil-vwc-30cm_L2_v2-1.parquet,Year 2024 sensor data for UP plot at GWI site,,2024-01-01,2024-12-31,'NA',GWI_2024
GWI_UP_2024_soil-vwc-30cm_L2_v2-1.pdf,Plots of Jan 2024 sensor data for GWI-UP,,2024-01-01,2024-12-31,,GWI_2024
GWI_UP_2024_solar-voltage_L2_v2-1.parquet,Year 2024 sensor data for UP plot at GWI site,,2024-01-01,2024-12-31,'NA',GWI_2024
GWI_UP_2024_solar-voltage_L2_v2-1.pdf,Plots of Jan 2024 sensor data for GWI-UP,,2024-01-01,2024-12-31,,GWI_2024
GWI_W_2024_battery-voltage_L2_v2-1.parquet,Year 2024 sensor data for W plot at GWI site,,2024-01-01,2024-12-31,'NA',GWI_2024
GWI_W_2024_battery-voltage_L2_v2-1.pdf,Plots of Jan 2024 sensor data for GWI-W,,2024-01-01,2024-12-31,,GWI_2024
GWI_W_2024_gw-act-cond_L2_v2-1.parquet,Year 2024 sensor data for W plot at GWI site,,2024-01-01,2024-12-31,'NA',GWI_2024
GWI_W_2024_gw-act-cond_L2_v2-1.pdf,Plots of Jan 2024 sensor data for GWI-W,,2024-01-01,2024-12-31,,GWI_2024
GWI_W_2024_gw-bar-pressure_L2_v2-1.parquet,Year 2024 sensor data for W plot at GWI site,,2024-01-01,2024-12-31,'NA',GWI_2024
GWI_W_2024_gw-bar-pressure_L2_v2-1.pdf,Plots of Jan 2024 sensor data for GWI-W,,2024-01-01,2024-12-31,,GWI_2024
GWI_W_2024_gw-battery_L2_v2-1.parquet,Year 2024 sensor data for W plot at GWI site,,2024-01-01,2024-12-31,'NA',GWI_2024
GWI_W_2024_gw-battery_L2_v2-1.pdf,Plots of Jan 2024 sensor data for GWI-W,,2024-01-01,2024-12-31,,GWI_2024
GWI_W_2024_gw-density_L2_v2-1.parquet,Year 2024 sensor data for W plot at GWI site,,2024-01-01,2024-12-31,'NA',GWI_2024
GWI_W_2024_gw-density_L2_v2-1.pdf,Plots of Jan 2024 sensor data for GWI-W,,2024-01-01,2024-12-31,,GWI_2024
GWI_W_2024_gw-depth_L2_v2-1.parquet,Year 2024 sensor data for W plot at GWI site,,2024-01-01,2024-12-31,'NA',GWI_2024
GWI_W_2024_gw-depth_L2_v2-1.pdf,Plots of Jan 2024 sensor data for GWI-W,,2024-01-01,2024-12-31,,GWI_2024
GWI_W_2024_gw-part-pressure_L2_v2-1.parquet,Year 2024 sensor data for W plot at GWI site,,2024-01-01,2024-12-31,'NA',GWI_2024
GWI_W_2024_gw-part-pressure_L2_v2-1.pdf,Plots of Jan 2024 sensor data for GWI-W,,2024-01-01,2024-12-31,,GWI_2024
GWI_W_2024_gw-perc-sat_L2_v2-1.parquet,Year 2024 sensor data for W plot at GWI site,,2024-01-01,2024-12-31,'NA',GWI_2024
GWI_W_2024_gw-perc-sat_L2_v2-1.pdf,Plots of Jan 2024 sensor data for GWI-W,,2024-01-01,2024-12-31,,GWI_2024
GWI_W_2024_gw-ph_L2_v2-1.parquet,Year 2024 sensor data for W plot at GWI site,,2024-01-01,2024-12-31,'NA',GWI_2024
GWI_W_2024_gw-ph_L2_v2-1.pdf,Plots of Jan 2024 sensor data for GWI-W,,2024-01-01,2024-12-31,,GWI_2024
GWI_W_2024_gw-ph-mv_L2_v2-1.parquet,Year 2024 sensor data for W plot at GWI site,,2024-01-01,2024-12-31,'NA',GWI_2024
GWI_W_2024_gw-ph-mv_L2_v2-1.pdf,Plots of Jan 2024 sensor data for GWI-W,,2024-01-01,2024-12-31,,GWI_2024
GWI_W_2024_gw-ph-orp_L2_v2-1.parquet,Year 2024 sensor data for W plot at GWI site,,2024-01-01,2024-12-31,'NA',GWI_2024
GWI_W_2024_gw-ph-orp_L2_v2-1.pdf,Plots of Jan 2024 sensor data for GWI-W,,2024-01-01,2024-12-31,,GWI_2024
GWI_W_2024_gw-pressure-vented_L2_v2-1.parquet,Year 2024 sensor data for W plot at GWI site,,2024-01-01,2024-12-31,'NA',GWI_2024
GWI_W_2024_gw-pressure-vented_L2_v2-1.pdf,Plots of Jan 2024 sensor data for GWI-W,,2024-01-01,2024-12-31,,GWI_2024
GWI_W_2024_gw-rdo-conc_L2_v2-1.parquet,Year 2024 sensor data for W plot at GWI site,,2024-01-01,2024-12-31,'NA',GWI_2024
GWI_W_2024_gw-rdo-conc_L2_v2-1.pdf,Plots of Jan 2024 sensor data for GWI-W,,2024-01-01,2024-12-31,,GWI_2024
GWI_W_2024_gw-resistivity_L2_v2-1.parquet,Year 2024 sensor data for W plot at GWI site,,2024-01-01,2024-12-31,'NA',GWI_2024
GWI_W_2024_gw-resistivity_L2_v2-1.pdf,Plots of Jan 2024 sensor data for GWI-W,,2024-01-01,2024-12-31,,GWI_2024
GWI_W_2024_gw-salinity_L2_v2-1.parquet,Year 2024 sensor data for W plot at GWI site,,2024-01-01,2024-12-31,'NA',GWI_2024
GWI_W_2024_gw-salinity_L2_v2-1.pdf,Plots of Jan 2024 sensor data for GWI-W,,2024-01-01,2024-12-31,,GWI_2024
GWI_W_2024_gw-spec-cond_L2_v2-1.parquet,Year 2024 sensor data for W plot at GWI site,,2024-01-01,2024-12-31,'NA',GWI_2024
GWI_W_2024_gw-spec-cond_L2_v2-1.pdf,Plots of Jan 2024 sensor data for GWI-W,,2024-01-01,2024-12-31,,GWI_2024
GWI_W_2024_gw-tds_L2_v2-1.parquet,Year 2024 sensor data for W plot at GWI site,,2024-01-01,2024-12-31,'NA',GWI_2024
GWI_W_2024_gw-tds_L2_v2-1.pdf,Plots of Jan 2024 sensor data for GWI-W,,2024-01-01,2024-12-31,,GWI_2024
GWI_W_2024_gw-temperature_L2_v2-1.parquet,Year 2024 sensor data for W plot at GWI site,,2024-01-01,2024-12-31,'NA',GWI_2024
GWI_W_2024_gw-temperature_L2_v2-1.pdf,Plots of Jan 2024 sensor data for GWI-W,,2024-01-01,2024-12-31,,GWI_2024
GWI_W_2024_gw-voltage-ext_L2_v2-1.parquet,Year 2024 sensor data for W plot at GWI site,,2024-01-01,2024-12-31,'NA',GWI_2024
GWI_W_2024_gw-voltage-ext_L2_v2-1.pdf,Plots of Jan 2024 sensor data for GWI-W,,2024-01-01,2024-12-31,,GWI_2024
GWI_W_2024_gw-wl-below-surface_L2_v2-1.parquet,Year 2024 sensor data for W plot at GWI site,,2024-01-01,2024-12-31,'NA',GWI_2024
GWI_W_2024_gw-wl-below-surface_L2_v2-1.pdf,Plots of Jan 2024 sensor data for GWI-W,,2024-01-01,2024-12-31,,GWI_2024
GWI_W_2024_soil-EC-10cm_L2_v2-1.parquet,Year 2024 sensor data for W plot at GWI site,,2024-01-01,2024-12-31,'NA',GWI_2024
GWI_W_2024_soil-EC-10cm_L2_v2-1.pdf,Plots of Jan 2024 sensor data for GWI-W,,2024-01-01,2024-12-31,,GWI_2024
GWI_W_2024_soil-EC-30cm_L2_v2-1.parquet,Year 2024 sensor data for W plot at GWI site,,2024-01-01,2024-12-31,'NA',GWI_2024
GWI_W_2024_soil-EC-30cm_L2_v2-1.pdf,Plots of Jan 2024 sensor data for GWI-W,,2024-01-01,2024-12-31,,GWI_2024
GWI_W_2024_soil-salinity-10cm_L2_v2-1.parquet,Year 2024 sensor data for W plot at GWI site,,2024-01-01,2024-12-31,'NA',GWI_2024
GWI_W_2024_soil-salinity-10cm_L2_v2-1.pdf,Plots of Jan 2024 sensor data for GWI-W,,2024-01-01,2024-12-31,,GWI_2024
GWI_W_2024_soil-salinity-30cm_L2_v2-1.parquet,Year 2024 sensor data for W plot at GWI site,,2024-01-01,2024-12-31,'NA',GWI_2024
GWI_W_2024_soil-salinity-30cm_L2_v2-1.pdf,Plots of Jan 2024 sensor data for GWI-W,,2024-01-01,2024-12-31,,GWI_2024
GWI_W_2024_soil-temp-10cm_L2_v2-1.parquet,Year 2024 sensor data for W plot at GWI site,,2024-01-01,2024-12-31,'NA',GWI_2024
GWI_W_2024_soil-temp-10cm_L2_v2-1.pdf,Plots of Jan 2024 sensor data for GWI-W,,2024-01-01,2024-12-31,,GWI_2024
GWI_W_2024_soil-temp-30cm_L2_v2-1.parquet,Year 2024 sensor data for W plot at GWI site,,2024-01-01,2024-12-31,'NA',GWI_2024
GWI_W_2024_soil-temp-30cm_L2_v2-1.pdf,Plots of Jan 2024 sensor data for GWI-W,,2024-01-01,2024-12-31,,GWI_2024
GWI_W_2024_soil-vwc-10cm_L2_v2-1.parquet,Year 2024 sensor data for W plot at GWI site,,2024-01-01,2024-12-31,'NA',GWI_2024
GWI_W_2024_soil-vwc-10cm_L2_v2-1.pdf,Plots of Jan 2024 sensor data for GWI-W,,2024-01-01,2024-12-31,,GWI_2024
GWI_W_2024_soil-vwc-30cm_L2_v2-1.parquet,Year 2024 sensor data for W plot at GWI site,,2024-01-01,2024-12-31,'NA',GWI_2024
GWI_W_2024_soil-vwc-30cm_L2_v2-1.pdf,Plots of Jan 2024 sensor data for GWI-W,,2024-01-01,2024-12-31,,GWI_2024
GWI_W_2024_solar-voltage_L2_v2-1.parquet,Year 2024 sensor data for W plot at GWI site,,2024-01-01,2024-12-31,'NA',GWI_2024
GWI_W_2024_solar-voltage_L2_v2-1.pdf,Plots of Jan 2024 sensor data for GWI-W,,2024-01-01,2024-12-31,,GWI_2024
GWI_W_2024_wx-barpress15_L2_v2-1.parquet,Year 2024 sensor data for W plot at GWI site,,2024-01-01,2024-12-31,'NA',GWI_2024
GWI_W_2024_wx-barpress15_L2_v2-1.pdf,Plots of Jan 2024 sensor data for GWI-W,,2024-01-01,2024-12-31,,GWI_2024
GWI_W_2024_wx-bpmax15_L2_v2-1.parquet,Year 2024 sensor data for W plot at GWI site,,2024-01-01,2024-12-31,'NA',GWI_2024
GWI_W_2024_wx-bpmax15_L2_v2-1.pdf,Plots of Jan 2024 sensor data for GWI-W,,2024-01-01,2024-12-31,,GWI_2024
GWI_W_2024_wx-bpmin15_L2_v2-1.parquet,Year 2024 sensor data for W plot at GWI site,,2024-01-01,2024-12-31,'NA',GWI_2024
GWI_W_2024_wx-bpmin15_L2_v2-1.pdf,Plots of Jan 2024 sensor data for GWI-W,,2024-01-01,2024-12-31,,GWI_2024
GWI_W_2024_wx-dist-min15_L2_v2-1.parquet,Year 2024 sensor data for W plot at GWI site,,2024-01-01,2024-12-31,'NA',GWI_2024
GWI_W_2024_wx-dist-min15_L2_v2-1.pdf,Plots of Jan 2024 sensor data for GWI-W,,2024-01-01,2024-12-31,,GWI_2024
GWI_W_2024_wx-invalid-wind15_L2_v2-1.parquet,Year 2024 sensor data for W plot at GWI site,,2024-01-01,2024-12-31,'NA',GWI_2024
GWI_W_2024_wx-invalid-wind15_L2_v2-1.pdf,Plots of Jan 2024 sensor data for GWI-W,,2024-01-01,2024-12-31,,GWI_2024
GWI_W_2024_wx-maxws15_L2_v2-1.parquet,Year 2024 sensor data for W plot at GWI site,,2024-01-01,2024-12-31,'NA',GWI_2024
GWI_W_2024_wx-maxws15_L2_v2-1.pdf,Plots of Jan 2024 sensor data for GWI-W,,2024-01-01,2024-12-31,,GWI_2024
GWI_W_2024_wx-maxws24_L2_v2-1.parquet,Year 2024 sensor data for W plot at GWI site,,2024-01-01,2024-12-31,'NA',GWI_2024
GWI_W_2024_wx-maxws24_L2_v2-1.pdf,Plots of Jan 2024 sensor data for GWI-W,,2024-01-01,2024-12-31,,GWI_2024
GWI_W_2024_wx-par-den15_L2_v2-1.parquet,Year 2024 sensor data for W plot at GWI site,,2024-01-01,2024-12-31,'NA',GWI_2024
GWI_W_2024_wx-par-den15_L2_v2-1.pdf,Plots of Jan 2024 sensor data for GWI-W,,2024-01-01,2024-12-31,,GWI_2024
GWI_W_2024_wx-par-den24_L2_v2-1.parquet,Year 2024 sensor data for W plot at GWI site,,2024-01-01,2024-12-31,'NA',GWI_2024
GWI_W_2024_wx-par-den24_L2_v2-1.pdf,Plots of Jan 2024 sensor data for GWI-W,,2024-01-01,2024-12-31,,GWI_2024
GWI_W_2024_wx-par-tot15_L2_v2-1.parquet,Year 2024 sensor data for W plot at GWI site,,2024-01-01,2024-12-31,'NA',GWI_2024
GWI_W_2024_wx-par-tot15_L2_v2-1.pdf,Plots of Jan 2024 sensor data for GWI-W,,2024-01-01,2024-12-31,,GWI_2024
GWI_W_2024_wx-par-tot24_L2_v2-1.parquet,Year 2024 sensor data for W plot at GWI site,,2024-01-01,2024-12-31,'NA',GWI_2024
GWI_W_2024_wx-par-tot24_L2_v2-1.pdf,Plots of Jan 2024 sensor data for GWI-W,,2024-01-01,2024-12-31,,GWI_2024
GWI_W_2024_wx-rain15_L2_v2-1.parquet,Year 2024 sensor data for W plot at GWI site,,2024-01-01,2024-12-31,'NA',GWI_2024
GWI_W_2024_wx-rain15_L2_v2-1.pdf,Plots of Jan 2024 sensor data for GWI-W,,2024-01-01,2024-12-31,,GWI_2024
GWI_W_2024_wx-rain24_L2_v2-1.parquet,Year 2024 sensor data for W plot at GWI site,,2024-01-01,2024-12-31,'NA',GWI_2024
GWI_W_2024_wx-rain24_L2_v2-1.pdf,Plots of Jan 2024 sensor data for GWI-W,,2024-01-01,2024-12-31,,GWI_2024
GWI_W_2024_wx-rh15_L2_v2-1.parquet,Year 2024 sensor data for W plot at GWI site,,2024-01-01,2024-12-31,'NA',GWI_2024
GWI_W_2024_wx-rh15_L2_v2-1.pdf,Plots of Jan 2024 sensor data for GWI-W,,2024-01-01,2024-12-31,,GWI_2024
GWI_W_2024_wx-rh24_L2_v2-1.parquet,Year 2024 sensor data for W plot at GWI site,,2024-01-01,2024-12-31,'NA',GWI_2024
GWI_W_2024_wx-rh24_L2_v2-1.pdf,Plots of Jan 2024 sensor data for GWI-W,,2024-01-01,2024-12-31,,GWI_2024
GWI_W_2024_wx-rht15_L2_v2-1.parquet,Year 2024 sensor data for W plot at GWI site,,2024-01-01,2024-12-31,'NA',GWI_2024
GWI_W_2024_wx-rht15_L2_v2-1.pdf,Plots of Jan 2024 sensor data for GWI-W,,2024-01-01,2024-12-31,,GWI_2024
GWI_W_2024_wx-rht24_L2_v2-1.parquet,Year 2024 sensor data for W plot at GWI site,,2024-01-01,2024-12-31,'NA',GWI_2024
GWI_W_2024_wx-rht24_L2_v2-1.pdf,Plots of Jan 2024 sensor data for GWI-W,,2024-01-01,2024-12-31,,GWI_2024
GWI_W_2024_wx-rhtmax24_L2_v2-1.parquet,Year 2024 sensor data for W plot at GWI site,,2024-01-01,2024-12-31,'NA',GWI_2024
GWI_W_2024_wx-rhtmax24_L2_v2-1.pdf,Plots of Jan 2024 sensor data for GWI-W,,2024-01-01,2024-12-31,,GWI_2024
GWI_W_2024_wx-rhtmin24_L2_v2-1.parquet,Year 2024 sensor data for W plot at GWI site,,2024-01-01,2024-12-31,'NA',GWI_2024
GWI_W_2024_wx-rhtmin24_L2_v2-1.pdf,Plots of Jan 2024 sensor data for GWI-W,,2024-01-01,2024-12-31,,GWI_2024
GWI_W_2024_wx-slr-fd15_L2_v2-1.parquet,Year 2024 sensor data for W plot at GWI site,,2024-01-01,2024-12-31,'NA',GWI_2024
GWI_W_2024_wx-slr-fd15_L2_v2-1.pdf,Plots of Jan 2024 sensor data for GWI-W,,2024-01-01,2024-12-31,,GWI_2024
GWI_W_2024_wx-slr-fd24_L2_v2-1.parquet,Year 2024 sensor data for W plot at GWI site,,2024-01-01,2024-12-31,'NA',GWI_2024
GWI_W_2024_wx-slr-fd24_L2_v2-1.pdf,Plots of Jan 2024 sensor data for GWI-W,,2024-01-01,2024-12-31,,GWI_2024
GWI_W_2024_wx-slr-tf15_L2_v2-1.parquet,Year 2024 sensor data for W plot at GWI site,,2024-01-01,2024-12-31,'NA',GWI_2024
GWI_W_2024_wx-slr-tf15_L2_v2-1.pdf,Plots of Jan 2024 sensor data for GWI-W,,2024-01-01,2024-12-31,,GWI_2024
GWI_W_2024_wx-slr-tf24_L2_v2-1.parquet,Year 2024 sensor data for W plot at GWI site,,2024-01-01,2024-12-31,'NA',GWI_2024
GWI_W_2024_wx-slr-tf24_L2_v2-1.pdf,Plots of Jan 2024 sensor data for GWI-W,,2024-01-01,2024-12-31,,GWI_2024
GWI_W_2024_wx-strikes15_L2_v2-1.parquet,Year 2024 sensor data for W plot at GWI site,,2024-01-01,2024-12-31,'NA',GWI_2024
GWI_W_2024_wx-strikes15_L2_v2-1.pdf,Plots of Jan 2024 sensor data for GWI-W,,2024-01-01,2024-12-31,,GWI_2024
GWI_W_2024_wx-tempavg15_L2_v2-1.parquet,Year 2024 sensor data for W plot at GWI site,,2024-01-01,2024-12-31,'NA',GWI_2024
GWI_W_2024_wx-tempavg15_L2_v2-1.pdf,Plots of Jan 2024 sensor data for GWI-W,,2024-01-01,2024-12-31,,GWI_2024
GWI_W_2024_wx-tempavg24_L2_v2-1.parquet,Year 2024 sensor data for W plot at GWI site,,2024-01-01,2024-12-31,'NA',GWI_2024
GWI_W_2024_wx-tempavg24_L2_v2-1.pdf,Plots of Jan 2024 sensor data for GWI-W,,2024-01-01,2024-12-31,,GWI_2024
GWI_W_2024_wx-tempmax15_L2_v2-1.parquet,Year 2024 sensor data for W plot at GWI site,,2024-01-01,2024-12-31,'NA',GWI_2024
GWI_W_2024_wx-tempmax15_L2_v2-1.pdf,Plots of Jan 2024 sensor data for GWI-W,,2024-01-01,2024-12-31,,GWI_2024
GWI_W_2024_wx-tempmax24_L2_v2-1.parquet,Year 2024 sensor data for W plot at GWI site,,2024-01-01,2024-12-31,'NA',GWI_2024
GWI_W_2024_wx-tempmax24_L2_v2-1.pdf,Plots of Jan 2024 sensor data for GWI-W,,2024-01-01,2024-12-31,,GWI_2024
GWI_W_2024_wx-tempmin15_L2_v2-1.parquet,Year 2024 sensor data for W plot at GWI site,,2024-01-01,2024-12-31,'NA',GWI_2024
GWI_W_2024_wx-tempmin15_L2_v2-1.pdf,Plots of Jan 2024 sensor data for GWI-W,,2024-01-01,2024-12-31,,GWI_2024
GWI_W_2024_wx-tempmin24_L2_v2-1.parquet,Year 2024 sensor data for W plot at GWI site,,2024-01-01,2024-12-31,'NA',GWI_2024
GWI_W_2024_wx-tempmin24_L2_v2-1.pdf,Plots of Jan 2024 sensor data for GWI-W,,2024-01-01,2024-12-31,,GWI_2024
GWI_W_2024_wx-tilt-ns15_L2_v2-1.parquet,Year 2024 sensor data for W plot at GWI site,,2024-01-01,2024-12-31,'NA',GWI_2024
GWI_W_2024_wx-tilt-ns15_L2_v2-1.pdf,Plots of Jan 2024 sensor data for GWI-W,,2024-01-01,2024-12-31,,GWI_2024
GWI_W_2024_wx-tilt-ns24_L2_v2-1.parquet,Year 2024 sensor data for W plot at GWI site,,2024-01-01,2024-12-31,'NA',GWI_2024
GWI_W_2024_wx-tilt-ns24_L2_v2-1.pdf,Plots of Jan 2024 sensor data for GWI-W,,2024-01-01,2024-12-31,,GWI_2024
GWI_W_2024_wx-tilt-we15_L2_v2-1.parquet,Year 2024 sensor data for W plot at GWI site,,2024-01-01,2024-12-31,'NA',GWI_2024
GWI_W_2024_wx-tilt-we15_L2_v2-1.pdf,Plots of Jan 2024 sensor data for GWI-W,,2024-01-01,2024-12-31,,GWI_2024
GWI_W_2024_wx-tilt-we24_L2_v2-1.parquet,Year 2024 sensor data for W plot at GWI site,,2024-01-01,2024-12-31,'NA',GWI_2024
GWI_W_2024_wx-tilt-we24_L2_v2-1.pdf,Plots of Jan 2024 sensor data for GWI-W,,2024-01-01,2024-12-31,,GWI_2024
GWI_W_2024_wx-vappress15_L2_v2-1.parquet,Year 2024 sensor data for W plot at GWI site,,2024-01-01,2024-12-31,'NA',GWI_2024
GWI_W_2024_wx-vappress15_L2_v2-1.pdf,Plots of Jan 2024 sensor data for GWI-W,,2024-01-01,2024-12-31,,GWI_2024
GWI_W_2024_wx-vappress24_L2_v2-1.parquet,Year 2024 sensor data for W plot at GWI site,,2024-01-01,2024-12-31,'NA',GWI_2024
GWI_W_2024_wx-vappress24_L2_v2-1.pdf,Plots of Jan 2024 sensor data for GWI-W,,2024-01-01,2024-12-31,,GWI_2024
GWI_W_2024_wx-winddir-sd115_L2_v2-1.parquet,Year 2024 sensor data for W plot at GWI site,,2024-01-01,2024-12-31,'NA',GWI_2024
GWI_W_2024_wx-winddir-sd115_L2_v2-1.pdf,Plots of Jan 2024 sensor data for GWI-W,,2024-01-01,2024-12-31,,GWI_2024
GWI_W_2024_wx-winddir15_L2_v2-1.parquet,Year 2024 sensor data for W plot at GWI site,,2024-01-01,2024-12-31,'NA',GWI_2024
GWI_W_2024_wx-winddir15_L2_v2-1.pdf,Plots of Jan 2024 sensor data for GWI-W,,2024-01-01,2024-12-31,,GWI_2024
GWI_W_2024_wx-winderrors24_L2_v2-1.parquet,Year 2024 sensor data for W plot at GWI site,,2024-01-01,2024-12-31,'NA',GWI_2024
GWI_W_2024_wx-winderrors24_L2_v2-1.pdf,Plots of Jan 2024 sensor data for GWI-W,,2024-01-01,2024-12-31,,GWI_2024
GWI_W_2024_wx-windspeed15_L2_v2-1.parquet,Year 2024 sensor data for W plot at GWI site,,2024-01-01,2024-12-31,'NA',GWI_2024
GWI_W_2024_wx-windspeed15_L2_v2-1.pdf,Plots of Jan 2024 sensor data for GWI-W,,2024-01-01,2024-12-31,,GWI_2024
GWI_2025_L2_v2-1_metadata.txt,Metadata for all data files in GWI_2025 folder,,,,,GWI_2025
GWI_TR_2025_battery-voltage_L2_v2-1.parquet,Year 2025 sensor data for TR plot at GWI site,,2025-01-01,2025-12-31,'NA',GWI_2025
GWI_TR_2025_battery-voltage_L2_v2-1.pdf,Plots of Jan 2025 sensor data for GWI-TR,,2025-01-01,2025-12-31,,GWI_2025
GWI_TR_2025_gw-act-cond_L2_v2-1.parquet,Year 2025 sensor data for TR plot at GWI site,,2025-01-01,2025-12-31,'NA',GWI_2025
GWI_TR_2025_gw-act-cond_L2_v2-1.pdf,Plots of Jan 2025 sensor data for GWI-TR,,2025-01-01,2025-12-31,,GWI_2025
GWI_TR_2025_gw-bar-pressure_L2_v2-1.parquet,Year 2025 sensor data for TR plot at GWI site,,2025-01-01,2025-12-31,'NA',GWI_2025
GWI_TR_2025_gw-bar-pressure_L2_v2-1.pdf,Plots of Jan 2025 sensor data for GWI-TR,,2025-01-01,2025-12-31,,GWI_2025
GWI_TR_2025_gw-battery_L2_v2-1.parquet,Year 2025 sensor data for TR plot at GWI site,,2025-01-01,2025-12-31,'NA',GWI_2025
GWI_TR_2025_gw-battery_L2_v2-1.pdf,Plots of Jan 2025 sensor data for GWI-TR,,2025-01-01,2025-12-31,,GWI_2025
GWI_TR_2025_gw-density_L2_v2-1.parquet,Year 2025 sensor data for TR plot at GWI site,,2025-01-01,2025-12-31,'NA',GWI_2025
GWI_TR_2025_gw-density_L2_v2-1.pdf,Plots of Jan 2025 sensor data for GWI-TR,,2025-01-01,2025-12-31,,GWI_2025
GWI_TR_2025_gw-depth_L2_v2-1.parquet,Year 2025 sensor data for TR plot at GWI site,,2025-01-01,2025-12-31,'NA',GWI_2025
GWI_TR_2025_gw-depth_L2_v2-1.pdf,Plots of Jan 2025 sensor data for GWI-TR,,2025-01-01,2025-12-31,,GWI_2025
GWI_TR_2025_gw-part-pressure_L2_v2-1.parquet,Year 2025 sensor data for TR plot at GWI site,,2025-01-01,2025-12-31,'NA',GWI_2025
GWI_TR_2025_gw-part-pressure_L2_v2-1.pdf,Plots of Jan 2025 sensor data for GWI-TR,,2025-01-01,2025-12-31,,GWI_2025
GWI_TR_2025_gw-perc-sat_L2_v2-1.parquet,Year 2025 sensor data for TR plot at GWI site,,2025-01-01,2025-12-31,'NA',GWI_2025
GWI_TR_2025_gw-perc-sat_L2_v2-1.pdf,Plots of Jan 2025 sensor data for GWI-TR,,2025-01-01,2025-12-31,,GWI_2025
GWI_TR_2025_gw-ph_L2_v2-1.parquet,Year 2025 sensor data for TR plot at GWI site,,2025-01-01,2025-12-31,'NA',GWI_2025
GWI_TR_2025_gw-ph_L2_v2-1.pdf,Plots of Jan 2025 sensor data for GWI-TR,,2025-01-01,2025-12-31,,GWI_2025
GWI_TR_2025_gw-ph-mv_L2_v2-1.parquet,Year 2025 sensor data for TR plot at GWI site,,2025-01-01,2025-12-31,'NA',GWI_2025
GWI_TR_2025_gw-ph-mv_L2_v2-1.pdf,Plots of Jan 2025 sensor data for GWI-TR,,2025-01-01,2025-12-31,,GWI_2025
GWI_TR_2025_gw-ph-orp_L2_v2-1.parquet,Year 2025 sensor data for TR plot at GWI site,,2025-01-01,2025-12-31,'NA',GWI_2025
GWI_TR_2025_gw-ph-orp_L2_v2-1.pdf,Plots of Jan 2025 sensor data for GWI-TR,,2025-01-01,2025-12-31,,GWI_2025
GWI_TR_2025_gw-pressure-vented_L2_v2-1.parquet,Year 2025 sensor data for TR plot at GWI site,,2025-01-01,2025-12-31,'NA',GWI_2025
GWI_TR_2025_gw-pressure-vented_L2_v2-1.pdf,Plots of Jan 2025 sensor data for GWI-TR,,2025-01-01,2025-12-31,,GWI_2025
GWI_TR_2025_gw-rdo-conc_L2_v2-1.parquet,Year 2025 sensor data for TR plot at GWI site,,2025-01-01,2025-12-31,'NA',GWI_2025
GWI_TR_2025_gw-rdo-conc_L2_v2-1.pdf,Plots of Jan 2025 sensor data for GWI-TR,,2025-01-01,2025-12-31,,GWI_2025
GWI_TR_2025_gw-resistivity_L2_v2-1.parquet,Year 2025 sensor data for TR plot at GWI site,,2025-01-01,2025-12-31,'NA',GWI_2025
GWI_TR_2025_gw-resistivity_L2_v2-1.pdf,Plots of Jan 2025 sensor data for GWI-TR,,2025-01-01,2025-12-31,,GWI_2025
GWI_TR_2025_gw-salinity_L2_v2-1.parquet,Year 2025 sensor data for TR plot at GWI site,,2025-01-01,2025-12-31,'NA',GWI_2025
GWI_TR_2025_gw-salinity_L2_v2-1.pdf,Plots of Jan 2025 sensor data for GWI-TR,,2025-01-01,2025-12-31,,GWI_2025
GWI_TR_2025_gw-spec-cond_L2_v2-1.parquet,Year 2025 sensor data for TR plot at GWI site,,2025-01-01,2025-12-31,'NA',GWI_2025
GWI_TR_2025_gw-spec-cond_L2_v2-1.pdf,Plots of Jan 2025 sensor data for GWI-TR,,2025-01-01,2025-12-31,,GWI_2025
GWI_TR_2025_gw-tds_L2_v2-1.parquet,Year 2025 sensor data for TR plot at GWI site,,2025-01-01,2025-12-31,'NA',GWI_2025
GWI_TR_2025_gw-tds_L2_v2-1.pdf,Plots of Jan 2025 sensor data for GWI-TR,,2025-01-01,2025-12-31,,GWI_2025
GWI_TR_2025_gw-temperature_L2_v2-1.parquet,Year 2025 sensor data for TR plot at GWI site,,2025-01-01,2025-12-31,'NA',GWI_2025
GWI_TR_2025_gw-temperature_L2_v2-1.pdf,Plots of Jan 2025 sensor data for GWI-TR,,2025-01-01,2025-12-31,,GWI_2025
GWI_TR_2025_gw-voltage-ext_L2_v2-1.parquet,Year 2025 sensor data for TR plot at GWI site,,2025-01-01,2025-12-31,'NA',GWI_2025
GWI_TR_2025_gw-voltage-ext_L2_v2-1.pdf,Plots of Jan 2025 sensor data for GWI-TR,,2025-01-01,2025-12-31,,GWI_2025
GWI_TR_2025_gw-wl-below-surface_L2_v2-1.parquet,Year 2025 sensor data for TR plot at GWI site,,2025-01-01,2025-12-31,'NA',GWI_2025
GWI_TR_2025_gw-wl-below-surface_L2_v2-1.pdf,Plots of Jan 2025 sensor data for GWI-TR,,2025-01-01,2025-12-31,,GWI_2025
GWI_TR_2025_redox-15cm_L2_v2-1.parquet,Year 2025 sensor data for TR plot at GWI site,,2025-01-01,2025-12-31,'NA',GWI_2025
GWI_TR_2025_redox-15cm_L2_v2-1.pdf,Plots of Jan 2025 sensor data for GWI-TR,,2025-01-01,2025-12-31,,GWI_2025
GWI_TR_2025_redox-5cm_L2_v2-1.parquet,Year 2025 sensor data for TR plot at GWI site,,2025-01-01,2025-12-31,'NA',GWI_2025
GWI_TR_2025_redox-5cm_L2_v2-1.pdf,Plots of Jan 2025 sensor data for GWI-TR,,2025-01-01,2025-12-31,,GWI_2025
GWI_TR_2025_sapflow-3.5cm_L2_v2-1.parquet,Year 2025 sensor data for TR plot at GWI site,,2025-01-01,2025-12-31,'NA',GWI_2025
GWI_TR_2025_sapflow-3.5cm_L2_v2-1.pdf,Plots of Jan 2025 sensor data for GWI-TR,,2025-01-01,2025-12-31,,GWI_2025
GWI_TR_2025_soil-EC-10cm_L2_v2-1.parquet,Year 2025 sensor data for TR plot at GWI site,,2025-01-01,2025-12-31,'NA',GWI_2025
GWI_TR_2025_soil-EC-10cm_L2_v2-1.pdf,Plots of Jan 2025 sensor data for GWI-TR,,2025-01-01,2025-12-31,,GWI_2025
GWI_TR_2025_soil-EC-30cm_L2_v2-1.parquet,Year 2025 sensor data for TR plot at GWI site,,2025-01-01,2025-12-31,'NA',GWI_2025
GWI_TR_2025_soil-EC-30cm_L2_v2-1.pdf,Plots of Jan 2025 sensor data for GWI-TR,,2025-01-01,2025-12-31,,GWI_2025
GWI_TR_2025_soil-salinity-10cm_L2_v2-1.parquet,Year 2025 sensor data for TR plot at GWI site,,2025-01-01,2025-12-31,'NA',GWI_2025
GWI_TR_2025_soil-salinity-10cm_L2_v2-1.pdf,Plots of Jan 2025 sensor data for GWI-TR,,2025-01-01,2025-12-31,,GWI_2025
GWI_TR_2025_soil-salinity-30cm_L2_v2-1.parquet,Year 2025 sensor data for TR plot at GWI site,,2025-01-01,2025-12-31,'NA',GWI_2025
GWI_TR_2025_soil-salinity-30cm_L2_v2-1.pdf,Plots of Jan 2025 sensor data for GWI-TR,,2025-01-01,2025-12-31,,GWI_2025
GWI_TR_2025_soil-temp-10cm_L2_v2-1.parquet,Year 2025 sensor data for TR plot at GWI site,,2025-01-01,2025-12-31,'NA',GWI_2025
GWI_TR_2025_soil-temp-10cm_L2_v2-1.pdf,Plots of Jan 2025 sensor data for GWI-TR,,2025-01-01,2025-12-31,,GWI_2025
GWI_TR_2025_soil-temp-30cm_L2_v2-1.parquet,Year 2025 sensor data for TR plot at GWI site,,2025-01-01,2025-12-31,'NA',GWI_2025
GWI_TR_2025_soil-temp-30cm_L2_v2-1.pdf,Plots of Jan 2025 sensor data for GWI-TR,,2025-01-01,2025-12-31,,GWI_2025
GWI_TR_2025_soil-vwc-10cm_L2_v2-1.parquet,Year 2025 sensor data for TR plot at GWI site,,2025-01-01,2025-12-31,'NA',GWI_2025
GWI_TR_2025_soil-vwc-10cm_L2_v2-1.pdf,Plots of Jan 2025 sensor data for GWI-TR,,2025-01-01,2025-12-31,,GWI_2025
GWI_TR_2025_soil-vwc-30cm_L2_v2-1.parquet,Year 2025 sensor data for TR plot at GWI site,,2025-01-01,2025-12-31,'NA',GWI_2025
GWI_TR_2025_soil-vwc-30cm_L2_v2-1.pdf,Plots of Jan 2025 sensor data for GWI-TR,,2025-01-01,2025-12-31,,GWI_2025
GWI_TR_2025_solar-voltage_L2_v2-1.parquet,Year 2025 sensor data for TR plot at GWI site,,2025-01-01,2025-12-31,'NA',GWI_2025
GWI_TR_2025_solar-voltage_L2_v2-1.pdf,Plots of Jan 2025 sensor data for GWI-TR,,2025-01-01,2025-12-31,,GWI_2025
GWI_UP_2025_battery-voltage_L2_v2-1.parquet,Year 2025 sensor data for UP plot at GWI site,,2025-01-01,2025-12-31,'NA',GWI_2025
GWI_UP_2025_battery-voltage_L2_v2-1.pdf,Plots of Jan 2025 sensor data for GWI-UP,,2025-01-01,2025-12-31,,GWI_2025
GWI_UP_2025_gw-act-cond_L2_v2-1.parquet,Year 2025 sensor data for UP plot at GWI site,,2025-01-01,2025-12-31,'NA',GWI_2025
GWI_UP_2025_gw-act-cond_L2_v2-1.pdf,Plots of Jan 2025 sensor data for GWI-UP,,2025-01-01,2025-12-31,,GWI_2025
GWI_UP_2025_gw-bar-pressure_L2_v2-1.parquet,Year 2025 sensor data for UP plot at GWI site,,2025-01-01,2025-12-31,'NA',GWI_2025
GWI_UP_2025_gw-bar-pressure_L2_v2-1.pdf,Plots of Jan 2025 sensor data for GWI-UP,,2025-01-01,2025-12-31,,GWI_2025
GWI_UP_2025_gw-battery_L2_v2-1.parquet,Year 2025 sensor data for UP plot at GWI site,,2025-01-01,2025-12-31,'NA',GWI_2025
GWI_UP_2025_gw-battery_L2_v2-1.pdf,Plots of Jan 2025 sensor data for GWI-UP,,2025-01-01,2025-12-31,,GWI_2025
GWI_UP_2025_gw-density_L2_v2-1.parquet,Year 2025 sensor data for UP plot at GWI site,,2025-01-01,2025-12-31,'NA',GWI_2025
GWI_UP_2025_gw-density_L2_v2-1.pdf,Plots of Jan 2025 sensor data for GWI-UP,,2025-01-01,2025-12-31,,GWI_2025
GWI_UP_2025_gw-depth_L2_v2-1.parquet,Year 2025 sensor data for UP plot at GWI site,,2025-01-01,2025-12-31,'NA',GWI_2025
GWI_UP_2025_gw-depth_L2_v2-1.pdf,Plots of Jan 2025 sensor data for GWI-UP,,2025-01-01,2025-12-31,,GWI_2025
GWI_UP_2025_gw-part-pressure_L2_v2-1.parquet,Year 2025 sensor data for UP plot at GWI site,,2025-01-01,2025-12-31,'NA',GWI_2025
GWI_UP_2025_gw-part-pressure_L2_v2-1.pdf,Plots of Jan 2025 sensor data for GWI-UP,,2025-01-01,2025-12-31,,GWI_2025
GWI_UP_2025_gw-perc-sat_L2_v2-1.parquet,Year 2025 sensor data for UP plot at GWI site,,2025-01-01,2025-12-31,'NA',GWI_2025
GWI_UP_2025_gw-perc-sat_L2_v2-1.pdf,Plots of Jan 2025 sensor data for GWI-UP,,2025-01-01,2025-12-31,,GWI_2025
GWI_UP_2025_gw-ph_L2_v2-1.parquet,Year 2025 sensor data for UP plot at GWI site,,2025-01-01,2025-12-31,'NA',GWI_2025
GWI_UP_2025_gw-ph_L2_v2-1.pdf,Plots of Jan 2025 sensor data for GWI-UP,,2025-01-01,2025-12-31,,GWI_2025
GWI_UP_2025_gw-ph-mv_L2_v2-1.parquet,Year 2025 sensor data for UP plot at GWI site,,2025-01-01,2025-12-31,'NA',GWI_2025
GWI_UP_2025_gw-ph-mv_L2_v2-1.pdf,Plots of Jan 2025 sensor data for GWI-UP,,2025-01-01,2025-12-31,,GWI_2025
GWI_UP_2025_gw-ph-orp_L2_v2-1.parquet,Year 2025 sensor data for UP plot at GWI site,,2025-01-01,2025-12-31,'NA',GWI_2025
GWI_UP_2025_gw-ph-orp_L2_v2-1.pdf,Plots of Jan 2025 sensor data for GWI-UP,,2025-01-01,2025-12-31,,GWI_2025
GWI_UP_2025_gw-pressure-vented_L2_v2-1.parquet,Year 2025 sensor data for UP plot at GWI site,,2025-01-01,2025-12-31,'NA',GWI_2025
GWI_UP_2025_gw-pressure-vented_L2_v2-1.pdf,Plots of Jan 2025 sensor data for GWI-UP,,2025-01-01,2025-12-31,,GWI_2025
GWI_UP_2025_gw-rdo-conc_L2_v2-1.parquet,Year 2025 sensor data for UP plot at GWI site,,2025-01-01,2025-12-31,'NA',GWI_2025
GWI_UP_2025_gw-rdo-conc_L2_v2-1.pdf,Plots of Jan 2025 sensor data for GWI-UP,,2025-01-01,2025-12-31,,GWI_2025
GWI_UP_2025_gw-resistivity_L2_v2-1.parquet,Year 2025 sensor data for UP plot at GWI site,,2025-01-01,2025-12-31,'NA',GWI_2025
GWI_UP_2025_gw-resistivity_L2_v2-1.pdf,Plots of Jan 2025 sensor data for GWI-UP,,2025-01-01,2025-12-31,,GWI_2025
GWI_UP_2025_gw-salinity_L2_v2-1.parquet,Year 2025 sensor data for UP plot at GWI site,,2025-01-01,2025-12-31,'NA',GWI_2025
GWI_UP_2025_gw-salinity_L2_v2-1.pdf,Plots of Jan 2025 sensor data for GWI-UP,,2025-01-01,2025-12-31,,GWI_2025
GWI_UP_2025_gw-spec-cond_L2_v2-1.parquet,Year 2025 sensor data for UP plot at GWI site,,2025-01-01,2025-12-31,'NA',GWI_2025
GWI_UP_2025_gw-spec-cond_L2_v2-1.pdf,Plots of Jan 2025 sensor data for GWI-UP,,2025-01-01,2025-12-31,,GWI_2025
GWI_UP_2025_gw-tds_L2_v2-1.parquet,Year 2025 sensor data for UP plot at GWI site,,2025-01-01,2025-12-31,'NA',GWI_2025
GWI_UP_2025_gw-tds_L2_v2-1.pdf,Plots of Jan 2025 sensor data for GWI-UP,,2025-01-01,2025-12-31,,GWI_2025
GWI_UP_2025_gw-temperature_L2_v2-1.parquet,Year 2025 sensor data for UP plot at GWI site,,2025-01-01,2025-12-31,'NA',GWI_2025
GWI_UP_2025_gw-temperature_L2_v2-1.pdf,Plots of Jan 2025 sensor data for GWI-UP,,2025-01-01,2025-12-31,,GWI_2025
GWI_UP_2025_gw-voltage-ext_L2_v2-1.parquet,Year 2025 sensor data for UP plot at GWI site,,2025-01-01,2025-12-31,'NA',GWI_2025
GWI_UP_2025_gw-voltage-ext_L2_v2-1.pdf,Plots of Jan 2025 sensor data for GWI-UP,,2025-01-01,2025-12-31,,GWI_2025
GWI_UP_2025_gw-wl-below-surface_L2_v2-1.parquet,Year 2025 sensor data for UP plot at GWI site,,2025-01-01,2025-12-31,'NA',GWI_2025
GWI_UP_2025_gw-wl-below-surface_L2_v2-1.pdf,Plots of Jan 2025 sensor data for GWI-UP,,2025-01-01,2025-12-31,,GWI_2025
GWI_UP_2025_redox-15cm_L2_v2-1.parquet,Year 2025 sensor data for UP plot at GWI site,,2025-01-01,2025-12-31,'NA',GWI_2025
GWI_UP_2025_redox-15cm_L2_v2-1.pdf,Plots of Jan 2025 sensor data for GWI-UP,,2025-01-01,2025-12-31,,GWI_2025
GWI_UP_2025_redox-5cm_L2_v2-1.parquet,Year 2025 sensor data for UP plot at GWI site,,2025-01-01,2025-12-31,'NA',GWI_2025
GWI_UP_2025_redox-5cm_L2_v2-1.pdf,Plots of Jan 2025 sensor data for GWI-UP,,2025-01-01,2025-12-31,,GWI_2025
GWI_UP_2025_sapflow-3.5cm_L2_v2-1.parquet,Year 2025 sensor data for UP plot at GWI site,,2025-01-01,2025-12-31,'NA',GWI_2025
GWI_UP_2025_sapflow-3.5cm_L2_v2-1.pdf,Plots of Jan 2025 sensor data for GWI-UP,,2025-01-01,2025-12-31,,GWI_2025
GWI_UP_2025_soil-EC-10cm_L2_v2-1.parquet,Year 2025 sensor data for UP plot at GWI site,,2025-01-01,2025-12-31,'NA',GWI_2025
GWI_UP_2025_soil-EC-10cm_L2_v2-1.pdf,Plots of Jan 2025 sensor data for GWI-UP,,2025-01-01,2025-12-31,,GWI_2025
GWI_UP_2025_soil-EC-30cm_L2_v2-1.parquet,Year 2025 sensor data for UP plot at GWI site,,2025-01-01,2025-12-31,'NA',GWI_2025
GWI_UP_2025_soil-EC-30cm_L2_v2-1.pdf,Plots of Jan 2025 sensor data for GWI-UP,,2025-01-01,2025-12-31,,GWI_2025
GWI_UP_2025_soil-salinity-10cm_L2_v2-1.parquet,Year 2025 sensor data for UP plot at GWI site,,2025-01-01,2025-12-31,'NA',GWI_2025
GWI_UP_2025_soil-salinity-10cm_L2_v2-1.pdf,Plots of Jan 2025 sensor data for GWI-UP,,2025-01-01,2025-12-31,,GWI_2025
GWI_UP_2025_soil-salinity-30cm_L2_v2-1.parquet,Year 2025 sensor data for UP plot at GWI site,,2025-01-01,2025-12-31,'NA',GWI_2025
GWI_UP_2025_soil-salinity-30cm_L2_v2-1.pdf,Plots of Jan 2025 sensor data for GWI-UP,,2025-01-01,2025-12-31,,GWI_2025
GWI_UP_2025_soil-temp-10cm_L2_v2-1.parquet,Year 2025 sensor data for UP plot at GWI site,,2025-01-01,2025-12-31,'NA',GWI_2025
GWI_UP_2025_soil-temp-10cm_L2_v2-1.pdf,Plots of Jan 2025 sensor data for GWI-UP,,2025-01-01,2025-12-31,,GWI_2025
GWI_UP_2025_soil-temp-30cm_L2_v2-1.parquet,Year 2025 sensor data for UP plot at GWI site,,2025-01-01,2025-12-31,'NA',GWI_2025
GWI_UP_2025_soil-temp-30cm_L2_v2-1.pdf,Plots of Jan 2025 sensor data for GWI-UP,,2025-01-01,2025-12-31,,GWI_2025
GWI_UP_2025_soil-vwc-10cm_L2_v2-1.parquet,Year 2025 sensor data for UP plot at GWI site,,2025-01-01,2025-12-31,'NA',GWI_2025
GWI_UP_2025_soil-vwc-10cm_L2_v2-1.pdf,Plots of Jan 2025 sensor data for GWI-UP,,2025-01-01,2025-12-31,,GWI_2025
GWI_UP_2025_soil-vwc-30cm_L2_v2-1.parquet,Year 2025 sensor data for UP plot at GWI site,,2025-01-01,2025-12-31,'NA',GWI_2025
GWI_UP_2025_soil-vwc-30cm_L2_v2-1.pdf,Plots of Jan 2025 sensor data for GWI-UP,,2025-01-01,2025-12-31,,GWI_2025
GWI_UP_2025_solar-voltage_L2_v2-1.parquet,Year 2025 sensor data for UP plot at GWI site,,2025-01-01,2025-12-31,'NA',GWI_2025
GWI_UP_2025_solar-voltage_L2_v2-1.pdf,Plots of Jan 2025 sensor data for GWI-UP,,2025-01-01,2025-12-31,,GWI_2025
GWI_W_2025_battery-voltage_L2_v2-1.parquet,Year 2025 sensor data for W plot at GWI site,,2025-01-01,2025-12-31,'NA',GWI_2025
GWI_W_2025_battery-voltage_L2_v2-1.pdf,Plots of Jan 2025 sensor data for GWI-W,,2025-01-01,2025-12-31,,GWI_2025
GWI_W_2025_gw-act-cond_L2_v2-1.parquet,Year 2025 sensor data for W plot at GWI site,,2025-01-01,2025-12-31,'NA',GWI_2025
GWI_W_2025_gw-act-cond_L2_v2-1.pdf,Plots of Jan 2025 sensor data for GWI-W,,2025-01-01,2025-12-31,,GWI_2025
GWI_W_2025_gw-bar-pressure_L2_v2-1.parquet,Year 2025 sensor data for W plot at GWI site,,2025-01-01,2025-12-31,'NA',GWI_2025
GWI_W_2025_gw-bar-pressure_L2_v2-1.pdf,Plots of Jan 2025 sensor data for GWI-W,,2025-01-01,2025-12-31,,GWI_2025
GWI_W_2025_gw-battery_L2_v2-1.parquet,Year 2025 sensor data for W plot at GWI site,,2025-01-01,2025-12-31,'NA',GWI_2025
GWI_W_2025_gw-battery_L2_v2-1.pdf,Plots of Jan 2025 sensor data for GWI-W,,2025-01-01,2025-12-31,,GWI_2025
GWI_W_2025_gw-density_L2_v2-1.parquet,Year 2025 sensor data for W plot at GWI site,,2025-01-01,2025-12-31,'NA',GWI_2025
GWI_W_2025_gw-density_L2_v2-1.pdf,Plots of Jan 2025 sensor data for GWI-W,,2025-01-01,2025-12-31,,GWI_2025
GWI_W_2025_gw-depth_L2_v2-1.parquet,Year 2025 sensor data for W plot at GWI site,,2025-01-01,2025-12-31,'NA',GWI_2025
GWI_W_2025_gw-depth_L2_v2-1.pdf,Plots of Jan 2025 sensor data for GWI-W,,2025-01-01,2025-12-31,,GWI_2025
GWI_W_2025_gw-part-pressure_L2_v2-1.parquet,Year 2025 sensor data for W plot at GWI site,,2025-01-01,2025-12-31,'NA',GWI_2025
GWI_W_2025_gw-part-pressure_L2_v2-1.pdf,Plots of Jan 2025 sensor data for GWI-W,,2025-01-01,2025-12-31,,GWI_2025
GWI_W_2025_gw-perc-sat_L2_v2-1.parquet,Year 2025 sensor data for W plot at GWI site,,2025-01-01,2025-12-31,'NA',GWI_2025
GWI_W_2025_gw-perc-sat_L2_v2-1.pdf,Plots of Jan 2025 sensor data for GWI-W,,2025-01-01,2025-12-31,,GWI_2025
GWI_W_2025_gw-ph_L2_v2-1.parquet,Year 2025 sensor data for W plot at GWI site,,2025-01-01,2025-12-31,'NA',GWI_2025
GWI_W_2025_gw-ph_L2_v2-1.pdf,Plots of Jan 2025 sensor data for GWI-W,,2025-01-01,2025-12-31,,GWI_2025
GWI_W_2025_gw-ph-mv_L2_v2-1.parquet,Year 2025 sensor data for W plot at GWI site,,2025-01-01,2025-12-31,'NA',GWI_2025
GWI_W_2025_gw-ph-mv_L2_v2-1.pdf,Plots of Jan 2025 sensor data for GWI-W,,2025-01-01,2025-12-31,,GWI_2025
GWI_W_2025_gw-ph-orp_L2_v2-1.parquet,Year 2025 sensor data for W plot at GWI site,,2025-01-01,2025-12-31,'NA',GWI_2025
GWI_W_2025_gw-ph-orp_L2_v2-1.pdf,Plots of Jan 2025 sensor data for GWI-W,,2025-01-01,2025-12-31,,GWI_2025
GWI_W_2025_gw-pressure-vented_L2_v2-1.parquet,Year 2025 sensor data for W plot at GWI site,,2025-01-01,2025-12-31,'NA',GWI_2025
GWI_W_2025_gw-pressure-vented_L2_v2-1.pdf,Plots of Jan 2025 sensor data for GWI-W,,2025-01-01,2025-12-31,,GWI_2025
GWI_W_2025_gw-rdo-conc_L2_v2-1.parquet,Year 2025 sensor data for W plot at GWI site,,2025-01-01,2025-12-31,'NA',GWI_2025
GWI_W_2025_gw-rdo-conc_L2_v2-1.pdf,Plots of Jan 2025 sensor data for GWI-W,,2025-01-01,2025-12-31,,GWI_2025
GWI_W_2025_gw-resistivity_L2_v2-1.parquet,Year 2025 sensor data for W plot at GWI site,,2025-01-01,2025-12-31,'NA',GWI_2025
GWI_W_2025_gw-resistivity_L2_v2-1.pdf,Plots of Jan 2025 sensor data for GWI-W,,2025-01-01,2025-12-31,,GWI_2025
GWI_W_2025_gw-salinity_L2_v2-1.parquet,Year 2025 sensor data for W plot at GWI site,,2025-01-01,2025-12-31,'NA',GWI_2025
GWI_W_2025_gw-salinity_L2_v2-1.pdf,Plots of Jan 2025 sensor data for GWI-W,,2025-01-01,2025-12-31,,GWI_2025
GWI_W_2025_gw-spec-cond_L2_v2-1.parquet,Year 2025 sensor data for W plot at GWI site,,2025-01-01,2025-12-31,'NA',GWI_2025
GWI_W_2025_gw-spec-cond_L2_v2-1.pdf,Plots of Jan 2025 sensor data for GWI-W,,2025-01-01,2025-12-31,,GWI_2025
GWI_W_2025_gw-tds_L2_v2-1.parquet,Year 2025 sensor data for W plot at GWI site,,2025-01-01,2025-12-31,'NA',GWI_2025
GWI_W_2025_gw-tds_L2_v2-1.pdf,Plots of Jan 2025 sensor data for GWI-W,,2025-01-01,2025-12-31,,GWI_2025
GWI_W_2025_gw-temperature_L2_v2-1.parquet,Year 2025 sensor data for W plot at GWI site,,2025-01-01,2025-12-31,'NA',GWI_2025
GWI_W_2025_gw-temperature_L2_v2-1.pdf,Plots of Jan 2025 sensor data for GWI-W,,2025-01-01,2025-12-31,,GWI_2025
GWI_W_2025_gw-voltage-ext_L2_v2-1.parquet,Year 2025 sensor data for W plot at GWI site,,2025-01-01,2025-12-31,'NA',GWI_2025
GWI_W_2025_gw-voltage-ext_L2_v2-1.pdf,Plots of Jan 2025 sensor data for GWI-W,,2025-01-01,2025-12-31,,GWI_2025
GWI_W_2025_gw-wl-below-surface_L2_v2-1.parquet,Year 2025 sensor data for W plot at GWI site,,2025-01-01,2025-12-31,'NA',GWI_2025
GWI_W_2025_gw-wl-below-surface_L2_v2-1.pdf,Plots of Jan 2025 sensor data for GWI-W,,2025-01-01,2025-12-31,,GWI_2025
GWI_W_2025_redox-15cm_L2_v2-1.parquet,Year 2025 sensor data for W plot at GWI site,,2025-01-01,2025-12-31,'NA',GWI_2025
GWI_W_2025_redox-15cm_L2_v2-1.pdf,Plots of Jan 2025 sensor data for GWI-W,,2025-01-01,2025-12-31,,GWI_2025
GWI_W_2025_redox-5cm_L2_v2-1.parquet,Year 2025 sensor data for W plot at GWI site,,2025-01-01,2025-12-31,'NA',GWI_2025
GWI_W_2025_redox-5cm_L2_v2-1.pdf,Plots of Jan 2025 sensor data for GWI-W,,2025-01-01,2025-12-31,,GWI_2025
GWI_W_2025_soil-EC-10cm_L2_v2-1.parquet,Year 2025 sensor data for W plot at GWI site,,2025-01-01,2025-12-31,'NA',GWI_2025
GWI_W_2025_soil-EC-10cm_L2_v2-1.pdf,Plots of Jan 2025 sensor data for GWI-W,,2025-01-01,2025-12-31,,GWI_2025
GWI_W_2025_soil-EC-30cm_L2_v2-1.parquet,Year 2025 sensor data for W plot at GWI site,,2025-01-01,2025-12-31,'NA',GWI_2025
GWI_W_2025_soil-EC-30cm_L2_v2-1.pdf,Plots of Jan 2025 sensor data for GWI-W,,2025-01-01,2025-12-31,,GWI_2025
GWI_W_2025_soil-salinity-10cm_L2_v2-1.parquet,Year 2025 sensor data for W plot at GWI site,,2025-01-01,2025-12-31,'NA',GWI_2025
GWI_W_2025_soil-salinity-10cm_L2_v2-1.pdf,Plots of Jan 2025 sensor data for GWI-W,,2025-01-01,2025-12-31,,GWI_2025
GWI_W_2025_soil-salinity-30cm_L2_v2-1.parquet,Year 2025 sensor data for W plot at GWI site,,2025-01-01,2025-12-31,'NA',GWI_2025
GWI_W_2025_soil-salinity-30cm_L2_v2-1.pdf,Plots of Jan 2025 sensor data for GWI-W,,2025-01-01,2025-12-31,,GWI_2025
GWI_W_2025_soil-temp-10cm_L2_v2-1.parquet,Year 2025 sensor data for W plot at GWI site,,2025-01-01,2025-12-31,'NA',GWI_2025
GWI_W_2025_soil-temp-10cm_L2_v2-1.pdf,Plots of Jan 2025 sensor data for GWI-W,,2025-01-01,2025-12-31,,GWI_2025
GWI_W_2025_soil-temp-30cm_L2_v2-1.parquet,Year 2025 sensor data for W plot at GWI site,,2025-01-01,2025-12-31,'NA',GWI_2025
GWI_W_2025_soil-temp-30cm_L2_v2-1.pdf,Plots of Jan 2025 sensor data for GWI-W,,2025-01-01,2025-12-31,,GWI_2025
GWI_W_2025_soil-vwc-10cm_L2_v2-1.parquet,Year 2025 sensor data for W plot at GWI site,,2025-01-01,2025-12-31,'NA',GWI_2025
GWI_W_2025_soil-vwc-10cm_L2_v2-1.pdf,Plots of Jan 2025 sensor data for GWI-W,,2025-01-01,2025-12-31,,GWI_2025
GWI_W_2025_soil-vwc-30cm_L2_v2-1.parquet,Year 2025 sensor data for W plot at GWI site,,2025-01-01,2025-12-31,'NA',GWI_2025
GWI_W_2025_soil-vwc-30cm_L2_v2-1.pdf,Plots of Jan 2025 sensor data for GWI-W,,2025-01-01,2025-12-31,,GWI_2025
GWI_W_2025_solar-voltage_L2_v2-1.parquet,Year 2025 sensor data for W plot at GWI site,,2025-01-01,2025-12-31,'NA',GWI_2025
GWI_W_2025_solar-voltage_L2_v2-1.pdf,Plots of Jan 2025 sensor data for GWI-W,,2025-01-01,2025-12-31,,GWI_2025
GWI_W_2025_wx-barpress15_L2_v2-1.parquet,Year 2025 sensor data for W plot at GWI site,,2025-01-01,2025-12-31,'NA',GWI_2025
GWI_W_2025_wx-barpress15_L2_v2-1.pdf,Plots of Jan 2025 sensor data for GWI-W,,2025-01-01,2025-12-31,,GWI_2025
GWI_W_2025_wx-bpmax15_L2_v2-1.parquet,Year 2025 sensor data for W plot at GWI site,,2025-01-01,2025-12-31,'NA',GWI_2025
GWI_W_2025_wx-bpmax15_L2_v2-1.pdf,Plots of Jan 2025 sensor data for GWI-W,,2025-01-01,2025-12-31,,GWI_2025
GWI_W_2025_wx-bpmin15_L2_v2-1.parquet,Year 2025 sensor data for W plot at GWI site,,2025-01-01,2025-12-31,'NA',GWI_2025
GWI_W_2025_wx-bpmin15_L2_v2-1.pdf,Plots of Jan 2025 sensor data for GWI-W,,2025-01-01,2025-12-31,,GWI_2025
GWI_W_2025_wx-dist-min15_L2_v2-1.parquet,Year 2025 sensor data for W plot at GWI site,,2025-01-01,2025-12-31,'NA',GWI_2025
GWI_W_2025_wx-dist-min15_L2_v2-1.pdf,Plots of Jan 2025 sensor data for GWI-W,,2025-01-01,2025-12-31,,GWI_2025
GWI_W_2025_wx-invalid-wind15_L2_v2-1.parquet,Year 2025 sensor data for W plot at GWI site,,2025-01-01,2025-12-31,'NA',GWI_2025
GWI_W_2025_wx-invalid-wind15_L2_v2-1.pdf,Plots of Jan 2025 sensor data for GWI-W,,2025-01-01,2025-12-31,,GWI_2025
GWI_W_2025_wx-maxws15_L2_v2-1.parquet,Year 2025 sensor data for W plot at GWI site,,2025-01-01,2025-12-31,'NA',GWI_2025
GWI_W_2025_wx-maxws15_L2_v2-1.pdf,Plots of Jan 2025 sensor data for GWI-W,,2025-01-01,2025-12-31,,GWI_2025
GWI_W_2025_wx-maxws24_L2_v2-1.parquet,Year 2025 sensor data for W plot at GWI site,,2025-01-01,2025-12-31,'NA',GWI_2025
GWI_W_2025_wx-maxws24_L2_v2-1.pdf,Plots of Jan 2025 sensor data for GWI-W,,2025-01-01,2025-12-31,,GWI_2025
GWI_W_2025_wx-par-den15_L2_v2-1.parquet,Year 2025 sensor data for W plot at GWI site,,2025-01-01,2025-12-31,'NA',GWI_2025
GWI_W_2025_wx-par-den15_L2_v2-1.pdf,Plots of Jan 2025 sensor data for GWI-W,,2025-01-01,2025-12-31,,GWI_2025
GWI_W_2025_wx-par-den24_L2_v2-1.parquet,Year 2025 sensor data for W plot at GWI site,,2025-01-01,2025-12-31,'NA',GWI_2025
GWI_W_2025_wx-par-den24_L2_v2-1.pdf,Plots of Jan 2025 sensor data for GWI-W,,2025-01-01,2025-12-31,,GWI_2025
GWI_W_2025_wx-par-tot15_L2_v2-1.parquet,Year 2025 sensor data for W plot at GWI site,,2025-01-01,2025-12-31,'NA',GWI_2025
GWI_W_2025_wx-par-tot15_L2_v2-1.pdf,Plots of Jan 2025 sensor data for GWI-W,,2025-01-01,2025-12-31,,GWI_2025
GWI_W_2025_wx-par-tot24_L2_v2-1.parquet,Year 2025 sensor data for W plot at GWI site,,2025-01-01,2025-12-31,'NA',GWI_2025
GWI_W_2025_wx-par-tot24_L2_v2-1.pdf,Plots of Jan 2025 sensor data for GWI-W,,2025-01-01,2025-12-31,,GWI_2025
GWI_W_2025_wx-rain15_L2_v2-1.parquet,Year 2025 sensor data for W plot at GWI site,,2025-01-01,2025-12-31,'NA',GWI_2025
GWI_W_2025_wx-rain15_L2_v2-1.pdf,Plots of Jan 2025 sensor data for GWI-W,,2025-01-01,2025-12-31,,GWI_2025
GWI_W_2025_wx-rain24_L2_v2-1.parquet,Year 2025 sensor data for W plot at GWI site,,2025-01-01,2025-12-31,'NA',GWI_2025
GWI_W_2025_wx-rain24_L2_v2-1.pdf,Plots of Jan 2025 sensor data for GWI-W,,2025-01-01,2025-12-31,,GWI_2025
GWI_W_2025_wx-rh15_L2_v2-1.parquet,Year 2025 sensor data for W plot at GWI site,,2025-01-01,2025-12-31,'NA',GWI_2025
GWI_W_2025_wx-rh15_L2_v2-1.pdf,Plots of Jan 2025 sensor data for GWI-W,,2025-01-01,2025-12-31,,GWI_2025
GWI_W_2025_wx-rh24_L2_v2-1.parquet,Year 2025 sensor data for W plot at GWI site,,2025-01-01,2025-12-31,'NA',GWI_2025
GWI_W_2025_wx-rh24_L2_v2-1.pdf,Plots of Jan 2025 sensor data for GWI-W,,2025-01-01,2025-12-31,,GWI_2025
GWI_W_2025_wx-rht15_L2_v2-1.parquet,Year 2025 sensor data for W plot at GWI site,,2025-01-01,2025-12-31,'NA',GWI_2025
GWI_W_2025_wx-rht15_L2_v2-1.pdf,Plots of Jan 2025 sensor data for GWI-W,,2025-01-01,2025-12-31,,GWI_2025
GWI_W_2025_wx-rht24_L2_v2-1.parquet,Year 2025 sensor data for W plot at GWI site,,2025-01-01,2025-12-31,'NA',GWI_2025
GWI_W_2025_wx-rht24_L2_v2-1.pdf,Plots of Jan 2025 sensor data for GWI-W,,2025-01-01,2025-12-31,,GWI_2025
GWI_W_2025_wx-rhtmax24_L2_v2-1.parquet,Year 2025 sensor data for W plot at GWI site,,2025-01-01,2025-12-31,'NA',GWI_2025
GWI_W_2025_wx-rhtmax24_L2_v2-1.pdf,Plots of Jan 2025 sensor data for GWI-W,,2025-01-01,2025-12-31,,GWI_2025
GWI_W_2025_wx-rhtmin24_L2_v2-1.parquet,Year 2025 sensor data for W plot at GWI site,,2025-01-01,2025-12-31,'NA',GWI_2025
GWI_W_2025_wx-rhtmin24_L2_v2-1.pdf,Plots of Jan 2025 sensor data for GWI-W,,2025-01-01,2025-12-31,,GWI_2025
GWI_W_2025_wx-slr-fd15_L2_v2-1.parquet,Year 2025 sensor data for W plot at GWI site,,2025-01-01,2025-12-31,'NA',GWI_2025
GWI_W_2025_wx-slr-fd15_L2_v2-1.pdf,Plots of Jan 2025 sensor data for GWI-W,,2025-01-01,2025-12-31,,GWI_2025
GWI_W_2025_wx-slr-fd24_L2_v2-1.parquet,Year 2025 sensor data for W plot at GWI site,,2025-01-01,2025-12-31,'NA',GWI_2025
GWI_W_2025_wx-slr-fd24_L2_v2-1.pdf,Plots of Jan 2025 sensor data for GWI-W,,2025-01-01,2025-12-31,,GWI_2025
GWI_W_2025_wx-slr-tf15_L2_v2-1.parquet,Year 2025 sensor data for W plot at GWI site,,2025-01-01,2025-12-31,'NA',GWI_2025
GWI_W_2025_wx-slr-tf15_L2_v2-1.pdf,Plots of Jan 2025 sensor data for GWI-W,,2025-01-01,2025-12-31,,GWI_2025
GWI_W_2025_wx-slr-tf24_L2_v2-1.parquet,Year 2025 sensor data for W plot at GWI site,,2025-01-01,2025-12-31,'NA',GWI_2025
GWI_W_2025_wx-slr-tf24_L2_v2-1.pdf,Plots of Jan 2025 sensor data for GWI-W,,2025-01-01,2025-12-31,,GWI_2025
GWI_W_2025_wx-strikes15_L2_v2-1.parquet,Year 2025 sensor data for W plot at GWI site,,2025-01-01,2025-12-31,'NA',GWI_2025
GWI_W_2025_wx-strikes15_L2_v2-1.pdf,Plots of Jan 2025 sensor data for GWI-W,,2025-01-01,2025-12-31,,GWI_2025
GWI_W_2025_wx-tempavg15_L2_v2-1.parquet,Year 2025 sensor data for W plot at GWI site,,2025-01-01,2025-12-31,'NA',GWI_2025
GWI_W_2025_wx-tempavg15_L2_v2-1.pdf,Plots of Jan 2025 sensor data for GWI-W,,2025-01-01,2025-12-31,,GWI_2025
GWI_W_2025_wx-tempavg24_L2_v2-1.parquet,Year 2025 sensor data for W plot at GWI site,,2025-01-01,2025-12-31,'NA',GWI_2025
GWI_W_2025_wx-tempavg24_L2_v2-1.pdf,Plots of Jan 2025 sensor data for GWI-W,,2025-01-01,2025-12-31,,GWI_2025
GWI_W_2025_wx-tempmax15_L2_v2-1.parquet,Year 2025 sensor data for W plot at GWI site,,2025-01-01,2025-12-31,'NA',GWI_2025
GWI_W_2025_wx-tempmax15_L2_v2-1.pdf,Plots of Jan 2025 sensor data for GWI-W,,2025-01-01,2025-12-31,,GWI_2025
GWI_W_2025_wx-tempmax24_L2_v2-1.parquet,Year 2025 sensor data for W plot at GWI site,,2025-01-01,2025-12-31,'NA',GWI_2025
GWI_W_2025_wx-tempmax24_L2_v2-1.pdf,Plots of Jan 2025 sensor data for GWI-W,,2025-01-01,2025-12-31,,GWI_2025
GWI_W_2025_wx-tempmin15_L2_v2-1.parquet,Year 2025 sensor data for W plot at GWI site,,2025-01-01,2025-12-31,'NA',GWI_2025
GWI_W_2025_wx-tempmin15_L2_v2-1.pdf,Plots of Jan 2025 sensor data for GWI-W,,2025-01-01,2025-12-31,,GWI_2025
GWI_W_2025_wx-tempmin24_L2_v2-1.parquet,Year 2025 sensor data for W plot at GWI site,,2025-01-01,2025-12-31,'NA',GWI_2025
GWI_W_2025_wx-tempmin24_L2_v2-1.pdf,Plots of Jan 2025 sensor data for GWI-W,,2025-01-01,2025-12-31,,GWI_2025
GWI_W_2025_wx-tilt-ns15_L2_v2-1.parquet,Year 2025 sensor data for W plot at GWI site,,2025-01-01,2025-12-31,'NA',GWI_2025
GWI_W_2025_wx-tilt-ns15_L2_v2-1.pdf,Plots of Jan 2025 sensor data for GWI-W,,2025-01-01,2025-12-31,,GWI_2025
GWI_W_2025_wx-tilt-ns24_L2_v2-1.parquet,Year 2025 sensor data for W plot at GWI site,,2025-01-01,2025-12-31,'NA',GWI_2025
GWI_W_2025_wx-tilt-ns24_L2_v2-1.pdf,Plots of Jan 2025 sensor data for GWI-W,,2025-01-01,2025-12-31,,GWI_2025
GWI_W_2025_wx-tilt-we15_L2_v2-1.parquet,Year 2025 sensor data for W plot at GWI site,,2025-01-01,2025-12-31,'NA',GWI_2025
GWI_W_2025_wx-tilt-we15_L2_v2-1.pdf,Plots of Jan 2025 sensor data for GWI-W,,2025-01-01,2025-12-31,,GWI_2025
GWI_W_2025_wx-tilt-we24_L2_v2-1.parquet,Year 2025 sensor data for W plot at GWI site,,2025-01-01,2025-12-31,'NA',GWI_2025
GWI_W_2025_wx-tilt-we24_L2_v2-1.pdf,Plots of Jan 2025 sensor data for GWI-W,,2025-01-01,2025-12-31,,GWI_2025
GWI_W_2025_wx-vappress15_L2_v2-1.parquet,Year 2025 sensor data for W plot at GWI site,,2025-01-01,2025-12-31,'NA',GWI_2025
GWI_W_2025_wx-vappress15_L2_v2-1.pdf,Plots of Jan 2025 sensor data for GWI-W,,2025-01-01,2025-12-31,,GWI_2025
GWI_W_2025_wx-vappress24_L2_v2-1.parquet,Year 2025 sensor data for W plot at GWI site,,2025-01-01,2025-12-31,'NA',GWI_2025
GWI_W_2025_wx-vappress24_L2_v2-1.pdf,Plots of Jan 2025 sensor data for GWI-W,,2025-01-01,2025-12-31,,GWI_2025
GWI_W_2025_wx-vpd15_L2_v2-1.parquet,Year 2025 sensor data for W plot at GWI site,,2025-01-01,2025-12-31,'NA',GWI_2025
GWI_W_2025_wx-vpd15_L2_v2-1.pdf,Plots of Jan 2025 sensor data for GWI-W,,2025-01-01,2025-12-31,,GWI_2025
GWI_W_2025_wx-vpd24_L2_v2-1.parquet,Year 2025 sensor data for W plot at GWI site,,2025-01-01,2025-12-31,'NA',GWI_2025
GWI_W_2025_wx-vpd24_L2_v2-1.pdf,Plots of Jan 2025 sensor data for GWI-W,,2025-01-01,2025-12-31,,GWI_2025
GWI_W_2025_wx-vpdmax15_L2_v2-1.parquet,Year 2025 sensor data for W plot at GWI site,,2025-01-01,2025-12-31,'NA',GWI_2025
GWI_W_2025_wx-vpdmax15_L2_v2-1.pdf,Plots of Jan 2025 sensor data for GWI-W,,2025-01-01,2025-12-31,,GWI_2025
GWI_W_2025_wx-vpdmax24_L2_v2-1.parquet,Year 2025 sensor data for W plot at GWI site,,2025-01-01,2025-12-31,'NA',GWI_2025
GWI_W_2025_wx-vpdmax24_L2_v2-1.pdf,Plots of Jan 2025 sensor data for GWI-W,,2025-01-01,2025-12-31,,GWI_2025
GWI_W_2025_wx-vpdmin15_L2_v2-1.parquet,Year 2025 sensor data for W plot at GWI site,,2025-01-01,2025-12-31,'NA',GWI_2025
GWI_W_2025_wx-vpdmin15_L2_v2-1.pdf,Plots of Jan 2025 sensor data for GWI-W,,2025-01-01,2025-12-31,,GWI_2025
GWI_W_2025_wx-vpdmin24_L2_v2-1.parquet,Year 2025 sensor data for W plot at GWI site,,2025-01-01,2025-12-31,'NA',GWI_2025
GWI_W_2025_wx-vpdmin24_L2_v2-1.pdf,Plots of Jan 2025 sensor data for GWI-W,,2025-01-01,2025-12-31,,GWI_2025
GWI_W_2025_wx-winddir-sd115_L2_v2-1.parquet,Year 2025 sensor data for W plot at GWI site,,2025-01-01,2025-12-31,'NA',GWI_2025
GWI_W_2025_wx-winddir-sd115_L2_v2-1.pdf,Plots of Jan 2025 sensor data for GWI-W,,2025-01-01,2025-12-31,,GWI_2025
GWI_W_2025_wx-winddir15_L2_v2-1.parquet,Year 2025 sensor data for W plot at GWI site,,2025-01-01,2025-12-31,'NA',GWI_2025
GWI_W_2025_wx-winddir15_L2_v2-1.pdf,Plots of Jan 2025 sensor data for GWI-W,,2025-01-01,2025-12-31,,GWI_2025
GWI_W_2025_wx-winderrors24_L2_v2-1.parquet,Year 2025 sensor data for W plot at GWI site,,2025-01-01,2025-12-31,'NA',GWI_2025
GWI_W_2025_wx-winderrors24_L2_v2-1.pdf,Plots of Jan 2025 sensor data for GWI-W,,2025-01-01,2025-12-31,,GWI_2025
GWI_W_2025_wx-windspeed15_L2_v2-1.parquet,Year 2025 sensor data for W plot at GWI site,,2025-01-01,2025-12-31,'NA',GWI_2025
GWI_W_2025_wx-windspeed15_L2_v2-1.pdf,Plots of Jan 2025 sensor data for GWI-W,,2025-01-01,2025-12-31,,GWI_2025
MSM_2022_L2_v2-1_metadata.txt,Metadata for all data files in MSM_2022 folder,,,,,MSM_2022
MSM_TR_2022_gw-act-cond_L2_v2-1.parquet,Year 2022 sensor data for TR plot at MSM site,,2022-01-01,2022-12-31,'NA',MSM_2022
MSM_TR_2022_gw-act-cond_L2_v2-1.pdf,Plots of Jan 2022 sensor data for MSM-TR,,2022-01-01,2022-12-31,,MSM_2022
MSM_TR_2022_gw-bar-pressure_L2_v2-1.parquet,Year 2022 sensor data for TR plot at MSM site,,2022-01-01,2022-12-31,'NA',MSM_2022
MSM_TR_2022_gw-bar-pressure_L2_v2-1.pdf,Plots of Jan 2022 sensor data for MSM-TR,,2022-01-01,2022-12-31,,MSM_2022
MSM_TR_2022_gw-battery_L2_v2-1.parquet,Year 2022 sensor data for TR plot at MSM site,,2022-01-01,2022-12-31,'NA',MSM_2022
MSM_TR_2022_gw-battery_L2_v2-1.pdf,Plots of Jan 2022 sensor data for MSM-TR,,2022-01-01,2022-12-31,,MSM_2022
MSM_TR_2022_gw-density_L2_v2-1.parquet,Year 2022 sensor data for TR plot at MSM site,,2022-01-01,2022-12-31,'NA',MSM_2022
MSM_TR_2022_gw-density_L2_v2-1.pdf,Plots of Jan 2022 sensor data for MSM-TR,,2022-01-01,2022-12-31,,MSM_2022
MSM_TR_2022_gw-depth_L2_v2-1.parquet,Year 2022 sensor data for TR plot at MSM site,,2022-01-01,2022-12-31,'NA',MSM_2022
MSM_TR_2022_gw-depth_L2_v2-1.pdf,Plots of Jan 2022 sensor data for MSM-TR,,2022-01-01,2022-12-31,,MSM_2022
MSM_TR_2022_gw-part-pressure_L2_v2-1.parquet,Year 2022 sensor data for TR plot at MSM site,,2022-01-01,2022-12-31,'NA',MSM_2022
MSM_TR_2022_gw-part-pressure_L2_v2-1.pdf,Plots of Jan 2022 sensor data for MSM-TR,,2022-01-01,2022-12-31,,MSM_2022
MSM_TR_2022_gw-perc-sat_L2_v2-1.parquet,Year 2022 sensor data for TR plot at MSM site,,2022-01-01,2022-12-31,'NA',MSM_2022
MSM_TR_2022_gw-perc-sat_L2_v2-1.pdf,Plots of Jan 2022 sensor data for MSM-TR,,2022-01-01,2022-12-31,,MSM_2022
MSM_TR_2022_gw-ph_L2_v2-1.parquet,Year 2022 sensor data for TR plot at MSM site,,2022-01-01,2022-12-31,'NA',MSM_2022
MSM_TR_2022_gw-ph_L2_v2-1.pdf,Plots of Jan 2022 sensor data for MSM-TR,,2022-01-01,2022-12-31,,MSM_2022
MSM_TR_2022_gw-ph-mv_L2_v2-1.parquet,Year 2022 sensor data for TR plot at MSM site,,2022-01-01,2022-12-31,'NA',MSM_2022
MSM_TR_2022_gw-ph-mv_L2_v2-1.pdf,Plots of Jan 2022 sensor data for MSM-TR,,2022-01-01,2022-12-31,,MSM_2022
MSM_TR_2022_gw-ph-orp_L2_v2-1.parquet,Year 2022 sensor data for TR plot at MSM site,,2022-01-01,2022-12-31,'NA',MSM_2022
MSM_TR_2022_gw-ph-orp_L2_v2-1.pdf,Plots of Jan 2022 sensor data for MSM-TR,,2022-01-01,2022-12-31,,MSM_2022
MSM_TR_2022_gw-pressure-vented_L2_v2-1.parquet,Year 2022 sensor data for TR plot at MSM site,,2022-01-01,2022-12-31,'NA',MSM_2022
MSM_TR_2022_gw-pressure-vented_L2_v2-1.pdf,Plots of Jan 2022 sensor data for MSM-TR,,2022-01-01,2022-12-31,,MSM_2022
MSM_TR_2022_gw-rdo-conc_L2_v2-1.parquet,Year 2022 sensor data for TR plot at MSM site,,2022-01-01,2022-12-31,'NA',MSM_2022
MSM_TR_2022_gw-rdo-conc_L2_v2-1.pdf,Plots of Jan 2022 sensor data for MSM-TR,,2022-01-01,2022-12-31,,MSM_2022
MSM_TR_2022_gw-resistivity_L2_v2-1.parquet,Year 2022 sensor data for TR plot at MSM site,,2022-01-01,2022-12-31,'NA',MSM_2022
MSM_TR_2022_gw-resistivity_L2_v2-1.pdf,Plots of Jan 2022 sensor data for MSM-TR,,2022-01-01,2022-12-31,,MSM_2022
MSM_TR_2022_gw-salinity_L2_v2-1.parquet,Year 2022 sensor data for TR plot at MSM site,,2022-01-01,2022-12-31,'NA',MSM_2022
MSM_TR_2022_gw-salinity_L2_v2-1.pdf,Plots of Jan 2022 sensor data for MSM-TR,,2022-01-01,2022-12-31,,MSM_2022
MSM_TR_2022_gw-spec-cond_L2_v2-1.parquet,Year 2022 sensor data for TR plot at MSM site,,2022-01-01,2022-12-31,'NA',MSM_2022
MSM_TR_2022_gw-spec-cond_L2_v2-1.pdf,Plots of Jan 2022 sensor data for MSM-TR,,2022-01-01,2022-12-31,,MSM_2022
MSM_TR_2022_gw-tds_L2_v2-1.parquet,Year 2022 sensor data for TR plot at MSM site,,2022-01-01,2022-12-31,'NA',MSM_2022
MSM_TR_2022_gw-tds_L2_v2-1.pdf,Plots of Jan 2022 sensor data for MSM-TR,,2022-01-01,2022-12-31,,MSM_2022
MSM_TR_2022_gw-temperature_L2_v2-1.parquet,Year 2022 sensor data for TR plot at MSM site,,2022-01-01,2022-12-31,'NA',MSM_2022
MSM_TR_2022_gw-temperature_L2_v2-1.pdf,Plots of Jan 2022 sensor data for MSM-TR,,2022-01-01,2022-12-31,,MSM_2022
MSM_TR_2022_gw-voltage-ext_L2_v2-1.parquet,Year 2022 sensor data for TR plot at MSM site,,2022-01-01,2022-12-31,'NA',MSM_2022
MSM_TR_2022_gw-voltage-ext_L2_v2-1.pdf,Plots of Jan 2022 sensor data for MSM-TR,,2022-01-01,2022-12-31,,MSM_2022
MSM_TR_2022_gw-wl-below-surface_L2_v2-1.parquet,Year 2022 sensor data for TR plot at MSM site,,2022-01-01,2022-12-31,'NA',MSM_2022
MSM_TR_2022_gw-wl-below-surface_L2_v2-1.pdf,Plots of Jan 2022 sensor data for MSM-TR,,2022-01-01,2022-12-31,,MSM_2022
MSM_TR_2022_sapflow-3.5cm_L2_v2-1.parquet,Year 2022 sensor data for TR plot at MSM site,,2022-01-01,2022-12-31,'NA',MSM_2022
MSM_TR_2022_sapflow-3.5cm_L2_v2-1.pdf,Plots of Jan 2022 sensor data for MSM-TR,,2022-01-01,2022-12-31,,MSM_2022
MSM_TR_2022_sapflow-5cm_L2_v2-1.parquet,Year 2022 sensor data for TR plot at MSM site,,2022-01-01,2022-12-31,'NA',MSM_2022
MSM_TR_2022_sapflow-5cm_L2_v2-1.pdf,Plots of Jan 2022 sensor data for MSM-TR,,2022-01-01,2022-12-31,,MSM_2022
MSM_TR_2022_soil-EC-10cm_L2_v2-1.parquet,Year 2022 sensor data for TR plot at MSM site,,2022-01-01,2022-12-31,'NA',MSM_2022
MSM_TR_2022_soil-EC-10cm_L2_v2-1.pdf,Plots of Jan 2022 sensor data for MSM-TR,,2022-01-01,2022-12-31,,MSM_2022
MSM_TR_2022_soil-EC-30cm_L2_v2-1.parquet,Year 2022 sensor data for TR plot at MSM site,,2022-01-01,2022-12-31,'NA',MSM_2022
MSM_TR_2022_soil-EC-30cm_L2_v2-1.pdf,Plots of Jan 2022 sensor data for MSM-TR,,2022-01-01,2022-12-31,,MSM_2022
MSM_TR_2022_soil-salinity-10cm_L2_v2-1.parquet,Year 2022 sensor data for TR plot at MSM site,,2022-01-01,2022-12-31,'NA',MSM_2022
MSM_TR_2022_soil-salinity-10cm_L2_v2-1.pdf,Plots of Jan 2022 sensor data for MSM-TR,,2022-01-01,2022-12-31,,MSM_2022
MSM_TR_2022_soil-salinity-30cm_L2_v2-1.parquet,Year 2022 sensor data for TR plot at MSM site,,2022-01-01,2022-12-31,'NA',MSM_2022
MSM_TR_2022_soil-salinity-30cm_L2_v2-1.pdf,Plots of Jan 2022 sensor data for MSM-TR,,2022-01-01,2022-12-31,,MSM_2022
MSM_TR_2022_soil-temp-10cm_L2_v2-1.parquet,Year 2022 sensor data for TR plot at MSM site,,2022-01-01,2022-12-31,'NA',MSM_2022
MSM_TR_2022_soil-temp-10cm_L2_v2-1.pdf,Plots of Jan 2022 sensor data for MSM-TR,,2022-01-01,2022-12-31,,MSM_2022
MSM_TR_2022_soil-temp-30cm_L2_v2-1.parquet,Year 2022 sensor data for TR plot at MSM site,,2022-01-01,2022-12-31,'NA',MSM_2022
MSM_TR_2022_soil-temp-30cm_L2_v2-1.pdf,Plots of Jan 2022 sensor data for MSM-TR,,2022-01-01,2022-12-31,,MSM_2022
MSM_TR_2022_soil-vwc-10cm_L2_v2-1.parquet,Year 2022 sensor data for TR plot at MSM site,,2022-01-01,2022-12-31,'NA',MSM_2022
MSM_TR_2022_soil-vwc-10cm_L2_v2-1.pdf,Plots of Jan 2022 sensor data for MSM-TR,,2022-01-01,2022-12-31,,MSM_2022
MSM_TR_2022_soil-vwc-30cm_L2_v2-1.parquet,Year 2022 sensor data for TR plot at MSM site,,2022-01-01,2022-12-31,'NA',MSM_2022
MSM_TR_2022_soil-vwc-30cm_L2_v2-1.pdf,Plots of Jan 2022 sensor data for MSM-TR,,2022-01-01,2022-12-31,,MSM_2022
MSM_UP_2022_gw-act-cond_L2_v2-1.parquet,Year 2022 sensor data for UP plot at MSM site,,2022-01-01,2022-12-31,'NA',MSM_2022
MSM_UP_2022_gw-act-cond_L2_v2-1.pdf,Plots of Jan 2022 sensor data for MSM-UP,,2022-01-01,2022-12-31,,MSM_2022
MSM_UP_2022_gw-bar-pressure_L2_v2-1.parquet,Year 2022 sensor data for UP plot at MSM site,,2022-01-01,2022-12-31,'NA',MSM_2022
MSM_UP_2022_gw-bar-pressure_L2_v2-1.pdf,Plots of Jan 2022 sensor data for MSM-UP,,2022-01-01,2022-12-31,,MSM_2022
MSM_UP_2022_gw-battery_L2_v2-1.parquet,Year 2022 sensor data for UP plot at MSM site,,2022-01-01,2022-12-31,'NA',MSM_2022
MSM_UP_2022_gw-battery_L2_v2-1.pdf,Plots of Jan 2022 sensor data for MSM-UP,,2022-01-01,2022-12-31,,MSM_2022
MSM_UP_2022_gw-density_L2_v2-1.parquet,Year 2022 sensor data for UP plot at MSM site,,2022-01-01,2022-12-31,'NA',MSM_2022
MSM_UP_2022_gw-density_L2_v2-1.pdf,Plots of Jan 2022 sensor data for MSM-UP,,2022-01-01,2022-12-31,,MSM_2022
MSM_UP_2022_gw-depth_L2_v2-1.parquet,Year 2022 sensor data for UP plot at MSM site,,2022-01-01,2022-12-31,'NA',MSM_2022
MSM_UP_2022_gw-depth_L2_v2-1.pdf,Plots of Jan 2022 sensor data for MSM-UP,,2022-01-01,2022-12-31,,MSM_2022
MSM_UP_2022_gw-part-pressure_L2_v2-1.parquet,Year 2022 sensor data for UP plot at MSM site,,2022-01-01,2022-12-31,'NA',MSM_2022
MSM_UP_2022_gw-part-pressure_L2_v2-1.pdf,Plots of Jan 2022 sensor data for MSM-UP,,2022-01-01,2022-12-31,,MSM_2022
MSM_UP_2022_gw-perc-sat_L2_v2-1.parquet,Year 2022 sensor data for UP plot at MSM site,,2022-01-01,2022-12-31,'NA',MSM_2022
MSM_UP_2022_gw-perc-sat_L2_v2-1.pdf,Plots of Jan 2022 sensor data for MSM-UP,,2022-01-01,2022-12-31,,MSM_2022
MSM_UP_2022_gw-ph_L2_v2-1.parquet,Year 2022 sensor data for UP plot at MSM site,,2022-01-01,2022-12-31,'NA',MSM_2022
MSM_UP_2022_gw-ph_L2_v2-1.pdf,Plots of Jan 2022 sensor data for MSM-UP,,2022-01-01,2022-12-31,,MSM_2022
MSM_UP_2022_gw-ph-mv_L2_v2-1.parquet,Year 2022 sensor data for UP plot at MSM site,,2022-01-01,2022-12-31,'NA',MSM_2022
MSM_UP_2022_gw-ph-mv_L2_v2-1.pdf,Plots of Jan 2022 sensor data for MSM-UP,,2022-01-01,2022-12-31,,MSM_2022
MSM_UP_2022_gw-ph-orp_L2_v2-1.parquet,Year 2022 sensor data for UP plot at MSM site,,2022-01-01,2022-12-31,'NA',MSM_2022
MSM_UP_2022_gw-ph-orp_L2_v2-1.pdf,Plots of Jan 2022 sensor data for MSM-UP,,2022-01-01,2022-12-31,,MSM_2022
MSM_UP_2022_gw-pressure-vented_L2_v2-1.parquet,Year 2022 sensor data for UP plot at MSM site,,2022-01-01,2022-12-31,'NA',MSM_2022
MSM_UP_2022_gw-pressure-vented_L2_v2-1.pdf,Plots of Jan 2022 sensor data for MSM-UP,,2022-01-01,2022-12-31,,MSM_2022
MSM_UP_2022_gw-rdo-conc_L2_v2-1.parquet,Year 2022 sensor data for UP plot at MSM site,,2022-01-01,2022-12-31,'NA',MSM_2022
MSM_UP_2022_gw-rdo-conc_L2_v2-1.pdf,Plots of Jan 2022 sensor data for MSM-UP,,2022-01-01,2022-12-31,,MSM_2022
MSM_UP_2022_gw-resistivity_L2_v2-1.parquet,Year 2022 sensor data for UP plot at MSM site,,2022-01-01,2022-12-31,'NA',MSM_2022
MSM_UP_2022_gw-resistivity_L2_v2-1.pdf,Plots of Jan 2022 sensor data for MSM-UP,,2022-01-01,2022-12-31,,MSM_2022
MSM_UP_2022_gw-salinity_L2_v2-1.parquet,Year 2022 sensor data for UP plot at MSM site,,2022-01-01,2022-12-31,'NA',MSM_2022
MSM_UP_2022_gw-salinity_L2_v2-1.pdf,Plots of Jan 2022 sensor data for MSM-UP,,2022-01-01,2022-12-31,,MSM_2022
MSM_UP_2022_gw-spec-cond_L2_v2-1.parquet,Year 2022 sensor data for UP plot at MSM site,,2022-01-01,2022-12-31,'NA',MSM_2022
MSM_UP_2022_gw-spec-cond_L2_v2-1.pdf,Plots of Jan 2022 sensor data for MSM-UP,,2022-01-01,2022-12-31,,MSM_2022
MSM_UP_2022_gw-tds_L2_v2-1.parquet,Year 2022 sensor data for UP plot at MSM site,,2022-01-01,2022-12-31,'NA',MSM_2022
MSM_UP_2022_gw-tds_L2_v2-1.pdf,Plots of Jan 2022 sensor data for MSM-UP,,2022-01-01,2022-12-31,,MSM_2022
MSM_UP_2022_gw-temperature_L2_v2-1.parquet,Year 2022 sensor data for UP plot at MSM site,,2022-01-01,2022-12-31,'NA',MSM_2022
MSM_UP_2022_gw-temperature_L2_v2-1.pdf,Plots of Jan 2022 sensor data for MSM-UP,,2022-01-01,2022-12-31,,MSM_2022
MSM_UP_2022_gw-voltage-ext_L2_v2-1.parquet,Year 2022 sensor data for UP plot at MSM site,,2022-01-01,2022-12-31,'NA',MSM_2022
MSM_UP_2022_gw-voltage-ext_L2_v2-1.pdf,Plots of Jan 2022 sensor data for MSM-UP,,2022-01-01,2022-12-31,,MSM_2022
MSM_UP_2022_gw-wl-below-surface_L2_v2-1.parquet,Year 2022 sensor data for UP plot at MSM site,,2022-01-01,2022-12-31,'NA',MSM_2022
MSM_UP_2022_gw-wl-below-surface_L2_v2-1.pdf,Plots of Jan 2022 sensor data for MSM-UP,,2022-01-01,2022-12-31,,MSM_2022
MSM_UP_2022_sapflow-3.5cm_L2_v2-1.parquet,Year 2022 sensor data for UP plot at MSM site,,2022-01-01,2022-12-31,'NA',MSM_2022
MSM_UP_2022_sapflow-3.5cm_L2_v2-1.pdf,Plots of Jan 2022 sensor data for MSM-UP,,2022-01-01,2022-12-31,,MSM_2022
MSM_UP_2022_sapflow-5cm_L2_v2-1.parquet,Year 2022 sensor data for UP plot at MSM site,,2022-01-01,2022-12-31,'NA',MSM_2022
MSM_UP_2022_sapflow-5cm_L2_v2-1.pdf,Plots of Jan 2022 sensor data for MSM-UP,,2022-01-01,2022-12-31,,MSM_2022
MSM_UP_2022_soil-EC-10cm_L2_v2-1.parquet,Year 2022 sensor data for UP plot at MSM site,,2022-01-01,2022-12-31,'NA',MSM_2022
MSM_UP_2022_soil-EC-10cm_L2_v2-1.pdf,Plots of Jan 2022 sensor data for MSM-UP,,2022-01-01,2022-12-31,,MSM_2022
MSM_UP_2022_soil-EC-30cm_L2_v2-1.parquet,Year 2022 sensor data for UP plot at MSM site,,2022-01-01,2022-12-31,'NA',MSM_2022
MSM_UP_2022_soil-EC-30cm_L2_v2-1.pdf,Plots of Jan 2022 sensor data for MSM-UP,,2022-01-01,2022-12-31,,MSM_2022
MSM_UP_2022_soil-salinity-10cm_L2_v2-1.parquet,Year 2022 sensor data for UP plot at MSM site,,2022-01-01,2022-12-31,'NA',MSM_2022
MSM_UP_2022_soil-salinity-10cm_L2_v2-1.pdf,Plots of Jan 2022 sensor data for MSM-UP,,2022-01-01,2022-12-31,,MSM_2022
MSM_UP_2022_soil-salinity-30cm_L2_v2-1.parquet,Year 2022 sensor data for UP plot at MSM site,,2022-01-01,2022-12-31,'NA',MSM_2022
MSM_UP_2022_soil-salinity-30cm_L2_v2-1.pdf,Plots of Jan 2022 sensor data for MSM-UP,,2022-01-01,2022-12-31,,MSM_2022
MSM_UP_2022_soil-temp-10cm_L2_v2-1.parquet,Year 2022 sensor data for UP plot at MSM site,,2022-01-01,2022-12-31,'NA',MSM_2022
MSM_UP_2022_soil-temp-10cm_L2_v2-1.pdf,Plots of Jan 2022 sensor data for MSM-UP,,2022-01-01,2022-12-31,,MSM_2022
MSM_UP_2022_soil-temp-30cm_L2_v2-1.parquet,Year 2022 sensor data for UP plot at MSM site,,2022-01-01,2022-12-31,'NA',MSM_2022
MSM_UP_2022_soil-temp-30cm_L2_v2-1.pdf,Plots of Jan 2022 sensor data for MSM-UP,,2022-01-01,2022-12-31,,MSM_2022
MSM_UP_2022_soil-vwc-10cm_L2_v2-1.parquet,Year 2022 sensor data for UP plot at MSM site,,2022-01-01,2022-12-31,'NA',MSM_2022
MSM_UP_2022_soil-vwc-10cm_L2_v2-1.pdf,Plots of Jan 2022 sensor data for MSM-UP,,2022-01-01,2022-12-31,,MSM_2022
MSM_UP_2022_soil-vwc-30cm_L2_v2-1.parquet,Year 2022 sensor data for UP plot at MSM site,,2022-01-01,2022-12-31,'NA',MSM_2022
MSM_UP_2022_soil-vwc-30cm_L2_v2-1.pdf,Plots of Jan 2022 sensor data for MSM-UP,,2022-01-01,2022-12-31,,MSM_2022
MSM_W_2022_battery-voltage_L2_v2-1.parquet,Year 2022 sensor data for W plot at MSM site,,2022-01-01,2022-12-31,'NA',MSM_2022
MSM_W_2022_battery-voltage_L2_v2-1.pdf,Plots of Jan 2022 sensor data for MSM-W,,2022-01-01,2022-12-31,,MSM_2022
MSM_W_2022_gw-act-cond_L2_v2-1.parquet,Year 2022 sensor data for W plot at MSM site,,2022-01-01,2022-12-31,'NA',MSM_2022
MSM_W_2022_gw-act-cond_L2_v2-1.pdf,Plots of Jan 2022 sensor data for MSM-W,,2022-01-01,2022-12-31,,MSM_2022
MSM_W_2022_gw-bar-pressure_L2_v2-1.parquet,Year 2022 sensor data for W plot at MSM site,,2022-01-01,2022-12-31,'NA',MSM_2022
MSM_W_2022_gw-bar-pressure_L2_v2-1.pdf,Plots of Jan 2022 sensor data for MSM-W,,2022-01-01,2022-12-31,,MSM_2022
MSM_W_2022_gw-battery_L2_v2-1.parquet,Year 2022 sensor data for W plot at MSM site,,2022-01-01,2022-12-31,'NA',MSM_2022
MSM_W_2022_gw-battery_L2_v2-1.pdf,Plots of Jan 2022 sensor data for MSM-W,,2022-01-01,2022-12-31,,MSM_2022
MSM_W_2022_gw-density_L2_v2-1.parquet,Year 2022 sensor data for W plot at MSM site,,2022-01-01,2022-12-31,'NA',MSM_2022
MSM_W_2022_gw-density_L2_v2-1.pdf,Plots of Jan 2022 sensor data for MSM-W,,2022-01-01,2022-12-31,,MSM_2022
MSM_W_2022_gw-depth_L2_v2-1.parquet,Year 2022 sensor data for W plot at MSM site,,2022-01-01,2022-12-31,'NA',MSM_2022
MSM_W_2022_gw-depth_L2_v2-1.pdf,Plots of Jan 2022 sensor data for MSM-W,,2022-01-01,2022-12-31,,MSM_2022
MSM_W_2022_gw-part-pressure_L2_v2-1.parquet,Year 2022 sensor data for W plot at MSM site,,2022-01-01,2022-12-31,'NA',MSM_2022
MSM_W_2022_gw-part-pressure_L2_v2-1.pdf,Plots of Jan 2022 sensor data for MSM-W,,2022-01-01,2022-12-31,,MSM_2022
MSM_W_2022_gw-perc-sat_L2_v2-1.parquet,Year 2022 sensor data for W plot at MSM site,,2022-01-01,2022-12-31,'NA',MSM_2022
MSM_W_2022_gw-perc-sat_L2_v2-1.pdf,Plots of Jan 2022 sensor data for MSM-W,,2022-01-01,2022-12-31,,MSM_2022
MSM_W_2022_gw-ph_L2_v2-1.parquet,Year 2022 sensor data for W plot at MSM site,,2022-01-01,2022-12-31,'NA',MSM_2022
MSM_W_2022_gw-ph_L2_v2-1.pdf,Plots of Jan 2022 sensor data for MSM-W,,2022-01-01,2022-12-31,,MSM_2022
MSM_W_2022_gw-ph-mv_L2_v2-1.parquet,Year 2022 sensor data for W plot at MSM site,,2022-01-01,2022-12-31,'NA',MSM_2022
MSM_W_2022_gw-ph-mv_L2_v2-1.pdf,Plots of Jan 2022 sensor data for MSM-W,,2022-01-01,2022-12-31,,MSM_2022
MSM_W_2022_gw-ph-orp_L2_v2-1.parquet,Year 2022 sensor data for W plot at MSM site,,2022-01-01,2022-12-31,'NA',MSM_2022
MSM_W_2022_gw-ph-orp_L2_v2-1.pdf,Plots of Jan 2022 sensor data for MSM-W,,2022-01-01,2022-12-31,,MSM_2022
MSM_W_2022_gw-pressure-vented_L2_v2-1.parquet,Year 2022 sensor data for W plot at MSM site,,2022-01-01,2022-12-31,'NA',MSM_2022
MSM_W_2022_gw-pressure-vented_L2_v2-1.pdf,Plots of Jan 2022 sensor data for MSM-W,,2022-01-01,2022-12-31,,MSM_2022
MSM_W_2022_gw-rdo-conc_L2_v2-1.parquet,Year 2022 sensor data for W plot at MSM site,,2022-01-01,2022-12-31,'NA',MSM_2022
MSM_W_2022_gw-rdo-conc_L2_v2-1.pdf,Plots of Jan 2022 sensor data for MSM-W,,2022-01-01,2022-12-31,,MSM_2022
MSM_W_2022_gw-resistivity_L2_v2-1.parquet,Year 2022 sensor data for W plot at MSM site,,2022-01-01,2022-12-31,'NA',MSM_2022
MSM_W_2022_gw-resistivity_L2_v2-1.pdf,Plots of Jan 2022 sensor data for MSM-W,,2022-01-01,2022-12-31,,MSM_2022
MSM_W_2022_gw-salinity_L2_v2-1.parquet,Year 2022 sensor data for W plot at MSM site,,2022-01-01,2022-12-31,'NA',MSM_2022
MSM_W_2022_gw-salinity_L2_v2-1.pdf,Plots of Jan 2022 sensor data for MSM-W,,2022-01-01,2022-12-31,,MSM_2022
MSM_W_2022_gw-spec-cond_L2_v2-1.parquet,Year 2022 sensor data for W plot at MSM site,,2022-01-01,2022-12-31,'NA',MSM_2022
MSM_W_2022_gw-spec-cond_L2_v2-1.pdf,Plots of Jan 2022 sensor data for MSM-W,,2022-01-01,2022-12-31,,MSM_2022
MSM_W_2022_gw-tds_L2_v2-1.parquet,Year 2022 sensor data for W plot at MSM site,,2022-01-01,2022-12-31,'NA',MSM_2022
MSM_W_2022_gw-tds_L2_v2-1.pdf,Plots of Jan 2022 sensor data for MSM-W,,2022-01-01,2022-12-31,,MSM_2022
MSM_W_2022_gw-temperature_L2_v2-1.parquet,Year 2022 sensor data for W plot at MSM site,,2022-01-01,2022-12-31,'NA',MSM_2022
MSM_W_2022_gw-temperature_L2_v2-1.pdf,Plots of Jan 2022 sensor data for MSM-W,,2022-01-01,2022-12-31,,MSM_2022
MSM_W_2022_gw-voltage-ext_L2_v2-1.parquet,Year 2022 sensor data for W plot at MSM site,,2022-01-01,2022-12-31,'NA',MSM_2022
MSM_W_2022_gw-voltage-ext_L2_v2-1.pdf,Plots of Jan 2022 sensor data for MSM-W,,2022-01-01,2022-12-31,,MSM_2022
MSM_W_2022_gw-wl-below-surface_L2_v2-1.parquet,Year 2022 sensor data for W plot at MSM site,,2022-01-01,2022-12-31,'NA',MSM_2022
MSM_W_2022_gw-wl-below-surface_L2_v2-1.pdf,Plots of Jan 2022 sensor data for MSM-W,,2022-01-01,2022-12-31,,MSM_2022
MSM_W_2022_soil-EC-10cm_L2_v2-1.parquet,Year 2022 sensor data for W plot at MSM site,,2022-01-01,2022-12-31,'NA',MSM_2022
MSM_W_2022_soil-EC-10cm_L2_v2-1.pdf,Plots of Jan 2022 sensor data for MSM-W,,2022-01-01,2022-12-31,,MSM_2022
MSM_W_2022_soil-EC-30cm_L2_v2-1.parquet,Year 2022 sensor data for W plot at MSM site,,2022-01-01,2022-12-31,'NA',MSM_2022
MSM_W_2022_soil-EC-30cm_L2_v2-1.pdf,Plots of Jan 2022 sensor data for MSM-W,,2022-01-01,2022-12-31,,MSM_2022
MSM_W_2022_soil-salinity-10cm_L2_v2-1.parquet,Year 2022 sensor data for W plot at MSM site,,2022-01-01,2022-12-31,'NA',MSM_2022
MSM_W_2022_soil-salinity-10cm_L2_v2-1.pdf,Plots of Jan 2022 sensor data for MSM-W,,2022-01-01,2022-12-31,,MSM_2022
MSM_W_2022_soil-salinity-30cm_L2_v2-1.parquet,Year 2022 sensor data for W plot at MSM site,,2022-01-01,2022-12-31,'NA',MSM_2022
MSM_W_2022_soil-salinity-30cm_L2_v2-1.pdf,Plots of Jan 2022 sensor data for MSM-W,,2022-01-01,2022-12-31,,MSM_2022
MSM_W_2022_soil-temp-10cm_L2_v2-1.parquet,Year 2022 sensor data for W plot at MSM site,,2022-01-01,2022-12-31,'NA',MSM_2022
MSM_W_2022_soil-temp-10cm_L2_v2-1.pdf,Plots of Jan 2022 sensor data for MSM-W,,2022-01-01,2022-12-31,,MSM_2022
MSM_W_2022_soil-temp-30cm_L2_v2-1.parquet,Year 2022 sensor data for W plot at MSM site,,2022-01-01,2022-12-31,'NA',MSM_2022
MSM_W_2022_soil-temp-30cm_L2_v2-1.pdf,Plots of Jan 2022 sensor data for MSM-W,,2022-01-01,2022-12-31,,MSM_2022
MSM_W_2022_soil-vwc-10cm_L2_v2-1.parquet,Year 2022 sensor data for W plot at MSM site,,2022-01-01,2022-12-31,'NA',MSM_2022
MSM_W_2022_soil-vwc-10cm_L2_v2-1.pdf,Plots of Jan 2022 sensor data for MSM-W,,2022-01-01,2022-12-31,,MSM_2022
MSM_W_2022_soil-vwc-30cm_L2_v2-1.parquet,Year 2022 sensor data for W plot at MSM site,,2022-01-01,2022-12-31,'NA',MSM_2022
MSM_W_2022_soil-vwc-30cm_L2_v2-1.pdf,Plots of Jan 2022 sensor data for MSM-W,,2022-01-01,2022-12-31,,MSM_2022
MSM_W_2022_wx-barpress15_L2_v2-1.parquet,Year 2022 sensor data for W plot at MSM site,,2022-01-01,2022-12-31,'NA',MSM_2022
MSM_W_2022_wx-barpress15_L2_v2-1.pdf,Plots of Jan 2022 sensor data for MSM-W,,2022-01-01,2022-12-31,,MSM_2022
MSM_W_2022_wx-bpmax15_L2_v2-1.parquet,Year 2022 sensor data for W plot at MSM site,,2022-01-01,2022-12-31,'NA',MSM_2022
MSM_W_2022_wx-bpmax15_L2_v2-1.pdf,Plots of Jan 2022 sensor data for MSM-W,,2022-01-01,2022-12-31,,MSM_2022
MSM_W_2022_wx-bpmin15_L2_v2-1.parquet,Year 2022 sensor data for W plot at MSM site,,2022-01-01,2022-12-31,'NA',MSM_2022
MSM_W_2022_wx-bpmin15_L2_v2-1.pdf,Plots of Jan 2022 sensor data for MSM-W,,2022-01-01,2022-12-31,,MSM_2022
MSM_W_2022_wx-dist-min15_L2_v2-1.parquet,Year 2022 sensor data for W plot at MSM site,,2022-01-01,2022-12-31,'NA',MSM_2022
MSM_W_2022_wx-dist-min15_L2_v2-1.pdf,Plots of Jan 2022 sensor data for MSM-W,,2022-01-01,2022-12-31,,MSM_2022
MSM_W_2022_wx-invalid-wind15_L2_v2-1.parquet,Year 2022 sensor data for W plot at MSM site,,2022-01-01,2022-12-31,'NA',MSM_2022
MSM_W_2022_wx-invalid-wind15_L2_v2-1.pdf,Plots of Jan 2022 sensor data for MSM-W,,2022-01-01,2022-12-31,,MSM_2022
MSM_W_2022_wx-maxws15_L2_v2-1.parquet,Year 2022 sensor data for W plot at MSM site,,2022-01-01,2022-12-31,'NA',MSM_2022
MSM_W_2022_wx-maxws15_L2_v2-1.pdf,Plots of Jan 2022 sensor data for MSM-W,,2022-01-01,2022-12-31,,MSM_2022
MSM_W_2022_wx-maxws24_L2_v2-1.parquet,Year 2022 sensor data for W plot at MSM site,,2022-01-01,2022-12-31,'NA',MSM_2022
MSM_W_2022_wx-maxws24_L2_v2-1.pdf,Plots of Jan 2022 sensor data for MSM-W,,2022-01-01,2022-12-31,,MSM_2022
MSM_W_2022_wx-par-den15_L2_v2-1.parquet,Year 2022 sensor data for W plot at MSM site,,2022-01-01,2022-12-31,'NA',MSM_2022
MSM_W_2022_wx-par-den15_L2_v2-1.pdf,Plots of Jan 2022 sensor data for MSM-W,,2022-01-01,2022-12-31,,MSM_2022
MSM_W_2022_wx-par-den24_L2_v2-1.parquet,Year 2022 sensor data for W plot at MSM site,,2022-01-01,2022-12-31,'NA',MSM_2022
MSM_W_2022_wx-par-den24_L2_v2-1.pdf,Plots of Jan 2022 sensor data for MSM-W,,2022-01-01,2022-12-31,,MSM_2022
MSM_W_2022_wx-par-tot15_L2_v2-1.parquet,Year 2022 sensor data for W plot at MSM site,,2022-01-01,2022-12-31,'NA',MSM_2022
MSM_W_2022_wx-par-tot15_L2_v2-1.pdf,Plots of Jan 2022 sensor data for MSM-W,,2022-01-01,2022-12-31,,MSM_2022
MSM_W_2022_wx-par-tot24_L2_v2-1.parquet,Year 2022 sensor data for W plot at MSM site,,2022-01-01,2022-12-31,'NA',MSM_2022
MSM_W_2022_wx-par-tot24_L2_v2-1.pdf,Plots of Jan 2022 sensor data for MSM-W,,2022-01-01,2022-12-31,,MSM_2022
MSM_W_2022_wx-rain15_L2_v2-1.parquet,Year 2022 sensor data for W plot at MSM site,,2022-01-01,2022-12-31,'NA',MSM_2022
MSM_W_2022_wx-rain15_L2_v2-1.pdf,Plots of Jan 2022 sensor data for MSM-W,,2022-01-01,2022-12-31,,MSM_2022
MSM_W_2022_wx-rain24_L2_v2-1.parquet,Year 2022 sensor data for W plot at MSM site,,2022-01-01,2022-12-31,'NA',MSM_2022
MSM_W_2022_wx-rain24_L2_v2-1.pdf,Plots of Jan 2022 sensor data for MSM-W,,2022-01-01,2022-12-31,,MSM_2022
MSM_W_2022_wx-rh15_L2_v2-1.parquet,Year 2022 sensor data for W plot at MSM site,,2022-01-01,2022-12-31,'NA',MSM_2022
MSM_W_2022_wx-rh15_L2_v2-1.pdf,Plots of Jan 2022 sensor data for MSM-W,,2022-01-01,2022-12-31,,MSM_2022
MSM_W_2022_wx-rh24_L2_v2-1.parquet,Year 2022 sensor data for W plot at MSM site,,2022-01-01,2022-12-31,'NA',MSM_2022
MSM_W_2022_wx-rh24_L2_v2-1.pdf,Plots of Jan 2022 sensor data for MSM-W,,2022-01-01,2022-12-31,,MSM_2022
MSM_W_2022_wx-rht24_L2_v2-1.parquet,Year 2022 sensor data for W plot at MSM site,,2022-01-01,2022-12-31,'NA',MSM_2022
MSM_W_2022_wx-rht24_L2_v2-1.pdf,Plots of Jan 2022 sensor data for MSM-W,,2022-01-01,2022-12-31,,MSM_2022
MSM_W_2022_wx-rhtmax24_L2_v2-1.parquet,Year 2022 sensor data for W plot at MSM site,,2022-01-01,2022-12-31,'NA',MSM_2022
MSM_W_2022_wx-rhtmax24_L2_v2-1.pdf,Plots of Jan 2022 sensor data for MSM-W,,2022-01-01,2022-12-31,,MSM_2022
MSM_W_2022_wx-rhtmin24_L2_v2-1.parquet,Year 2022 sensor data for W plot at MSM site,,2022-01-01,2022-12-31,'NA',MSM_2022
MSM_W_2022_wx-rhtmin24_L2_v2-1.pdf,Plots of Jan 2022 sensor data for MSM-W,,2022-01-01,2022-12-31,,MSM_2022
MSM_W_2022_wx-slr-fd15_L2_v2-1.parquet,Year 2022 sensor data for W plot at MSM site,,2022-01-01,2022-12-31,'NA',MSM_2022
MSM_W_2022_wx-slr-fd15_L2_v2-1.pdf,Plots of Jan 2022 sensor data for MSM-W,,2022-01-01,2022-12-31,,MSM_2022
MSM_W_2022_wx-slr-fd24_L2_v2-1.parquet,Year 2022 sensor data for W plot at MSM site,,2022-01-01,2022-12-31,'NA',MSM_2022
MSM_W_2022_wx-slr-fd24_L2_v2-1.pdf,Plots of Jan 2022 sensor data for MSM-W,,2022-01-01,2022-12-31,,MSM_2022
MSM_W_2022_wx-slr-tf15_L2_v2-1.parquet,Year 2022 sensor data for W plot at MSM site,,2022-01-01,2022-12-31,'NA',MSM_2022
MSM_W_2022_wx-slr-tf15_L2_v2-1.pdf,Plots of Jan 2022 sensor data for MSM-W,,2022-01-01,2022-12-31,,MSM_2022
MSM_W_2022_wx-slr-tf24_L2_v2-1.parquet,Year 2022 sensor data for W plot at MSM site,,2022-01-01,2022-12-31,'NA',MSM_2022
MSM_W_2022_wx-slr-tf24_L2_v2-1.pdf,Plots of Jan 2022 sensor data for MSM-W,,2022-01-01,2022-12-31,,MSM_2022
MSM_W_2022_wx-strikes15_L2_v2-1.parquet,Year 2022 sensor data for W plot at MSM site,,2022-01-01,2022-12-31,'NA',MSM_2022
MSM_W_2022_wx-strikes15_L2_v2-1.pdf,Plots of Jan 2022 sensor data for MSM-W,,2022-01-01,2022-12-31,,MSM_2022
MSM_W_2022_wx-tempavg15_L2_v2-1.parquet,Year 2022 sensor data for W plot at MSM site,,2022-01-01,2022-12-31,'NA',MSM_2022
MSM_W_2022_wx-tempavg15_L2_v2-1.pdf,Plots of Jan 2022 sensor data for MSM-W,,2022-01-01,2022-12-31,,MSM_2022
MSM_W_2022_wx-tempavg24_L2_v2-1.parquet,Year 2022 sensor data for W plot at MSM site,,2022-01-01,2022-12-31,'NA',MSM_2022
MSM_W_2022_wx-tempavg24_L2_v2-1.pdf,Plots of Jan 2022 sensor data for MSM-W,,2022-01-01,2022-12-31,,MSM_2022
MSM_W_2022_wx-tempmax15_L2_v2-1.parquet,Year 2022 sensor data for W plot at MSM site,,2022-01-01,2022-12-31,'NA',MSM_2022
MSM_W_2022_wx-tempmax15_L2_v2-1.pdf,Plots of Jan 2022 sensor data for MSM-W,,2022-01-01,2022-12-31,,MSM_2022
MSM_W_2022_wx-tempmax24_L2_v2-1.parquet,Year 2022 sensor data for W plot at MSM site,,2022-01-01,2022-12-31,'NA',MSM_2022
MSM_W_2022_wx-tempmax24_L2_v2-1.pdf,Plots of Jan 2022 sensor data for MSM-W,,2022-01-01,2022-12-31,,MSM_2022
MSM_W_2022_wx-tempmin15_L2_v2-1.parquet,Year 2022 sensor data for W plot at MSM site,,2022-01-01,2022-12-31,'NA',MSM_2022
MSM_W_2022_wx-tempmin15_L2_v2-1.pdf,Plots of Jan 2022 sensor data for MSM-W,,2022-01-01,2022-12-31,,MSM_2022
MSM_W_2022_wx-tempmin24_L2_v2-1.parquet,Year 2022 sensor data for W plot at MSM site,,2022-01-01,2022-12-31,'NA',MSM_2022
MSM_W_2022_wx-tempmin24_L2_v2-1.pdf,Plots of Jan 2022 sensor data for MSM-W,,2022-01-01,2022-12-31,,MSM_2022
MSM_W_2022_wx-tilt-ns15_L2_v2-1.parquet,Year 2022 sensor data for W plot at MSM site,,2022-01-01,2022-12-31,'NA',MSM_2022
MSM_W_2022_wx-tilt-ns15_L2_v2-1.pdf,Plots of Jan 2022 sensor data for MSM-W,,2022-01-01,2022-12-31,,MSM_2022
MSM_W_2022_wx-tilt-ns24_L2_v2-1.parquet,Year 2022 sensor data for W plot at MSM site,,2022-01-01,2022-12-31,'NA',MSM_2022
MSM_W_2022_wx-tilt-ns24_L2_v2-1.pdf,Plots of Jan 2022 sensor data for MSM-W,,2022-01-01,2022-12-31,,MSM_2022
MSM_W_2022_wx-tilt-we15_L2_v2-1.parquet,Year 2022 sensor data for W plot at MSM site,,2022-01-01,2022-12-31,'NA',MSM_2022
MSM_W_2022_wx-tilt-we15_L2_v2-1.pdf,Plots of Jan 2022 sensor data for MSM-W,,2022-01-01,2022-12-31,,MSM_2022
MSM_W_2022_wx-tilt-we24_L2_v2-1.parquet,Year 2022 sensor data for W plot at MSM site,,2022-01-01,2022-12-31,'NA',MSM_2022
MSM_W_2022_wx-tilt-we24_L2_v2-1.pdf,Plots of Jan 2022 sensor data for MSM-W,,2022-01-01,2022-12-31,,MSM_2022
MSM_W_2022_wx-vappress15_L2_v2-1.parquet,Year 2022 sensor data for W plot at MSM site,,2022-01-01,2022-12-31,'NA',MSM_2022
MSM_W_2022_wx-vappress15_L2_v2-1.pdf,Plots of Jan 2022 sensor data for MSM-W,,2022-01-01,2022-12-31,,MSM_2022
MSM_W_2022_wx-vappress24_L2_v2-1.parquet,Year 2022 sensor data for W plot at MSM site,,2022-01-01,2022-12-31,'NA',MSM_2022
MSM_W_2022_wx-vappress24_L2_v2-1.pdf,Plots of Jan 2022 sensor data for MSM-W,,2022-01-01,2022-12-31,,MSM_2022
MSM_W_2022_wx-winddir-sd115_L2_v2-1.parquet,Year 2022 sensor data for W plot at MSM site,,2022-01-01,2022-12-31,'NA',MSM_2022
MSM_W_2022_wx-winddir-sd115_L2_v2-1.pdf,Plots of Jan 2022 sensor data for MSM-W,,2022-01-01,2022-12-31,,MSM_2022
MSM_W_2022_wx-winddir15_L2_v2-1.parquet,Year 2022 sensor data for W plot at MSM site,,2022-01-01,2022-12-31,'NA',MSM_2022
MSM_W_2022_wx-winddir15_L2_v2-1.pdf,Plots of Jan 2022 sensor data for MSM-W,,2022-01-01,2022-12-31,,MSM_2022
MSM_W_2022_wx-winderrors24_L2_v2-1.parquet,Year 2022 sensor data for W plot at MSM site,,2022-01-01,2022-12-31,'NA',MSM_2022
MSM_W_2022_wx-winderrors24_L2_v2-1.pdf,Plots of Jan 2022 sensor data for MSM-W,,2022-01-01,2022-12-31,,MSM_2022
MSM_W_2022_wx-windspeed15_L2_v2-1.parquet,Year 2022 sensor data for W plot at MSM site,,2022-01-01,2022-12-31,'NA',MSM_2022
MSM_W_2022_wx-windspeed15_L2_v2-1.pdf,Plots of Jan 2022 sensor data for MSM-W,,2022-01-01,2022-12-31,,MSM_2022
MSM_2023_L2_v2-1_metadata.txt,Metadata for all data files in MSM_2023 folder,,,,,MSM_2023
MSM_OW_2023_battery-voltage_L2_v2-1.parquet,Year 2023 sensor data for OW plot at MSM site,,2023-01-01,2023-12-31,'NA',MSM_2023
MSM_OW_2023_battery-voltage_L2_v2-1.pdf,Plots of Jan 2023 sensor data for MSM-OW,,2023-01-01,2023-12-31,,MSM_2023
MSM_OW_2023_solar-voltage_L2_v2-1.parquet,Year 2023 sensor data for OW plot at MSM site,,2023-01-01,2023-12-31,'NA',MSM_2023
MSM_OW_2023_solar-voltage_L2_v2-1.pdf,Plots of Jan 2023 sensor data for MSM-OW,,2023-01-01,2023-12-31,,MSM_2023
MSM_OW_2023_sonde-cable_L2_v2-1.parquet,Year 2023 sensor data for OW plot at MSM site,,2023-01-01,2023-12-31,'NA',MSM_2023
MSM_OW_2023_sonde-cable_L2_v2-1.pdf,Plots of Jan 2023 sensor data for MSM-OW,,2023-01-01,2023-12-31,,MSM_2023
MSM_OW_2023_sonde-conductivity_L2_v2-1.parquet,Year 2023 sensor data for OW plot at MSM site,,2023-01-01,2023-12-31,'NA',MSM_2023
MSM_OW_2023_sonde-conductivity_L2_v2-1.pdf,Plots of Jan 2023 sensor data for MSM-OW,,2023-01-01,2023-12-31,,MSM_2023
MSM_OW_2023_sonde-fdom_L2_v2-1.parquet,Year 2023 sensor data for OW plot at MSM site,,2023-01-01,2023-12-31,'NA',MSM_2023
MSM_OW_2023_sonde-fdom_L2_v2-1.pdf,Plots of Jan 2023 sensor data for MSM-OW,,2023-01-01,2023-12-31,,MSM_2023
MSM_OW_2023_sonde-fdom-rfu_L2_v2-1.parquet,Year 2023 sensor data for OW plot at MSM site,,2023-01-01,2023-12-31,'NA',MSM_2023
MSM_OW_2023_sonde-fdom-rfu_L2_v2-1.pdf,Plots of Jan 2023 sensor data for MSM-OW,,2023-01-01,2023-12-31,,MSM_2023
MSM_OW_2023_sonde-nlf-cond_L2_v2-1.parquet,Year 2023 sensor data for OW plot at MSM site,,2023-01-01,2023-12-31,'NA',MSM_2023
MSM_OW_2023_sonde-nlf-cond_L2_v2-1.pdf,Plots of Jan 2023 sensor data for MSM-OW,,2023-01-01,2023-12-31,,MSM_2023
MSM_OW_2023_sonde-odo-local_L2_v2-1.parquet,Year 2023 sensor data for OW plot at MSM site,,2023-01-01,2023-12-31,'NA',MSM_2023
MSM_OW_2023_sonde-odo-local_L2_v2-1.pdf,Plots of Jan 2023 sensor data for MSM-OW,,2023-01-01,2023-12-31,,MSM_2023
MSM_OW_2023_sonde-odo-mgl_L2_v2-1.parquet,Year 2023 sensor data for OW plot at MSM site,,2023-01-01,2023-12-31,'NA',MSM_2023
MSM_OW_2023_sonde-odo-mgl_L2_v2-1.pdf,Plots of Jan 2023 sensor data for MSM-OW,,2023-01-01,2023-12-31,,MSM_2023
MSM_OW_2023_sonde-odo-sat_L2_v2-1.parquet,Year 2023 sensor data for OW plot at MSM site,,2023-01-01,2023-12-31,'NA',MSM_2023
MSM_OW_2023_sonde-odo-sat_L2_v2-1.pdf,Plots of Jan 2023 sensor data for MSM-OW,,2023-01-01,2023-12-31,,MSM_2023
MSM_OW_2023_sonde-orp_L2_v2-1.parquet,Year 2023 sensor data for OW plot at MSM site,,2023-01-01,2023-12-31,'NA',MSM_2023
MSM_OW_2023_sonde-orp_L2_v2-1.pdf,Plots of Jan 2023 sensor data for MSM-OW,,2023-01-01,2023-12-31,,MSM_2023
MSM_OW_2023_sonde-ph_L2_v2-1.parquet,Year 2023 sensor data for OW plot at MSM site,,2023-01-01,2023-12-31,'NA',MSM_2023
MSM_OW_2023_sonde-ph_L2_v2-1.pdf,Plots of Jan 2023 sensor data for MSM-OW,,2023-01-01,2023-12-31,,MSM_2023
MSM_OW_2023_sonde-ph-mv_L2_v2-1.parquet,Year 2023 sensor data for OW plot at MSM site,,2023-01-01,2023-12-31,'NA',MSM_2023
MSM_OW_2023_sonde-ph-mv_L2_v2-1.pdf,Plots of Jan 2023 sensor data for MSM-OW,,2023-01-01,2023-12-31,,MSM_2023
MSM_OW_2023_sonde-pressure_L2_v2-1.parquet,Year 2023 sensor data for OW plot at MSM site,,2023-01-01,2023-12-31,'NA',MSM_2023
MSM_OW_2023_sonde-pressure_L2_v2-1.pdf,Plots of Jan 2023 sensor data for MSM-OW,,2023-01-01,2023-12-31,,MSM_2023
MSM_OW_2023_sonde-salinity_L2_v2-1.parquet,Year 2023 sensor data for OW plot at MSM site,,2023-01-01,2023-12-31,'NA',MSM_2023
MSM_OW_2023_sonde-salinity_L2_v2-1.pdf,Plots of Jan 2023 sensor data for MSM-OW,,2023-01-01,2023-12-31,,MSM_2023
MSM_OW_2023_sonde-spcond_L2_v2-1.parquet,Year 2023 sensor data for OW plot at MSM site,,2023-01-01,2023-12-31,'NA',MSM_2023
MSM_OW_2023_sonde-spcond_L2_v2-1.pdf,Plots of Jan 2023 sensor data for MSM-OW,,2023-01-01,2023-12-31,,MSM_2023
MSM_OW_2023_sonde-tds_L2_v2-1.parquet,Year 2023 sensor data for OW plot at MSM site,,2023-01-01,2023-12-31,'NA',MSM_2023
MSM_OW_2023_sonde-tds_L2_v2-1.pdf,Plots of Jan 2023 sensor data for MSM-OW,,2023-01-01,2023-12-31,,MSM_2023
MSM_OW_2023_sonde-temp_L2_v2-1.parquet,Year 2023 sensor data for OW plot at MSM site,,2023-01-01,2023-12-31,'NA',MSM_2023
MSM_OW_2023_sonde-temp_L2_v2-1.pdf,Plots of Jan 2023 sensor data for MSM-OW,,2023-01-01,2023-12-31,,MSM_2023
MSM_OW_2023_sonde-tss_L2_v2-1.parquet,Year 2023 sensor data for OW plot at MSM site,,2023-01-01,2023-12-31,'NA',MSM_2023
MSM_OW_2023_sonde-tss_L2_v2-1.pdf,Plots of Jan 2023 sensor data for MSM-OW,,2023-01-01,2023-12-31,,MSM_2023
MSM_OW_2023_sonde-turb-raw_L2_v2-1.parquet,Year 2023 sensor data for OW plot at MSM site,,2023-01-01,2023-12-31,'NA',MSM_2023
MSM_OW_2023_sonde-turb-raw_L2_v2-1.pdf,Plots of Jan 2023 sensor data for MSM-OW,,2023-01-01,2023-12-31,,MSM_2023
MSM_OW_2023_sonde-turbidity_L2_v2-1.parquet,Year 2023 sensor data for OW plot at MSM site,,2023-01-01,2023-12-31,'NA',MSM_2023
MSM_OW_2023_sonde-turbidity_L2_v2-1.pdf,Plots of Jan 2023 sensor data for MSM-OW,,2023-01-01,2023-12-31,,MSM_2023
MSM_OW_2023_sonde-vpos_L2_v2-1.parquet,Year 2023 sensor data for OW plot at MSM site,,2023-01-01,2023-12-31,'NA',MSM_2023
MSM_OW_2023_sonde-vpos_L2_v2-1.pdf,Plots of Jan 2023 sensor data for MSM-OW,,2023-01-01,2023-12-31,,MSM_2023
MSM_OW_2023_sonde-wipercur_L2_v2-1.parquet,Year 2023 sensor data for OW plot at MSM site,,2023-01-01,2023-12-31,'NA',MSM_2023
MSM_OW_2023_sonde-wipercur_L2_v2-1.pdf,Plots of Jan 2023 sensor data for MSM-OW,,2023-01-01,2023-12-31,,MSM_2023
MSM_OW_2023_sonde-wiperpos_L2_v2-1.parquet,Year 2023 sensor data for OW plot at MSM site,,2023-01-01,2023-12-31,'NA',MSM_2023
MSM_OW_2023_sonde-wiperpos_L2_v2-1.pdf,Plots of Jan 2023 sensor data for MSM-OW,,2023-01-01,2023-12-31,,MSM_2023
MSM_TR_2023_battery-voltage_L2_v2-1.parquet,Year 2023 sensor data for TR plot at MSM site,,2023-01-01,2023-12-31,'NA',MSM_2023
MSM_TR_2023_battery-voltage_L2_v2-1.pdf,Plots of Jan 2023 sensor data for MSM-TR,,2023-01-01,2023-12-31,,MSM_2023
MSM_TR_2023_gw-act-cond_L2_v2-1.parquet,Year 2023 sensor data for TR plot at MSM site,,2023-01-01,2023-12-31,'NA',MSM_2023
MSM_TR_2023_gw-act-cond_L2_v2-1.pdf,Plots of Jan 2023 sensor data for MSM-TR,,2023-01-01,2023-12-31,,MSM_2023
MSM_TR_2023_gw-bar-pressure_L2_v2-1.parquet,Year 2023 sensor data for TR plot at MSM site,,2023-01-01,2023-12-31,'NA',MSM_2023
MSM_TR_2023_gw-bar-pressure_L2_v2-1.pdf,Plots of Jan 2023 sensor data for MSM-TR,,2023-01-01,2023-12-31,,MSM_2023
MSM_TR_2023_gw-battery_L2_v2-1.parquet,Year 2023 sensor data for TR plot at MSM site,,2023-01-01,2023-12-31,'NA',MSM_2023
MSM_TR_2023_gw-battery_L2_v2-1.pdf,Plots of Jan 2023 sensor data for MSM-TR,,2023-01-01,2023-12-31,,MSM_2023
MSM_TR_2023_gw-density_L2_v2-1.parquet,Year 2023 sensor data for TR plot at MSM site,,2023-01-01,2023-12-31,'NA',MSM_2023
MSM_TR_2023_gw-density_L2_v2-1.pdf,Plots of Jan 2023 sensor data for MSM-TR,,2023-01-01,2023-12-31,,MSM_2023
MSM_TR_2023_gw-depth_L2_v2-1.parquet,Year 2023 sensor data for TR plot at MSM site,,2023-01-01,2023-12-31,'NA',MSM_2023
MSM_TR_2023_gw-depth_L2_v2-1.pdf,Plots of Jan 2023 sensor data for MSM-TR,,2023-01-01,2023-12-31,,MSM_2023
MSM_TR_2023_gw-part-pressure_L2_v2-1.parquet,Year 2023 sensor data for TR plot at MSM site,,2023-01-01,2023-12-31,'NA',MSM_2023
MSM_TR_2023_gw-part-pressure_L2_v2-1.pdf,Plots of Jan 2023 sensor data for MSM-TR,,2023-01-01,2023-12-31,,MSM_2023
MSM_TR_2023_gw-perc-sat_L2_v2-1.parquet,Year 2023 sensor data for TR plot at MSM site,,2023-01-01,2023-12-31,'NA',MSM_2023
MSM_TR_2023_gw-perc-sat_L2_v2-1.pdf,Plots of Jan 2023 sensor data for MSM-TR,,2023-01-01,2023-12-31,,MSM_2023
MSM_TR_2023_gw-ph_L2_v2-1.parquet,Year 2023 sensor data for TR plot at MSM site,,2023-01-01,2023-12-31,'NA',MSM_2023
MSM_TR_2023_gw-ph_L2_v2-1.pdf,Plots of Jan 2023 sensor data for MSM-TR,,2023-01-01,2023-12-31,,MSM_2023
MSM_TR_2023_gw-ph-mv_L2_v2-1.parquet,Year 2023 sensor data for TR plot at MSM site,,2023-01-01,2023-12-31,'NA',MSM_2023
MSM_TR_2023_gw-ph-mv_L2_v2-1.pdf,Plots of Jan 2023 sensor data for MSM-TR,,2023-01-01,2023-12-31,,MSM_2023
MSM_TR_2023_gw-ph-orp_L2_v2-1.parquet,Year 2023 sensor data for TR plot at MSM site,,2023-01-01,2023-12-31,'NA',MSM_2023
MSM_TR_2023_gw-ph-orp_L2_v2-1.pdf,Plots of Jan 2023 sensor data for MSM-TR,,2023-01-01,2023-12-31,,MSM_2023
MSM_TR_2023_gw-pressure-vented_L2_v2-1.parquet,Year 2023 sensor data for TR plot at MSM site,,2023-01-01,2023-12-31,'NA',MSM_2023
MSM_TR_2023_gw-pressure-vented_L2_v2-1.pdf,Plots of Jan 2023 sensor data for MSM-TR,,2023-01-01,2023-12-31,,MSM_2023
MSM_TR_2023_gw-rdo-conc_L2_v2-1.parquet,Year 2023 sensor data for TR plot at MSM site,,2023-01-01,2023-12-31,'NA',MSM_2023
MSM_TR_2023_gw-rdo-conc_L2_v2-1.pdf,Plots of Jan 2023 sensor data for MSM-TR,,2023-01-01,2023-12-31,,MSM_2023
MSM_TR_2023_gw-resistivity_L2_v2-1.parquet,Year 2023 sensor data for TR plot at MSM site,,2023-01-01,2023-12-31,'NA',MSM_2023
MSM_TR_2023_gw-resistivity_L2_v2-1.pdf,Plots of Jan 2023 sensor data for MSM-TR,,2023-01-01,2023-12-31,,MSM_2023
MSM_TR_2023_gw-salinity_L2_v2-1.parquet,Year 2023 sensor data for TR plot at MSM site,,2023-01-01,2023-12-31,'NA',MSM_2023
MSM_TR_2023_gw-salinity_L2_v2-1.pdf,Plots of Jan 2023 sensor data for MSM-TR,,2023-01-01,2023-12-31,,MSM_2023
MSM_TR_2023_gw-spec-cond_L2_v2-1.parquet,Year 2023 sensor data for TR plot at MSM site,,2023-01-01,2023-12-31,'NA',MSM_2023
MSM_TR_2023_gw-spec-cond_L2_v2-1.pdf,Plots of Jan 2023 sensor data for MSM-TR,,2023-01-01,2023-12-31,,MSM_2023
MSM_TR_2023_gw-tds_L2_v2-1.parquet,Year 2023 sensor data for TR plot at MSM site,,2023-01-01,2023-12-31,'NA',MSM_2023
MSM_TR_2023_gw-tds_L2_v2-1.pdf,Plots of Jan 2023 sensor data for MSM-TR,,2023-01-01,2023-12-31,,MSM_2023
MSM_TR_2023_gw-temperature_L2_v2-1.parquet,Year 2023 sensor data for TR plot at MSM site,,2023-01-01,2023-12-31,'NA',MSM_2023
MSM_TR_2023_gw-temperature_L2_v2-1.pdf,Plots of Jan 2023 sensor data for MSM-TR,,2023-01-01,2023-12-31,,MSM_2023
MSM_TR_2023_gw-voltage-ext_L2_v2-1.parquet,Year 2023 sensor data for TR plot at MSM site,,2023-01-01,2023-12-31,'NA',MSM_2023
MSM_TR_2023_gw-voltage-ext_L2_v2-1.pdf,Plots of Jan 2023 sensor data for MSM-TR,,2023-01-01,2023-12-31,,MSM_2023
MSM_TR_2023_gw-wl-below-surface_L2_v2-1.parquet,Year 2023 sensor data for TR plot at MSM site,,2023-01-01,2023-12-31,'NA',MSM_2023
MSM_TR_2023_gw-wl-below-surface_L2_v2-1.pdf,Plots of Jan 2023 sensor data for MSM-TR,,2023-01-01,2023-12-31,,MSM_2023
MSM_TR_2023_sapflow-3.5cm_L2_v2-1.parquet,Year 2023 sensor data for TR plot at MSM site,,2023-01-01,2023-12-31,'NA',MSM_2023
MSM_TR_2023_sapflow-3.5cm_L2_v2-1.pdf,Plots of Jan 2023 sensor data for MSM-TR,,2023-01-01,2023-12-31,,MSM_2023
MSM_TR_2023_sapflow-5cm_L2_v2-1.parquet,Year 2023 sensor data for TR plot at MSM site,,2023-01-01,2023-12-31,'NA',MSM_2023
MSM_TR_2023_sapflow-5cm_L2_v2-1.pdf,Plots of Jan 2023 sensor data for MSM-TR,,2023-01-01,2023-12-31,,MSM_2023
MSM_TR_2023_soil-EC-10cm_L2_v2-1.parquet,Year 2023 sensor data for TR plot at MSM site,,2023-01-01,2023-12-31,'NA',MSM_2023
MSM_TR_2023_soil-EC-10cm_L2_v2-1.pdf,Plots of Jan 2023 sensor data for MSM-TR,,2023-01-01,2023-12-31,,MSM_2023
MSM_TR_2023_soil-EC-30cm_L2_v2-1.parquet,Year 2023 sensor data for TR plot at MSM site,,2023-01-01,2023-12-31,'NA',MSM_2023
MSM_TR_2023_soil-EC-30cm_L2_v2-1.pdf,Plots of Jan 2023 sensor data for MSM-TR,,2023-01-01,2023-12-31,,MSM_2023
MSM_TR_2023_soil-salinity-10cm_L2_v2-1.parquet,Year 2023 sensor data for TR plot at MSM site,,2023-01-01,2023-12-31,'NA',MSM_2023
MSM_TR_2023_soil-salinity-10cm_L2_v2-1.pdf,Plots of Jan 2023 sensor data for MSM-TR,,2023-01-01,2023-12-31,,MSM_2023
MSM_TR_2023_soil-salinity-30cm_L2_v2-1.parquet,Year 2023 sensor data for TR plot at MSM site,,2023-01-01,2023-12-31,'NA',MSM_2023
MSM_TR_2023_soil-salinity-30cm_L2_v2-1.pdf,Plots of Jan 2023 sensor data for MSM-TR,,2023-01-01,2023-12-31,,MSM_2023
MSM_TR_2023_soil-temp-10cm_L2_v2-1.parquet,Year 2023 sensor data for TR plot at MSM site,,2023-01-01,2023-12-31,'NA',MSM_2023
MSM_TR_2023_soil-temp-10cm_L2_v2-1.pdf,Plots of Jan 2023 sensor data for MSM-TR,,2023-01-01,2023-12-31,,MSM_2023
MSM_TR_2023_soil-temp-30cm_L2_v2-1.parquet,Year 2023 sensor data for TR plot at MSM site,,2023-01-01,2023-12-31,'NA',MSM_2023
MSM_TR_2023_soil-temp-30cm_L2_v2-1.pdf,Plots of Jan 2023 sensor data for MSM-TR,,2023-01-01,2023-12-31,,MSM_2023
MSM_TR_2023_soil-vwc-10cm_L2_v2-1.parquet,Year 2023 sensor data for TR plot at MSM site,,2023-01-01,2023-12-31,'NA',MSM_2023
MSM_TR_2023_soil-vwc-10cm_L2_v2-1.pdf,Plots of Jan 2023 sensor data for MSM-TR,,2023-01-01,2023-12-31,,MSM_2023
MSM_TR_2023_soil-vwc-30cm_L2_v2-1.parquet,Year 2023 sensor data for TR plot at MSM site,,2023-01-01,2023-12-31,'NA',MSM_2023
MSM_TR_2023_soil-vwc-30cm_L2_v2-1.pdf,Plots of Jan 2023 sensor data for MSM-TR,,2023-01-01,2023-12-31,,MSM_2023
MSM_TR_2023_solar-voltage_L2_v2-1.parquet,Year 2023 sensor data for TR plot at MSM site,,2023-01-01,2023-12-31,'NA',MSM_2023
MSM_TR_2023_solar-voltage_L2_v2-1.pdf,Plots of Jan 2023 sensor data for MSM-TR,,2023-01-01,2023-12-31,,MSM_2023
MSM_UP_2023_battery-voltage_L2_v2-1.parquet,Year 2023 sensor data for UP plot at MSM site,,2023-01-01,2023-12-31,'NA',MSM_2023
MSM_UP_2023_battery-voltage_L2_v2-1.pdf,Plots of Jan 2023 sensor data for MSM-UP,,2023-01-01,2023-12-31,,MSM_2023
MSM_UP_2023_gw-act-cond_L2_v2-1.parquet,Year 2023 sensor data for UP plot at MSM site,,2023-01-01,2023-12-31,'NA',MSM_2023
MSM_UP_2023_gw-act-cond_L2_v2-1.pdf,Plots of Jan 2023 sensor data for MSM-UP,,2023-01-01,2023-12-31,,MSM_2023
MSM_UP_2023_gw-bar-pressure_L2_v2-1.parquet,Year 2023 sensor data for UP plot at MSM site,,2023-01-01,2023-12-31,'NA',MSM_2023
MSM_UP_2023_gw-bar-pressure_L2_v2-1.pdf,Plots of Jan 2023 sensor data for MSM-UP,,2023-01-01,2023-12-31,,MSM_2023
MSM_UP_2023_gw-battery_L2_v2-1.parquet,Year 2023 sensor data for UP plot at MSM site,,2023-01-01,2023-12-31,'NA',MSM_2023
MSM_UP_2023_gw-battery_L2_v2-1.pdf,Plots of Jan 2023 sensor data for MSM-UP,,2023-01-01,2023-12-31,,MSM_2023
MSM_UP_2023_gw-density_L2_v2-1.parquet,Year 2023 sensor data for UP plot at MSM site,,2023-01-01,2023-12-31,'NA',MSM_2023
MSM_UP_2023_gw-density_L2_v2-1.pdf,Plots of Jan 2023 sensor data for MSM-UP,,2023-01-01,2023-12-31,,MSM_2023
MSM_UP_2023_gw-depth_L2_v2-1.parquet,Year 2023 sensor data for UP plot at MSM site,,2023-01-01,2023-12-31,'NA',MSM_2023
MSM_UP_2023_gw-depth_L2_v2-1.pdf,Plots of Jan 2023 sensor data for MSM-UP,,2023-01-01,2023-12-31,,MSM_2023
MSM_UP_2023_gw-part-pressure_L2_v2-1.parquet,Year 2023 sensor data for UP plot at MSM site,,2023-01-01,2023-12-31,'NA',MSM_2023
MSM_UP_2023_gw-part-pressure_L2_v2-1.pdf,Plots of Jan 2023 sensor data for MSM-UP,,2023-01-01,2023-12-31,,MSM_2023
MSM_UP_2023_gw-perc-sat_L2_v2-1.parquet,Year 2023 sensor data for UP plot at MSM site,,2023-01-01,2023-12-31,'NA',MSM_2023
MSM_UP_2023_gw-perc-sat_L2_v2-1.pdf,Plots of Jan 2023 sensor data for MSM-UP,,2023-01-01,2023-12-31,,MSM_2023
MSM_UP_2023_gw-ph_L2_v2-1.parquet,Year 2023 sensor data for UP plot at MSM site,,2023-01-01,2023-12-31,'NA',MSM_2023
MSM_UP_2023_gw-ph_L2_v2-1.pdf,Plots of Jan 2023 sensor data for MSM-UP,,2023-01-01,2023-12-31,,MSM_2023
MSM_UP_2023_gw-ph-mv_L2_v2-1.parquet,Year 2023 sensor data for UP plot at MSM site,,2023-01-01,2023-12-31,'NA',MSM_2023
MSM_UP_2023_gw-ph-mv_L2_v2-1.pdf,Plots of Jan 2023 sensor data for MSM-UP,,2023-01-01,2023-12-31,,MSM_2023
MSM_UP_2023_gw-ph-orp_L2_v2-1.parquet,Year 2023 sensor data for UP plot at MSM site,,2023-01-01,2023-12-31,'NA',MSM_2023
MSM_UP_2023_gw-ph-orp_L2_v2-1.pdf,Plots of Jan 2023 sensor data for MSM-UP,,2023-01-01,2023-12-31,,MSM_2023
MSM_UP_2023_gw-pressure-vented_L2_v2-1.parquet,Year 2023 sensor data for UP plot at MSM site,,2023-01-01,2023-12-31,'NA',MSM_2023
MSM_UP_2023_gw-pressure-vented_L2_v2-1.pdf,Plots of Jan 2023 sensor data for MSM-UP,,2023-01-01,2023-12-31,,MSM_2023
MSM_UP_2023_gw-rdo-conc_L2_v2-1.parquet,Year 2023 sensor data for UP plot at MSM site,,2023-01-01,2023-12-31,'NA',MSM_2023
MSM_UP_2023_gw-rdo-conc_L2_v2-1.pdf,Plots of Jan 2023 sensor data for MSM-UP,,2023-01-01,2023-12-31,,MSM_2023
MSM_UP_2023_gw-resistivity_L2_v2-1.parquet,Year 2023 sensor data for UP plot at MSM site,,2023-01-01,2023-12-31,'NA',MSM_2023
MSM_UP_2023_gw-resistivity_L2_v2-1.pdf,Plots of Jan 2023 sensor data for MSM-UP,,2023-01-01,2023-12-31,,MSM_2023
MSM_UP_2023_gw-salinity_L2_v2-1.parquet,Year 2023 sensor data for UP plot at MSM site,,2023-01-01,2023-12-31,'NA',MSM_2023
MSM_UP_2023_gw-salinity_L2_v2-1.pdf,Plots of Jan 2023 sensor data for MSM-UP,,2023-01-01,2023-12-31,,MSM_2023
MSM_UP_2023_gw-spec-cond_L2_v2-1.parquet,Year 2023 sensor data for UP plot at MSM site,,2023-01-01,2023-12-31,'NA',MSM_2023
MSM_UP_2023_gw-spec-cond_L2_v2-1.pdf,Plots of Jan 2023 sensor data for MSM-UP,,2023-01-01,2023-12-31,,MSM_2023
MSM_UP_2023_gw-tds_L2_v2-1.parquet,Year 2023 sensor data for UP plot at MSM site,,2023-01-01,2023-12-31,'NA',MSM_2023
MSM_UP_2023_gw-tds_L2_v2-1.pdf,Plots of Jan 2023 sensor data for MSM-UP,,2023-01-01,2023-12-31,,MSM_2023
MSM_UP_2023_gw-temperature_L2_v2-1.parquet,Year 2023 sensor data for UP plot at MSM site,,2023-01-01,2023-12-31,'NA',MSM_2023
MSM_UP_2023_gw-temperature_L2_v2-1.pdf,Plots of Jan 2023 sensor data for MSM-UP,,2023-01-01,2023-12-31,,MSM_2023
MSM_UP_2023_gw-voltage-ext_L2_v2-1.parquet,Year 2023 sensor data for UP plot at MSM site,,2023-01-01,2023-12-31,'NA',MSM_2023
MSM_UP_2023_gw-voltage-ext_L2_v2-1.pdf,Plots of Jan 2023 sensor data for MSM-UP,,2023-01-01,2023-12-31,,MSM_2023
MSM_UP_2023_gw-wl-below-surface_L2_v2-1.parquet,Year 2023 sensor data for UP plot at MSM site,,2023-01-01,2023-12-31,'NA',MSM_2023
MSM_UP_2023_gw-wl-below-surface_L2_v2-1.pdf,Plots of Jan 2023 sensor data for MSM-UP,,2023-01-01,2023-12-31,,MSM_2023
MSM_UP_2023_sapflow-3.5cm_L2_v2-1.parquet,Year 2023 sensor data for UP plot at MSM site,,2023-01-01,2023-12-31,'NA',MSM_2023
MSM_UP_2023_sapflow-3.5cm_L2_v2-1.pdf,Plots of Jan 2023 sensor data for MSM-UP,,2023-01-01,2023-12-31,,MSM_2023
MSM_UP_2023_sapflow-5cm_L2_v2-1.parquet,Year 2023 sensor data for UP plot at MSM site,,2023-01-01,2023-12-31,'NA',MSM_2023
MSM_UP_2023_sapflow-5cm_L2_v2-1.pdf,Plots of Jan 2023 sensor data for MSM-UP,,2023-01-01,2023-12-31,,MSM_2023
MSM_UP_2023_soil-EC-10cm_L2_v2-1.parquet,Year 2023 sensor data for UP plot at MSM site,,2023-01-01,2023-12-31,'NA',MSM_2023
MSM_UP_2023_soil-EC-10cm_L2_v2-1.pdf,Plots of Jan 2023 sensor data for MSM-UP,,2023-01-01,2023-12-31,,MSM_2023
MSM_UP_2023_soil-EC-30cm_L2_v2-1.parquet,Year 2023 sensor data for UP plot at MSM site,,2023-01-01,2023-12-31,'NA',MSM_2023
MSM_UP_2023_soil-EC-30cm_L2_v2-1.pdf,Plots of Jan 2023 sensor data for MSM-UP,,2023-01-01,2023-12-31,,MSM_2023
MSM_UP_2023_soil-salinity-10cm_L2_v2-1.parquet,Year 2023 sensor data for UP plot at MSM site,,2023-01-01,2023-12-31,'NA',MSM_2023
MSM_UP_2023_soil-salinity-10cm_L2_v2-1.pdf,Plots of Jan 2023 sensor data for MSM-UP,,2023-01-01,2023-12-31,,MSM_2023
MSM_UP_2023_soil-salinity-30cm_L2_v2-1.parquet,Year 2023 sensor data for UP plot at MSM site,,2023-01-01,2023-12-31,'NA',MSM_2023
MSM_UP_2023_soil-salinity-30cm_L2_v2-1.pdf,Plots of Jan 2023 sensor data for MSM-UP,,2023-01-01,2023-12-31,,MSM_2023
MSM_UP_2023_soil-temp-10cm_L2_v2-1.parquet,Year 2023 sensor data for UP plot at MSM site,,2023-01-01,2023-12-31,'NA',MSM_2023
MSM_UP_2023_soil-temp-10cm_L2_v2-1.pdf,Plots of Jan 2023 sensor data for MSM-UP,,2023-01-01,2023-12-31,,MSM_2023
MSM_UP_2023_soil-temp-30cm_L2_v2-1.parquet,Year 2023 sensor data for UP plot at MSM site,,2023-01-01,2023-12-31,'NA',MSM_2023
MSM_UP_2023_soil-temp-30cm_L2_v2-1.pdf,Plots of Jan 2023 sensor data for MSM-UP,,2023-01-01,2023-12-31,,MSM_2023
MSM_UP_2023_soil-vwc-10cm_L2_v2-1.parquet,Year 2023 sensor data for UP plot at MSM site,,2023-01-01,2023-12-31,'NA',MSM_2023
MSM_UP_2023_soil-vwc-10cm_L2_v2-1.pdf,Plots of Jan 2023 sensor data for MSM-UP,,2023-01-01,2023-12-31,,MSM_2023
MSM_UP_2023_soil-vwc-30cm_L2_v2-1.parquet,Year 2023 sensor data for UP plot at MSM site,,2023-01-01,2023-12-31,'NA',MSM_2023
MSM_UP_2023_soil-vwc-30cm_L2_v2-1.pdf,Plots of Jan 2023 sensor data for MSM-UP,,2023-01-01,2023-12-31,,MSM_2023
MSM_UP_2023_solar-voltage_L2_v2-1.parquet,Year 2023 sensor data for UP plot at MSM site,,2023-01-01,2023-12-31,'NA',MSM_2023
MSM_UP_2023_solar-voltage_L2_v2-1.pdf,Plots of Jan 2023 sensor data for MSM-UP,,2023-01-01,2023-12-31,,MSM_2023
MSM_W_2023_battery-voltage_L2_v2-1.parquet,Year 2023 sensor data for W plot at MSM site,,2023-01-01,2023-12-31,'NA',MSM_2023
MSM_W_2023_battery-voltage_L2_v2-1.pdf,Plots of Jan 2023 sensor data for MSM-W,,2023-01-01,2023-12-31,,MSM_2023
MSM_W_2023_gw-act-cond_L2_v2-1.parquet,Year 2023 sensor data for W plot at MSM site,,2023-01-01,2023-12-31,'NA',MSM_2023
MSM_W_2023_gw-act-cond_L2_v2-1.pdf,Plots of Jan 2023 sensor data for MSM-W,,2023-01-01,2023-12-31,,MSM_2023
MSM_W_2023_gw-bar-pressure_L2_v2-1.parquet,Year 2023 sensor data for W plot at MSM site,,2023-01-01,2023-12-31,'NA',MSM_2023
MSM_W_2023_gw-bar-pressure_L2_v2-1.pdf,Plots of Jan 2023 sensor data for MSM-W,,2023-01-01,2023-12-31,,MSM_2023
MSM_W_2023_gw-battery_L2_v2-1.parquet,Year 2023 sensor data for W plot at MSM site,,2023-01-01,2023-12-31,'NA',MSM_2023
MSM_W_2023_gw-battery_L2_v2-1.pdf,Plots of Jan 2023 sensor data for MSM-W,,2023-01-01,2023-12-31,,MSM_2023
MSM_W_2023_gw-density_L2_v2-1.parquet,Year 2023 sensor data for W plot at MSM site,,2023-01-01,2023-12-31,'NA',MSM_2023
MSM_W_2023_gw-density_L2_v2-1.pdf,Plots of Jan 2023 sensor data for MSM-W,,2023-01-01,2023-12-31,,MSM_2023
MSM_W_2023_gw-depth_L2_v2-1.parquet,Year 2023 sensor data for W plot at MSM site,,2023-01-01,2023-12-31,'NA',MSM_2023
MSM_W_2023_gw-depth_L2_v2-1.pdf,Plots of Jan 2023 sensor data for MSM-W,,2023-01-01,2023-12-31,,MSM_2023
MSM_W_2023_gw-part-pressure_L2_v2-1.parquet,Year 2023 sensor data for W plot at MSM site,,2023-01-01,2023-12-31,'NA',MSM_2023
MSM_W_2023_gw-part-pressure_L2_v2-1.pdf,Plots of Jan 2023 sensor data for MSM-W,,2023-01-01,2023-12-31,,MSM_2023
MSM_W_2023_gw-perc-sat_L2_v2-1.parquet,Year 2023 sensor data for W plot at MSM site,,2023-01-01,2023-12-31,'NA',MSM_2023
MSM_W_2023_gw-perc-sat_L2_v2-1.pdf,Plots of Jan 2023 sensor data for MSM-W,,2023-01-01,2023-12-31,,MSM_2023
MSM_W_2023_gw-ph_L2_v2-1.parquet,Year 2023 sensor data for W plot at MSM site,,2023-01-01,2023-12-31,'NA',MSM_2023
MSM_W_2023_gw-ph_L2_v2-1.pdf,Plots of Jan 2023 sensor data for MSM-W,,2023-01-01,2023-12-31,,MSM_2023
MSM_W_2023_gw-ph-mv_L2_v2-1.parquet,Year 2023 sensor data for W plot at MSM site,,2023-01-01,2023-12-31,'NA',MSM_2023
MSM_W_2023_gw-ph-mv_L2_v2-1.pdf,Plots of Jan 2023 sensor data for MSM-W,,2023-01-01,2023-12-31,,MSM_2023
MSM_W_2023_gw-ph-orp_L2_v2-1.parquet,Year 2023 sensor data for W plot at MSM site,,2023-01-01,2023-12-31,'NA',MSM_2023
MSM_W_2023_gw-ph-orp_L2_v2-1.pdf,Plots of Jan 2023 sensor data for MSM-W,,2023-01-01,2023-12-31,,MSM_2023
MSM_W_2023_gw-pressure-vented_L2_v2-1.parquet,Year 2023 sensor data for W plot at MSM site,,2023-01-01,2023-12-31,'NA',MSM_2023
MSM_W_2023_gw-pressure-vented_L2_v2-1.pdf,Plots of Jan 2023 sensor data for MSM-W,,2023-01-01,2023-12-31,,MSM_2023
MSM_W_2023_gw-rdo-conc_L2_v2-1.parquet,Year 2023 sensor data for W plot at MSM site,,2023-01-01,2023-12-31,'NA',MSM_2023
MSM_W_2023_gw-rdo-conc_L2_v2-1.pdf,Plots of Jan 2023 sensor data for MSM-W,,2023-01-01,2023-12-31,,MSM_2023
MSM_W_2023_gw-resistivity_L2_v2-1.parquet,Year 2023 sensor data for W plot at MSM site,,2023-01-01,2023-12-31,'NA',MSM_2023
MSM_W_2023_gw-resistivity_L2_v2-1.pdf,Plots of Jan 2023 sensor data for MSM-W,,2023-01-01,2023-12-31,,MSM_2023
MSM_W_2023_gw-salinity_L2_v2-1.parquet,Year 2023 sensor data for W plot at MSM site,,2023-01-01,2023-12-31,'NA',MSM_2023
MSM_W_2023_gw-salinity_L2_v2-1.pdf,Plots of Jan 2023 sensor data for MSM-W,,2023-01-01,2023-12-31,,MSM_2023
MSM_W_2023_gw-spec-cond_L2_v2-1.parquet,Year 2023 sensor data for W plot at MSM site,,2023-01-01,2023-12-31,'NA',MSM_2023
MSM_W_2023_gw-spec-cond_L2_v2-1.pdf,Plots of Jan 2023 sensor data for MSM-W,,2023-01-01,2023-12-31,,MSM_2023
MSM_W_2023_gw-tds_L2_v2-1.parquet,Year 2023 sensor data for W plot at MSM site,,2023-01-01,2023-12-31,'NA',MSM_2023
MSM_W_2023_gw-tds_L2_v2-1.pdf,Plots of Jan 2023 sensor data for MSM-W,,2023-01-01,2023-12-31,,MSM_2023
MSM_W_2023_gw-temperature_L2_v2-1.parquet,Year 2023 sensor data for W plot at MSM site,,2023-01-01,2023-12-31,'NA',MSM_2023
MSM_W_2023_gw-temperature_L2_v2-1.pdf,Plots of Jan 2023 sensor data for MSM-W,,2023-01-01,2023-12-31,,MSM_2023
MSM_W_2023_gw-voltage-ext_L2_v2-1.parquet,Year 2023 sensor data for W plot at MSM site,,2023-01-01,2023-12-31,'NA',MSM_2023
MSM_W_2023_gw-voltage-ext_L2_v2-1.pdf,Plots of Jan 2023 sensor data for MSM-W,,2023-01-01,2023-12-31,,MSM_2023
MSM_W_2023_gw-wl-below-surface_L2_v2-1.parquet,Year 2023 sensor data for W plot at MSM site,,2023-01-01,2023-12-31,'NA',MSM_2023
MSM_W_2023_gw-wl-below-surface_L2_v2-1.pdf,Plots of Jan 2023 sensor data for MSM-W,,2023-01-01,2023-12-31,,MSM_2023
MSM_W_2023_soil-EC-10cm_L2_v2-1.parquet,Year 2023 sensor data for W plot at MSM site,,2023-01-01,2023-12-31,'NA',MSM_2023
MSM_W_2023_soil-EC-10cm_L2_v2-1.pdf,Plots of Jan 2023 sensor data for MSM-W,,2023-01-01,2023-12-31,,MSM_2023
MSM_W_2023_soil-EC-30cm_L2_v2-1.parquet,Year 2023 sensor data for W plot at MSM site,,2023-01-01,2023-12-31,'NA',MSM_2023
MSM_W_2023_soil-EC-30cm_L2_v2-1.pdf,Plots of Jan 2023 sensor data for MSM-W,,2023-01-01,2023-12-31,,MSM_2023
MSM_W_2023_soil-salinity-10cm_L2_v2-1.parquet,Year 2023 sensor data for W plot at MSM site,,2023-01-01,2023-12-31,'NA',MSM_2023
MSM_W_2023_soil-salinity-10cm_L2_v2-1.pdf,Plots of Jan 2023 sensor data for MSM-W,,2023-01-01,2023-12-31,,MSM_2023
MSM_W_2023_soil-salinity-30cm_L2_v2-1.parquet,Year 2023 sensor data for W plot at MSM site,,2023-01-01,2023-12-31,'NA',MSM_2023
MSM_W_2023_soil-salinity-30cm_L2_v2-1.pdf,Plots of Jan 2023 sensor data for MSM-W,,2023-01-01,2023-12-31,,MSM_2023
MSM_W_2023_soil-temp-10cm_L2_v2-1.parquet,Year 2023 sensor data for W plot at MSM site,,2023-01-01,2023-12-31,'NA',MSM_2023
MSM_W_2023_soil-temp-10cm_L2_v2-1.pdf,Plots of Jan 2023 sensor data for MSM-W,,2023-01-01,2023-12-31,,MSM_2023
MSM_W_2023_soil-temp-30cm_L2_v2-1.parquet,Year 2023 sensor data for W plot at MSM site,,2023-01-01,2023-12-31,'NA',MSM_2023
MSM_W_2023_soil-temp-30cm_L2_v2-1.pdf,Plots of Jan 2023 sensor data for MSM-W,,2023-01-01,2023-12-31,,MSM_2023
MSM_W_2023_soil-vwc-10cm_L2_v2-1.parquet,Year 2023 sensor data for W plot at MSM site,,2023-01-01,2023-12-31,'NA',MSM_2023
MSM_W_2023_soil-vwc-10cm_L2_v2-1.pdf,Plots of Jan 2023 sensor data for MSM-W,,2023-01-01,2023-12-31,,MSM_2023
MSM_W_2023_soil-vwc-30cm_L2_v2-1.parquet,Year 2023 sensor data for W plot at MSM site,,2023-01-01,2023-12-31,'NA',MSM_2023
MSM_W_2023_soil-vwc-30cm_L2_v2-1.pdf,Plots of Jan 2023 sensor data for MSM-W,,2023-01-01,2023-12-31,,MSM_2023
MSM_W_2023_solar-voltage_L2_v2-1.parquet,Year 2023 sensor data for W plot at MSM site,,2023-01-01,2023-12-31,'NA',MSM_2023
MSM_W_2023_solar-voltage_L2_v2-1.pdf,Plots of Jan 2023 sensor data for MSM-W,,2023-01-01,2023-12-31,,MSM_2023
MSM_W_2023_wx-barpress15_L2_v2-1.parquet,Year 2023 sensor data for W plot at MSM site,,2023-01-01,2023-12-31,'NA',MSM_2023
MSM_W_2023_wx-barpress15_L2_v2-1.pdf,Plots of Jan 2023 sensor data for MSM-W,,2023-01-01,2023-12-31,,MSM_2023
MSM_W_2023_wx-bpmax15_L2_v2-1.parquet,Year 2023 sensor data for W plot at MSM site,,2023-01-01,2023-12-31,'NA',MSM_2023
MSM_W_2023_wx-bpmax15_L2_v2-1.pdf,Plots of Jan 2023 sensor data for MSM-W,,2023-01-01,2023-12-31,,MSM_2023
MSM_W_2023_wx-bpmin15_L2_v2-1.parquet,Year 2023 sensor data for W plot at MSM site,,2023-01-01,2023-12-31,'NA',MSM_2023
MSM_W_2023_wx-bpmin15_L2_v2-1.pdf,Plots of Jan 2023 sensor data for MSM-W,,2023-01-01,2023-12-31,,MSM_2023
MSM_W_2023_wx-dist-min15_L2_v2-1.parquet,Year 2023 sensor data for W plot at MSM site,,2023-01-01,2023-12-31,'NA',MSM_2023
MSM_W_2023_wx-dist-min15_L2_v2-1.pdf,Plots of Jan 2023 sensor data for MSM-W,,2023-01-01,2023-12-31,,MSM_2023
MSM_W_2023_wx-invalid-wind15_L2_v2-1.parquet,Year 2023 sensor data for W plot at MSM site,,2023-01-01,2023-12-31,'NA',MSM_2023
MSM_W_2023_wx-invalid-wind15_L2_v2-1.pdf,Plots of Jan 2023 sensor data for MSM-W,,2023-01-01,2023-12-31,,MSM_2023
MSM_W_2023_wx-maxws15_L2_v2-1.parquet,Year 2023 sensor data for W plot at MSM site,,2023-01-01,2023-12-31,'NA',MSM_2023
MSM_W_2023_wx-maxws15_L2_v2-1.pdf,Plots of Jan 2023 sensor data for MSM-W,,2023-01-01,2023-12-31,,MSM_2023
MSM_W_2023_wx-maxws24_L2_v2-1.parquet,Year 2023 sensor data for W plot at MSM site,,2023-01-01,2023-12-31,'NA',MSM_2023
MSM_W_2023_wx-maxws24_L2_v2-1.pdf,Plots of Jan 2023 sensor data for MSM-W,,2023-01-01,2023-12-31,,MSM_2023
MSM_W_2023_wx-par-den15_L2_v2-1.parquet,Year 2023 sensor data for W plot at MSM site,,2023-01-01,2023-12-31,'NA',MSM_2023
MSM_W_2023_wx-par-den15_L2_v2-1.pdf,Plots of Jan 2023 sensor data for MSM-W,,2023-01-01,2023-12-31,,MSM_2023
MSM_W_2023_wx-par-den24_L2_v2-1.parquet,Year 2023 sensor data for W plot at MSM site,,2023-01-01,2023-12-31,'NA',MSM_2023
MSM_W_2023_wx-par-den24_L2_v2-1.pdf,Plots of Jan 2023 sensor data for MSM-W,,2023-01-01,2023-12-31,,MSM_2023
MSM_W_2023_wx-par-tot15_L2_v2-1.parquet,Year 2023 sensor data for W plot at MSM site,,2023-01-01,2023-12-31,'NA',MSM_2023
MSM_W_2023_wx-par-tot15_L2_v2-1.pdf,Plots of Jan 2023 sensor data for MSM-W,,2023-01-01,2023-12-31,,MSM_2023
MSM_W_2023_wx-par-tot24_L2_v2-1.parquet,Year 2023 sensor data for W plot at MSM site,,2023-01-01,2023-12-31,'NA',MSM_2023
MSM_W_2023_wx-par-tot24_L2_v2-1.pdf,Plots of Jan 2023 sensor data for MSM-W,,2023-01-01,2023-12-31,,MSM_2023
MSM_W_2023_wx-rain15_L2_v2-1.parquet,Year 2023 sensor data for W plot at MSM site,,2023-01-01,2023-12-31,'NA',MSM_2023
MSM_W_2023_wx-rain15_L2_v2-1.pdf,Plots of Jan 2023 sensor data for MSM-W,,2023-01-01,2023-12-31,,MSM_2023
MSM_W_2023_wx-rain24_L2_v2-1.parquet,Year 2023 sensor data for W plot at MSM site,,2023-01-01,2023-12-31,'NA',MSM_2023
MSM_W_2023_wx-rain24_L2_v2-1.pdf,Plots of Jan 2023 sensor data for MSM-W,,2023-01-01,2023-12-31,,MSM_2023
MSM_W_2023_wx-rh15_L2_v2-1.parquet,Year 2023 sensor data for W plot at MSM site,,2023-01-01,2023-12-31,'NA',MSM_2023
MSM_W_2023_wx-rh15_L2_v2-1.pdf,Plots of Jan 2023 sensor data for MSM-W,,2023-01-01,2023-12-31,,MSM_2023
MSM_W_2023_wx-rh24_L2_v2-1.parquet,Year 2023 sensor data for W plot at MSM site,,2023-01-01,2023-12-31,'NA',MSM_2023
MSM_W_2023_wx-rh24_L2_v2-1.pdf,Plots of Jan 2023 sensor data for MSM-W,,2023-01-01,2023-12-31,,MSM_2023
MSM_W_2023_wx-rht24_L2_v2-1.parquet,Year 2023 sensor data for W plot at MSM site,,2023-01-01,2023-12-31,'NA',MSM_2023
MSM_W_2023_wx-rht24_L2_v2-1.pdf,Plots of Jan 2023 sensor data for MSM-W,,2023-01-01,2023-12-31,,MSM_2023
MSM_W_2023_wx-rhtmax24_L2_v2-1.parquet,Year 2023 sensor data for W plot at MSM site,,2023-01-01,2023-12-31,'NA',MSM_2023
MSM_W_2023_wx-rhtmax24_L2_v2-1.pdf,Plots of Jan 2023 sensor data for MSM-W,,2023-01-01,2023-12-31,,MSM_2023
MSM_W_2023_wx-rhtmin24_L2_v2-1.parquet,Year 2023 sensor data for W plot at MSM site,,2023-01-01,2023-12-31,'NA',MSM_2023
MSM_W_2023_wx-rhtmin24_L2_v2-1.pdf,Plots of Jan 2023 sensor data for MSM-W,,2023-01-01,2023-12-31,,MSM_2023
MSM_W_2023_wx-slr-fd15_L2_v2-1.parquet,Year 2023 sensor data for W plot at MSM site,,2023-01-01,2023-12-31,'NA',MSM_2023
MSM_W_2023_wx-slr-fd15_L2_v2-1.pdf,Plots of Jan 2023 sensor data for MSM-W,,2023-01-01,2023-12-31,,MSM_2023
MSM_W_2023_wx-slr-fd24_L2_v2-1.parquet,Year 2023 sensor data for W plot at MSM site,,2023-01-01,2023-12-31,'NA',MSM_2023
MSM_W_2023_wx-slr-fd24_L2_v2-1.pdf,Plots of Jan 2023 sensor data for MSM-W,,2023-01-01,2023-12-31,,MSM_2023
MSM_W_2023_wx-slr-tf15_L2_v2-1.parquet,Year 2023 sensor data for W plot at MSM site,,2023-01-01,2023-12-31,'NA',MSM_2023
MSM_W_2023_wx-slr-tf15_L2_v2-1.pdf,Plots of Jan 2023 sensor data for MSM-W,,2023-01-01,2023-12-31,,MSM_2023
MSM_W_2023_wx-slr-tf24_L2_v2-1.parquet,Year 2023 sensor data for W plot at MSM site,,2023-01-01,2023-12-31,'NA',MSM_2023
MSM_W_2023_wx-slr-tf24_L2_v2-1.pdf,Plots of Jan 2023 sensor data for MSM-W,,2023-01-01,2023-12-31,,MSM_2023
MSM_W_2023_wx-strikes15_L2_v2-1.parquet,Year 2023 sensor data for W plot at MSM site,,2023-01-01,2023-12-31,'NA',MSM_2023
MSM_W_2023_wx-strikes15_L2_v2-1.pdf,Plots of Jan 2023 sensor data for MSM-W,,2023-01-01,2023-12-31,,MSM_2023
MSM_W_2023_wx-tempavg15_L2_v2-1.parquet,Year 2023 sensor data for W plot at MSM site,,2023-01-01,2023-12-31,'NA',MSM_2023
MSM_W_2023_wx-tempavg15_L2_v2-1.pdf,Plots of Jan 2023 sensor data for MSM-W,,2023-01-01,2023-12-31,,MSM_2023
MSM_W_2023_wx-tempavg24_L2_v2-1.parquet,Year 2023 sensor data for W plot at MSM site,,2023-01-01,2023-12-31,'NA',MSM_2023
MSM_W_2023_wx-tempavg24_L2_v2-1.pdf,Plots of Jan 2023 sensor data for MSM-W,,2023-01-01,2023-12-31,,MSM_2023
MSM_W_2023_wx-tempmax15_L2_v2-1.parquet,Year 2023 sensor data for W plot at MSM site,,2023-01-01,2023-12-31,'NA',MSM_2023
MSM_W_2023_wx-tempmax15_L2_v2-1.pdf,Plots of Jan 2023 sensor data for MSM-W,,2023-01-01,2023-12-31,,MSM_2023
MSM_W_2023_wx-tempmax24_L2_v2-1.parquet,Year 2023 sensor data for W plot at MSM site,,2023-01-01,2023-12-31,'NA',MSM_2023
MSM_W_2023_wx-tempmax24_L2_v2-1.pdf,Plots of Jan 2023 sensor data for MSM-W,,2023-01-01,2023-12-31,,MSM_2023
MSM_W_2023_wx-tempmin15_L2_v2-1.parquet,Year 2023 sensor data for W plot at MSM site,,2023-01-01,2023-12-31,'NA',MSM_2023
MSM_W_2023_wx-tempmin15_L2_v2-1.pdf,Plots of Jan 2023 sensor data for MSM-W,,2023-01-01,2023-12-31,,MSM_2023
MSM_W_2023_wx-tempmin24_L2_v2-1.parquet,Year 2023 sensor data for W plot at MSM site,,2023-01-01,2023-12-31,'NA',MSM_2023
MSM_W_2023_wx-tempmin24_L2_v2-1.pdf,Plots of Jan 2023 sensor data for MSM-W,,2023-01-01,2023-12-31,,MSM_2023
MSM_W_2023_wx-tilt-ns15_L2_v2-1.parquet,Year 2023 sensor data for W plot at MSM site,,2023-01-01,2023-12-31,'NA',MSM_2023
MSM_W_2023_wx-tilt-ns15_L2_v2-1.pdf,Plots of Jan 2023 sensor data for MSM-W,,2023-01-01,2023-12-31,,MSM_2023
MSM_W_2023_wx-tilt-ns24_L2_v2-1.parquet,Year 2023 sensor data for W plot at MSM site,,2023-01-01,2023-12-31,'NA',MSM_2023
MSM_W_2023_wx-tilt-ns24_L2_v2-1.pdf,Plots of Jan 2023 sensor data for MSM-W,,2023-01-01,2023-12-31,,MSM_2023
MSM_W_2023_wx-tilt-we15_L2_v2-1.parquet,Year 2023 sensor data for W plot at MSM site,,2023-01-01,2023-12-31,'NA',MSM_2023
MSM_W_2023_wx-tilt-we15_L2_v2-1.pdf,Plots of Jan 2023 sensor data for MSM-W,,2023-01-01,2023-12-31,,MSM_2023
MSM_W_2023_wx-tilt-we24_L2_v2-1.parquet,Year 2023 sensor data for W plot at MSM site,,2023-01-01,2023-12-31,'NA',MSM_2023
MSM_W_2023_wx-tilt-we24_L2_v2-1.pdf,Plots of Jan 2023 sensor data for MSM-W,,2023-01-01,2023-12-31,,MSM_2023
MSM_W_2023_wx-vappress15_L2_v2-1.parquet,Year 2023 sensor data for W plot at MSM site,,2023-01-01,2023-12-31,'NA',MSM_2023
MSM_W_2023_wx-vappress15_L2_v2-1.pdf,Plots of Jan 2023 sensor data for MSM-W,,2023-01-01,2023-12-31,,MSM_2023
MSM_W_2023_wx-vappress24_L2_v2-1.parquet,Year 2023 sensor data for W plot at MSM site,,2023-01-01,2023-12-31,'NA',MSM_2023
MSM_W_2023_wx-vappress24_L2_v2-1.pdf,Plots of Jan 2023 sensor data for MSM-W,,2023-01-01,2023-12-31,,MSM_2023
MSM_W_2023_wx-winddir-sd115_L2_v2-1.parquet,Year 2023 sensor data for W plot at MSM site,,2023-01-01,2023-12-31,'NA',MSM_2023
MSM_W_2023_wx-winddir-sd115_L2_v2-1.pdf,Plots of Jan 2023 sensor data for MSM-W,,2023-01-01,2023-12-31,,MSM_2023
MSM_W_2023_wx-winddir15_L2_v2-1.parquet,Year 2023 sensor data for W plot at MSM site,,2023-01-01,2023-12-31,'NA',MSM_2023
MSM_W_2023_wx-winddir15_L2_v2-1.pdf,Plots of Jan 2023 sensor data for MSM-W,,2023-01-01,2023-12-31,,MSM_2023
MSM_W_2023_wx-winderrors24_L2_v2-1.parquet,Year 2023 sensor data for W plot at MSM site,,2023-01-01,2023-12-31,'NA',MSM_2023
MSM_W_2023_wx-winderrors24_L2_v2-1.pdf,Plots of Jan 2023 sensor data for MSM-W,,2023-01-01,2023-12-31,,MSM_2023
MSM_W_2023_wx-windspeed15_L2_v2-1.parquet,Year 2023 sensor data for W plot at MSM site,,2023-01-01,2023-12-31,'NA',MSM_2023
MSM_W_2023_wx-windspeed15_L2_v2-1.pdf,Plots of Jan 2023 sensor data for MSM-W,,2023-01-01,2023-12-31,,MSM_2023
MSM_2024_L2_v2-1_metadata.txt,Metadata for all data files in MSM_2024 folder,,,,,MSM_2024
MSM_OW_2024_battery-voltage_L2_v2-1.parquet,Year 2024 sensor data for OW plot at MSM site,,2024-01-01,2024-12-31,'NA',MSM_2024
MSM_OW_2024_battery-voltage_L2_v2-1.pdf,Plots of Jan 2024 sensor data for MSM-OW,,2024-01-01,2024-12-31,,MSM_2024
MSM_OW_2024_solar-voltage_L2_v2-1.parquet,Year 2024 sensor data for OW plot at MSM site,,2024-01-01,2024-12-31,'NA',MSM_2024
MSM_OW_2024_solar-voltage_L2_v2-1.pdf,Plots of Jan 2024 sensor data for MSM-OW,,2024-01-01,2024-12-31,,MSM_2024
MSM_OW_2024_sonde-cable_L2_v2-1.parquet,Year 2024 sensor data for OW plot at MSM site,,2024-01-01,2024-12-31,'NA',MSM_2024
MSM_OW_2024_sonde-cable_L2_v2-1.pdf,Plots of Jan 2024 sensor data for MSM-OW,,2024-01-01,2024-12-31,,MSM_2024
MSM_OW_2024_sonde-conductivity_L2_v2-1.parquet,Year 2024 sensor data for OW plot at MSM site,,2024-01-01,2024-12-31,'NA',MSM_2024
MSM_OW_2024_sonde-conductivity_L2_v2-1.pdf,Plots of Jan 2024 sensor data for MSM-OW,,2024-01-01,2024-12-31,,MSM_2024
MSM_OW_2024_sonde-fdom_L2_v2-1.parquet,Year 2024 sensor data for OW plot at MSM site,,2024-01-01,2024-12-31,'NA',MSM_2024
MSM_OW_2024_sonde-fdom_L2_v2-1.pdf,Plots of Jan 2024 sensor data for MSM-OW,,2024-01-01,2024-12-31,,MSM_2024
MSM_OW_2024_sonde-fdom-rfu_L2_v2-1.parquet,Year 2024 sensor data for OW plot at MSM site,,2024-01-01,2024-12-31,'NA',MSM_2024
MSM_OW_2024_sonde-fdom-rfu_L2_v2-1.pdf,Plots of Jan 2024 sensor data for MSM-OW,,2024-01-01,2024-12-31,,MSM_2024
MSM_OW_2024_sonde-nlf-cond_L2_v2-1.parquet,Year 2024 sensor data for OW plot at MSM site,,2024-01-01,2024-12-31,'NA',MSM_2024
MSM_OW_2024_sonde-nlf-cond_L2_v2-1.pdf,Plots of Jan 2024 sensor data for MSM-OW,,2024-01-01,2024-12-31,,MSM_2024
MSM_OW_2024_sonde-odo-local_L2_v2-1.parquet,Year 2024 sensor data for OW plot at MSM site,,2024-01-01,2024-12-31,'NA',MSM_2024
MSM_OW_2024_sonde-odo-local_L2_v2-1.pdf,Plots of Jan 2024 sensor data for MSM-OW,,2024-01-01,2024-12-31,,MSM_2024
MSM_OW_2024_sonde-odo-mgl_L2_v2-1.parquet,Year 2024 sensor data for OW plot at MSM site,,2024-01-01,2024-12-31,'NA',MSM_2024
MSM_OW_2024_sonde-odo-mgl_L2_v2-1.pdf,Plots of Jan 2024 sensor data for MSM-OW,,2024-01-01,2024-12-31,,MSM_2024
MSM_OW_2024_sonde-odo-sat_L2_v2-1.parquet,Year 2024 sensor data for OW plot at MSM site,,2024-01-01,2024-12-31,'NA',MSM_2024
MSM_OW_2024_sonde-odo-sat_L2_v2-1.pdf,Plots of Jan 2024 sensor data for MSM-OW,,2024-01-01,2024-12-31,,MSM_2024
MSM_OW_2024_sonde-orp_L2_v2-1.parquet,Year 2024 sensor data for OW plot at MSM site,,2024-01-01,2024-12-31,'NA',MSM_2024
MSM_OW_2024_sonde-orp_L2_v2-1.pdf,Plots of Jan 2024 sensor data for MSM-OW,,2024-01-01,2024-12-31,,MSM_2024
MSM_OW_2024_sonde-ph_L2_v2-1.parquet,Year 2024 sensor data for OW plot at MSM site,,2024-01-01,2024-12-31,'NA',MSM_2024
MSM_OW_2024_sonde-ph_L2_v2-1.pdf,Plots of Jan 2024 sensor data for MSM-OW,,2024-01-01,2024-12-31,,MSM_2024
MSM_OW_2024_sonde-ph-mv_L2_v2-1.parquet,Year 2024 sensor data for OW plot at MSM site,,2024-01-01,2024-12-31,'NA',MSM_2024
MSM_OW_2024_sonde-ph-mv_L2_v2-1.pdf,Plots of Jan 2024 sensor data for MSM-OW,,2024-01-01,2024-12-31,,MSM_2024
MSM_OW_2024_sonde-pressure_L2_v2-1.parquet,Year 2024 sensor data for OW plot at MSM site,,2024-01-01,2024-12-31,'NA',MSM_2024
MSM_OW_2024_sonde-pressure_L2_v2-1.pdf,Plots of Jan 2024 sensor data for MSM-OW,,2024-01-01,2024-12-31,,MSM_2024
MSM_OW_2024_sonde-salinity_L2_v2-1.parquet,Year 2024 sensor data for OW plot at MSM site,,2024-01-01,2024-12-31,'NA',MSM_2024
MSM_OW_2024_sonde-salinity_L2_v2-1.pdf,Plots of Jan 2024 sensor data for MSM-OW,,2024-01-01,2024-12-31,,MSM_2024
MSM_OW_2024_sonde-spcond_L2_v2-1.parquet,Year 2024 sensor data for OW plot at MSM site,,2024-01-01,2024-12-31,'NA',MSM_2024
MSM_OW_2024_sonde-spcond_L2_v2-1.pdf,Plots of Jan 2024 sensor data for MSM-OW,,2024-01-01,2024-12-31,,MSM_2024
MSM_OW_2024_sonde-tds_L2_v2-1.parquet,Year 2024 sensor data for OW plot at MSM site,,2024-01-01,2024-12-31,'NA',MSM_2024
MSM_OW_2024_sonde-tds_L2_v2-1.pdf,Plots of Jan 2024 sensor data for MSM-OW,,2024-01-01,2024-12-31,,MSM_2024
MSM_OW_2024_sonde-temp_L2_v2-1.parquet,Year 2024 sensor data for OW plot at MSM site,,2024-01-01,2024-12-31,'NA',MSM_2024
MSM_OW_2024_sonde-temp_L2_v2-1.pdf,Plots of Jan 2024 sensor data for MSM-OW,,2024-01-01,2024-12-31,,MSM_2024
MSM_OW_2024_sonde-tss_L2_v2-1.parquet,Year 2024 sensor data for OW plot at MSM site,,2024-01-01,2024-12-31,'NA',MSM_2024
MSM_OW_2024_sonde-tss_L2_v2-1.pdf,Plots of Jan 2024 sensor data for MSM-OW,,2024-01-01,2024-12-31,,MSM_2024
MSM_OW_2024_sonde-turb-raw_L2_v2-1.parquet,Year 2024 sensor data for OW plot at MSM site,,2024-01-01,2024-12-31,'NA',MSM_2024
MSM_OW_2024_sonde-turb-raw_L2_v2-1.pdf,Plots of Jan 2024 sensor data for MSM-OW,,2024-01-01,2024-12-31,,MSM_2024
MSM_OW_2024_sonde-turbidity_L2_v2-1.parquet,Year 2024 sensor data for OW plot at MSM site,,2024-01-01,2024-12-31,'NA',MSM_2024
MSM_OW_2024_sonde-turbidity_L2_v2-1.pdf,Plots of Jan 2024 sensor data for MSM-OW,,2024-01-01,2024-12-31,,MSM_2024
MSM_OW_2024_sonde-vpos_L2_v2-1.parquet,Year 2024 sensor data for OW plot at MSM site,,2024-01-01,2024-12-31,'NA',MSM_2024
MSM_OW_2024_sonde-vpos_L2_v2-1.pdf,Plots of Jan 2024 sensor data for MSM-OW,,2024-01-01,2024-12-31,,MSM_2024
MSM_OW_2024_sonde-wipercur_L2_v2-1.parquet,Year 2024 sensor data for OW plot at MSM site,,2024-01-01,2024-12-31,'NA',MSM_2024
MSM_OW_2024_sonde-wipercur_L2_v2-1.pdf,Plots of Jan 2024 sensor data for MSM-OW,,2024-01-01,2024-12-31,,MSM_2024
MSM_OW_2024_sonde-wiperpos_L2_v2-1.parquet,Year 2024 sensor data for OW plot at MSM site,,2024-01-01,2024-12-31,'NA',MSM_2024
MSM_OW_2024_sonde-wiperpos_L2_v2-1.pdf,Plots of Jan 2024 sensor data for MSM-OW,,2024-01-01,2024-12-31,,MSM_2024
MSM_TR_2024_battery-voltage_L2_v2-1.parquet,Year 2024 sensor data for TR plot at MSM site,,2024-01-01,2024-12-31,'NA',MSM_2024
MSM_TR_2024_battery-voltage_L2_v2-1.pdf,Plots of Jan 2024 sensor data for MSM-TR,,2024-01-01,2024-12-31,,MSM_2024
MSM_TR_2024_gw-act-cond_L2_v2-1.parquet,Year 2024 sensor data for TR plot at MSM site,,2024-01-01,2024-12-31,'NA',MSM_2024
MSM_TR_2024_gw-act-cond_L2_v2-1.pdf,Plots of Jan 2024 sensor data for MSM-TR,,2024-01-01,2024-12-31,,MSM_2024
MSM_TR_2024_gw-bar-pressure_L2_v2-1.parquet,Year 2024 sensor data for TR plot at MSM site,,2024-01-01,2024-12-31,'NA',MSM_2024
MSM_TR_2024_gw-bar-pressure_L2_v2-1.pdf,Plots of Jan 2024 sensor data for MSM-TR,,2024-01-01,2024-12-31,,MSM_2024
MSM_TR_2024_gw-battery_L2_v2-1.parquet,Year 2024 sensor data for TR plot at MSM site,,2024-01-01,2024-12-31,'NA',MSM_2024
MSM_TR_2024_gw-battery_L2_v2-1.pdf,Plots of Jan 2024 sensor data for MSM-TR,,2024-01-01,2024-12-31,,MSM_2024
MSM_TR_2024_gw-density_L2_v2-1.parquet,Year 2024 sensor data for TR plot at MSM site,,2024-01-01,2024-12-31,'NA',MSM_2024
MSM_TR_2024_gw-density_L2_v2-1.pdf,Plots of Jan 2024 sensor data for MSM-TR,,2024-01-01,2024-12-31,,MSM_2024
MSM_TR_2024_gw-depth_L2_v2-1.parquet,Year 2024 sensor data for TR plot at MSM site,,2024-01-01,2024-12-31,'NA',MSM_2024
MSM_TR_2024_gw-depth_L2_v2-1.pdf,Plots of Jan 2024 sensor data for MSM-TR,,2024-01-01,2024-12-31,,MSM_2024
MSM_TR_2024_gw-part-pressure_L2_v2-1.parquet,Year 2024 sensor data for TR plot at MSM site,,2024-01-01,2024-12-31,'NA',MSM_2024
MSM_TR_2024_gw-part-pressure_L2_v2-1.pdf,Plots of Jan 2024 sensor data for MSM-TR,,2024-01-01,2024-12-31,,MSM_2024
MSM_TR_2024_gw-perc-sat_L2_v2-1.parquet,Year 2024 sensor data for TR plot at MSM site,,2024-01-01,2024-12-31,'NA',MSM_2024
MSM_TR_2024_gw-perc-sat_L2_v2-1.pdf,Plots of Jan 2024 sensor data for MSM-TR,,2024-01-01,2024-12-31,,MSM_2024
MSM_TR_2024_gw-ph_L2_v2-1.parquet,Year 2024 sensor data for TR plot at MSM site,,2024-01-01,2024-12-31,'NA',MSM_2024
MSM_TR_2024_gw-ph_L2_v2-1.pdf,Plots of Jan 2024 sensor data for MSM-TR,,2024-01-01,2024-12-31,,MSM_2024
MSM_TR_2024_gw-ph-mv_L2_v2-1.parquet,Year 2024 sensor data for TR plot at MSM site,,2024-01-01,2024-12-31,'NA',MSM_2024
MSM_TR_2024_gw-ph-mv_L2_v2-1.pdf,Plots of Jan 2024 sensor data for MSM-TR,,2024-01-01,2024-12-31,,MSM_2024
MSM_TR_2024_gw-ph-orp_L2_v2-1.parquet,Year 2024 sensor data for TR plot at MSM site,,2024-01-01,2024-12-31,'NA',MSM_2024
MSM_TR_2024_gw-ph-orp_L2_v2-1.pdf,Plots of Jan 2024 sensor data for MSM-TR,,2024-01-01,2024-12-31,,MSM_2024
MSM_TR_2024_gw-pressure-vented_L2_v2-1.parquet,Year 2024 sensor data for TR plot at MSM site,,2024-01-01,2024-12-31,'NA',MSM_2024
MSM_TR_2024_gw-pressure-vented_L2_v2-1.pdf,Plots of Jan 2024 sensor data for MSM-TR,,2024-01-01,2024-12-31,,MSM_2024
MSM_TR_2024_gw-rdo-conc_L2_v2-1.parquet,Year 2024 sensor data for TR plot at MSM site,,2024-01-01,2024-12-31,'NA',MSM_2024
MSM_TR_2024_gw-rdo-conc_L2_v2-1.pdf,Plots of Jan 2024 sensor data for MSM-TR,,2024-01-01,2024-12-31,,MSM_2024
MSM_TR_2024_gw-resistivity_L2_v2-1.parquet,Year 2024 sensor data for TR plot at MSM site,,2024-01-01,2024-12-31,'NA',MSM_2024
MSM_TR_2024_gw-resistivity_L2_v2-1.pdf,Plots of Jan 2024 sensor data for MSM-TR,,2024-01-01,2024-12-31,,MSM_2024
MSM_TR_2024_gw-salinity_L2_v2-1.parquet,Year 2024 sensor data for TR plot at MSM site,,2024-01-01,2024-12-31,'NA',MSM_2024
MSM_TR_2024_gw-salinity_L2_v2-1.pdf,Plots of Jan 2024 sensor data for MSM-TR,,2024-01-01,2024-12-31,,MSM_2024
MSM_TR_2024_gw-spec-cond_L2_v2-1.parquet,Year 2024 sensor data for TR plot at MSM site,,2024-01-01,2024-12-31,'NA',MSM_2024
MSM_TR_2024_gw-spec-cond_L2_v2-1.pdf,Plots of Jan 2024 sensor data for MSM-TR,,2024-01-01,2024-12-31,,MSM_2024
MSM_TR_2024_gw-tds_L2_v2-1.parquet,Year 2024 sensor data for TR plot at MSM site,,2024-01-01,2024-12-31,'NA',MSM_2024
MSM_TR_2024_gw-tds_L2_v2-1.pdf,Plots of Jan 2024 sensor data for MSM-TR,,2024-01-01,2024-12-31,,MSM_2024
MSM_TR_2024_gw-temperature_L2_v2-1.parquet,Year 2024 sensor data for TR plot at MSM site,,2024-01-01,2024-12-31,'NA',MSM_2024
MSM_TR_2024_gw-temperature_L2_v2-1.pdf,Plots of Jan 2024 sensor data for MSM-TR,,2024-01-01,2024-12-31,,MSM_2024
MSM_TR_2024_gw-voltage-ext_L2_v2-1.parquet,Year 2024 sensor data for TR plot at MSM site,,2024-01-01,2024-12-31,'NA',MSM_2024
MSM_TR_2024_gw-voltage-ext_L2_v2-1.pdf,Plots of Jan 2024 sensor data for MSM-TR,,2024-01-01,2024-12-31,,MSM_2024
MSM_TR_2024_gw-wl-below-surface_L2_v2-1.parquet,Year 2024 sensor data for TR plot at MSM site,,2024-01-01,2024-12-31,'NA',MSM_2024
MSM_TR_2024_gw-wl-below-surface_L2_v2-1.pdf,Plots of Jan 2024 sensor data for MSM-TR,,2024-01-01,2024-12-31,,MSM_2024
MSM_TR_2024_sapflow-3.5cm_L2_v2-1.parquet,Year 2024 sensor data for TR plot at MSM site,,2024-01-01,2024-12-31,'NA',MSM_2024
MSM_TR_2024_sapflow-3.5cm_L2_v2-1.pdf,Plots of Jan 2024 sensor data for MSM-TR,,2024-01-01,2024-12-31,,MSM_2024
MSM_TR_2024_sapflow-5cm_L2_v2-1.parquet,Year 2024 sensor data for TR plot at MSM site,,2024-01-01,2024-12-31,'NA',MSM_2024
MSM_TR_2024_sapflow-5cm_L2_v2-1.pdf,Plots of Jan 2024 sensor data for MSM-TR,,2024-01-01,2024-12-31,,MSM_2024
MSM_TR_2024_soil-EC-10cm_L2_v2-1.parquet,Year 2024 sensor data for TR plot at MSM site,,2024-01-01,2024-12-31,'NA',MSM_2024
MSM_TR_2024_soil-EC-10cm_L2_v2-1.pdf,Plots of Jan 2024 sensor data for MSM-TR,,2024-01-01,2024-12-31,,MSM_2024
MSM_TR_2024_soil-EC-30cm_L2_v2-1.parquet,Year 2024 sensor data for TR plot at MSM site,,2024-01-01,2024-12-31,'NA',MSM_2024
MSM_TR_2024_soil-EC-30cm_L2_v2-1.pdf,Plots of Jan 2024 sensor data for MSM-TR,,2024-01-01,2024-12-31,,MSM_2024
MSM_TR_2024_soil-salinity-10cm_L2_v2-1.parquet,Year 2024 sensor data for TR plot at MSM site,,2024-01-01,2024-12-31,'NA',MSM_2024
MSM_TR_2024_soil-salinity-10cm_L2_v2-1.pdf,Plots of Jan 2024 sensor data for MSM-TR,,2024-01-01,2024-12-31,,MSM_2024
MSM_TR_2024_soil-salinity-30cm_L2_v2-1.parquet,Year 2024 sensor data for TR plot at MSM site,,2024-01-01,2024-12-31,'NA',MSM_2024
MSM_TR_2024_soil-salinity-30cm_L2_v2-1.pdf,Plots of Jan 2024 sensor data for MSM-TR,,2024-01-01,2024-12-31,,MSM_2024
MSM_TR_2024_soil-temp-10cm_L2_v2-1.parquet,Year 2024 sensor data for TR plot at MSM site,,2024-01-01,2024-12-31,'NA',MSM_2024
MSM_TR_2024_soil-temp-10cm_L2_v2-1.pdf,Plots of Jan 2024 sensor data for MSM-TR,,2024-01-01,2024-12-31,,MSM_2024
MSM_TR_2024_soil-temp-30cm_L2_v2-1.parquet,Year 2024 sensor data for TR plot at MSM site,,2024-01-01,2024-12-31,'NA',MSM_2024
MSM_TR_2024_soil-temp-30cm_L2_v2-1.pdf,Plots of Jan 2024 sensor data for MSM-TR,,2024-01-01,2024-12-31,,MSM_2024
MSM_TR_2024_soil-vwc-10cm_L2_v2-1.parquet,Year 2024 sensor data for TR plot at MSM site,,2024-01-01,2024-12-31,'NA',MSM_2024
MSM_TR_2024_soil-vwc-10cm_L2_v2-1.pdf,Plots of Jan 2024 sensor data for MSM-TR,,2024-01-01,2024-12-31,,MSM_2024
MSM_TR_2024_soil-vwc-30cm_L2_v2-1.parquet,Year 2024 sensor data for TR plot at MSM site,,2024-01-01,2024-12-31,'NA',MSM_2024
MSM_TR_2024_soil-vwc-30cm_L2_v2-1.pdf,Plots of Jan 2024 sensor data for MSM-TR,,2024-01-01,2024-12-31,,MSM_2024
MSM_TR_2024_solar-voltage_L2_v2-1.parquet,Year 2024 sensor data for TR plot at MSM site,,2024-01-01,2024-12-31,'NA',MSM_2024
MSM_TR_2024_solar-voltage_L2_v2-1.pdf,Plots of Jan 2024 sensor data for MSM-TR,,2024-01-01,2024-12-31,,MSM_2024
MSM_UP_2024_battery-voltage_L2_v2-1.parquet,Year 2024 sensor data for UP plot at MSM site,,2024-01-01,2024-12-31,'NA',MSM_2024
MSM_UP_2024_battery-voltage_L2_v2-1.pdf,Plots of Jan 2024 sensor data for MSM-UP,,2024-01-01,2024-12-31,,MSM_2024
MSM_UP_2024_gw-act-cond_L2_v2-1.parquet,Year 2024 sensor data for UP plot at MSM site,,2024-01-01,2024-12-31,'NA',MSM_2024
MSM_UP_2024_gw-act-cond_L2_v2-1.pdf,Plots of Jan 2024 sensor data for MSM-UP,,2024-01-01,2024-12-31,,MSM_2024
MSM_UP_2024_gw-bar-pressure_L2_v2-1.parquet,Year 2024 sensor data for UP plot at MSM site,,2024-01-01,2024-12-31,'NA',MSM_2024
MSM_UP_2024_gw-bar-pressure_L2_v2-1.pdf,Plots of Jan 2024 sensor data for MSM-UP,,2024-01-01,2024-12-31,,MSM_2024
MSM_UP_2024_gw-battery_L2_v2-1.parquet,Year 2024 sensor data for UP plot at MSM site,,2024-01-01,2024-12-31,'NA',MSM_2024
MSM_UP_2024_gw-battery_L2_v2-1.pdf,Plots of Jan 2024 sensor data for MSM-UP,,2024-01-01,2024-12-31,,MSM_2024
MSM_UP_2024_gw-density_L2_v2-1.parquet,Year 2024 sensor data for UP plot at MSM site,,2024-01-01,2024-12-31,'NA',MSM_2024
MSM_UP_2024_gw-density_L2_v2-1.pdf,Plots of Jan 2024 sensor data for MSM-UP,,2024-01-01,2024-12-31,,MSM_2024
MSM_UP_2024_gw-depth_L2_v2-1.parquet,Year 2024 sensor data for UP plot at MSM site,,2024-01-01,2024-12-31,'NA',MSM_2024
MSM_UP_2024_gw-depth_L2_v2-1.pdf,Plots of Jan 2024 sensor data for MSM-UP,,2024-01-01,2024-12-31,,MSM_2024
MSM_UP_2024_gw-part-pressure_L2_v2-1.parquet,Year 2024 sensor data for UP plot at MSM site,,2024-01-01,2024-12-31,'NA',MSM_2024
MSM_UP_2024_gw-part-pressure_L2_v2-1.pdf,Plots of Jan 2024 sensor data for MSM-UP,,2024-01-01,2024-12-31,,MSM_2024
MSM_UP_2024_gw-perc-sat_L2_v2-1.parquet,Year 2024 sensor data for UP plot at MSM site,,2024-01-01,2024-12-31,'NA',MSM_2024
MSM_UP_2024_gw-perc-sat_L2_v2-1.pdf,Plots of Jan 2024 sensor data for MSM-UP,,2024-01-01,2024-12-31,,MSM_2024
MSM_UP_2024_gw-ph_L2_v2-1.parquet,Year 2024 sensor data for UP plot at MSM site,,2024-01-01,2024-12-31,'NA',MSM_2024
MSM_UP_2024_gw-ph_L2_v2-1.pdf,Plots of Jan 2024 sensor data for MSM-UP,,2024-01-01,2024-12-31,,MSM_2024
MSM_UP_2024_gw-ph-mv_L2_v2-1.parquet,Year 2024 sensor data for UP plot at MSM site,,2024-01-01,2024-12-31,'NA',MSM_2024
MSM_UP_2024_gw-ph-mv_L2_v2-1.pdf,Plots of Jan 2024 sensor data for MSM-UP,,2024-01-01,2024-12-31,,MSM_2024
MSM_UP_2024_gw-ph-orp_L2_v2-1.parquet,Year 2024 sensor data for UP plot at MSM site,,2024-01-01,2024-12-31,'NA',MSM_2024
MSM_UP_2024_gw-ph-orp_L2_v2-1.pdf,Plots of Jan 2024 sensor data for MSM-UP,,2024-01-01,2024-12-31,,MSM_2024
MSM_UP_2024_gw-pressure-vented_L2_v2-1.parquet,Year 2024 sensor data for UP plot at MSM site,,2024-01-01,2024-12-31,'NA',MSM_2024
MSM_UP_2024_gw-pressure-vented_L2_v2-1.pdf,Plots of Jan 2024 sensor data for MSM-UP,,2024-01-01,2024-12-31,,MSM_2024
MSM_UP_2024_gw-rdo-conc_L2_v2-1.parquet,Year 2024 sensor data for UP plot at MSM site,,2024-01-01,2024-12-31,'NA',MSM_2024
MSM_UP_2024_gw-rdo-conc_L2_v2-1.pdf,Plots of Jan 2024 sensor data for MSM-UP,,2024-01-01,2024-12-31,,MSM_2024
MSM_UP_2024_gw-resistivity_L2_v2-1.parquet,Year 2024 sensor data for UP plot at MSM site,,2024-01-01,2024-12-31,'NA',MSM_2024
MSM_UP_2024_gw-resistivity_L2_v2-1.pdf,Plots of Jan 2024 sensor data for MSM-UP,,2024-01-01,2024-12-31,,MSM_2024
MSM_UP_2024_gw-salinity_L2_v2-1.parquet,Year 2024 sensor data for UP plot at MSM site,,2024-01-01,2024-12-31,'NA',MSM_2024
MSM_UP_2024_gw-salinity_L2_v2-1.pdf,Plots of Jan 2024 sensor data for MSM-UP,,2024-01-01,2024-12-31,,MSM_2024
MSM_UP_2024_gw-spec-cond_L2_v2-1.parquet,Year 2024 sensor data for UP plot at MSM site,,2024-01-01,2024-12-31,'NA',MSM_2024
MSM_UP_2024_gw-spec-cond_L2_v2-1.pdf,Plots of Jan 2024 sensor data for MSM-UP,,2024-01-01,2024-12-31,,MSM_2024
MSM_UP_2024_gw-tds_L2_v2-1.parquet,Year 2024 sensor data for UP plot at MSM site,,2024-01-01,2024-12-31,'NA',MSM_2024
MSM_UP_2024_gw-tds_L2_v2-1.pdf,Plots of Jan 2024 sensor data for MSM-UP,,2024-01-01,2024-12-31,,MSM_2024
MSM_UP_2024_gw-temperature_L2_v2-1.parquet,Year 2024 sensor data for UP plot at MSM site,,2024-01-01,2024-12-31,'NA',MSM_2024
MSM_UP_2024_gw-temperature_L2_v2-1.pdf,Plots of Jan 2024 sensor data for MSM-UP,,2024-01-01,2024-12-31,,MSM_2024
MSM_UP_2024_gw-voltage-ext_L2_v2-1.parquet,Year 2024 sensor data for UP plot at MSM site,,2024-01-01,2024-12-31,'NA',MSM_2024
MSM_UP_2024_gw-voltage-ext_L2_v2-1.pdf,Plots of Jan 2024 sensor data for MSM-UP,,2024-01-01,2024-12-31,,MSM_2024
MSM_UP_2024_gw-wl-below-surface_L2_v2-1.parquet,Year 2024 sensor data for UP plot at MSM site,,2024-01-01,2024-12-31,'NA',MSM_2024
MSM_UP_2024_gw-wl-below-surface_L2_v2-1.pdf,Plots of Jan 2024 sensor data for MSM-UP,,2024-01-01,2024-12-31,,MSM_2024
MSM_UP_2024_sapflow-3.5cm_L2_v2-1.parquet,Year 2024 sensor data for UP plot at MSM site,,2024-01-01,2024-12-31,'NA',MSM_2024
MSM_UP_2024_sapflow-3.5cm_L2_v2-1.pdf,Plots of Jan 2024 sensor data for MSM-UP,,2024-01-01,2024-12-31,,MSM_2024
MSM_UP_2024_sapflow-5cm_L2_v2-1.parquet,Year 2024 sensor data for UP plot at MSM site,,2024-01-01,2024-12-31,'NA',MSM_2024
MSM_UP_2024_sapflow-5cm_L2_v2-1.pdf,Plots of Jan 2024 sensor data for MSM-UP,,2024-01-01,2024-12-31,,MSM_2024
MSM_UP_2024_soil-EC-10cm_L2_v2-1.parquet,Year 2024 sensor data for UP plot at MSM site,,2024-01-01,2024-12-31,'NA',MSM_2024
MSM_UP_2024_soil-EC-10cm_L2_v2-1.pdf,Plots of Jan 2024 sensor data for MSM-UP,,2024-01-01,2024-12-31,,MSM_2024
MSM_UP_2024_soil-EC-30cm_L2_v2-1.parquet,Year 2024 sensor data for UP plot at MSM site,,2024-01-01,2024-12-31,'NA',MSM_2024
MSM_UP_2024_soil-EC-30cm_L2_v2-1.pdf,Plots of Jan 2024 sensor data for MSM-UP,,2024-01-01,2024-12-31,,MSM_2024
MSM_UP_2024_soil-salinity-10cm_L2_v2-1.parquet,Year 2024 sensor data for UP plot at MSM site,,2024-01-01,2024-12-31,'NA',MSM_2024
MSM_UP_2024_soil-salinity-10cm_L2_v2-1.pdf,Plots of Jan 2024 sensor data for MSM-UP,,2024-01-01,2024-12-31,,MSM_2024
MSM_UP_2024_soil-salinity-30cm_L2_v2-1.parquet,Year 2024 sensor data for UP plot at MSM site,,2024-01-01,2024-12-31,'NA',MSM_2024
MSM_UP_2024_soil-salinity-30cm_L2_v2-1.pdf,Plots of Jan 2024 sensor data for MSM-UP,,2024-01-01,2024-12-31,,MSM_2024
MSM_UP_2024_soil-temp-10cm_L2_v2-1.parquet,Year 2024 sensor data for UP plot at MSM site,,2024-01-01,2024-12-31,'NA',MSM_2024
MSM_UP_2024_soil-temp-10cm_L2_v2-1.pdf,Plots of Jan 2024 sensor data for MSM-UP,,2024-01-01,2024-12-31,,MSM_2024
MSM_UP_2024_soil-temp-30cm_L2_v2-1.parquet,Year 2024 sensor data for UP plot at MSM site,,2024-01-01,2024-12-31,'NA',MSM_2024
MSM_UP_2024_soil-temp-30cm_L2_v2-1.pdf,Plots of Jan 2024 sensor data for MSM-UP,,2024-01-01,2024-12-31,,MSM_2024
MSM_UP_2024_soil-vwc-10cm_L2_v2-1.parquet,Year 2024 sensor data for UP plot at MSM site,,2024-01-01,2024-12-31,'NA',MSM_2024
MSM_UP_2024_soil-vwc-10cm_L2_v2-1.pdf,Plots of Jan 2024 sensor data for MSM-UP,,2024-01-01,2024-12-31,,MSM_2024
MSM_UP_2024_soil-vwc-30cm_L2_v2-1.parquet,Year 2024 sensor data for UP plot at MSM site,,2024-01-01,2024-12-31,'NA',MSM_2024
MSM_UP_2024_soil-vwc-30cm_L2_v2-1.pdf,Plots of Jan 2024 sensor data for MSM-UP,,2024-01-01,2024-12-31,,MSM_2024
MSM_UP_2024_solar-voltage_L2_v2-1.parquet,Year 2024 sensor data for UP plot at MSM site,,2024-01-01,2024-12-31,'NA',MSM_2024
MSM_UP_2024_solar-voltage_L2_v2-1.pdf,Plots of Jan 2024 sensor data for MSM-UP,,2024-01-01,2024-12-31,,MSM_2024
MSM_W_2024_battery-voltage_L2_v2-1.parquet,Year 2024 sensor data for W plot at MSM site,,2024-01-01,2024-12-31,'NA',MSM_2024
MSM_W_2024_battery-voltage_L2_v2-1.pdf,Plots of Jan 2024 sensor data for MSM-W,,2024-01-01,2024-12-31,,MSM_2024
MSM_W_2024_gw-act-cond_L2_v2-1.parquet,Year 2024 sensor data for W plot at MSM site,,2024-01-01,2024-12-31,'NA',MSM_2024
MSM_W_2024_gw-act-cond_L2_v2-1.pdf,Plots of Jan 2024 sensor data for MSM-W,,2024-01-01,2024-12-31,,MSM_2024
MSM_W_2024_gw-bar-pressure_L2_v2-1.parquet,Year 2024 sensor data for W plot at MSM site,,2024-01-01,2024-12-31,'NA',MSM_2024
MSM_W_2024_gw-bar-pressure_L2_v2-1.pdf,Plots of Jan 2024 sensor data for MSM-W,,2024-01-01,2024-12-31,,MSM_2024
MSM_W_2024_gw-battery_L2_v2-1.parquet,Year 2024 sensor data for W plot at MSM site,,2024-01-01,2024-12-31,'NA',MSM_2024
MSM_W_2024_gw-battery_L2_v2-1.pdf,Plots of Jan 2024 sensor data for MSM-W,,2024-01-01,2024-12-31,,MSM_2024
MSM_W_2024_gw-density_L2_v2-1.parquet,Year 2024 sensor data for W plot at MSM site,,2024-01-01,2024-12-31,'NA',MSM_2024
MSM_W_2024_gw-density_L2_v2-1.pdf,Plots of Jan 2024 sensor data for MSM-W,,2024-01-01,2024-12-31,,MSM_2024
MSM_W_2024_gw-depth_L2_v2-1.parquet,Year 2024 sensor data for W plot at MSM site,,2024-01-01,2024-12-31,'NA',MSM_2024
MSM_W_2024_gw-depth_L2_v2-1.pdf,Plots of Jan 2024 sensor data for MSM-W,,2024-01-01,2024-12-31,,MSM_2024
MSM_W_2024_gw-part-pressure_L2_v2-1.parquet,Year 2024 sensor data for W plot at MSM site,,2024-01-01,2024-12-31,'NA',MSM_2024
MSM_W_2024_gw-part-pressure_L2_v2-1.pdf,Plots of Jan 2024 sensor data for MSM-W,,2024-01-01,2024-12-31,,MSM_2024
MSM_W_2024_gw-perc-sat_L2_v2-1.parquet,Year 2024 sensor data for W plot at MSM site,,2024-01-01,2024-12-31,'NA',MSM_2024
MSM_W_2024_gw-perc-sat_L2_v2-1.pdf,Plots of Jan 2024 sensor data for MSM-W,,2024-01-01,2024-12-31,,MSM_2024
MSM_W_2024_gw-ph_L2_v2-1.parquet,Year 2024 sensor data for W plot at MSM site,,2024-01-01,2024-12-31,'NA',MSM_2024
MSM_W_2024_gw-ph_L2_v2-1.pdf,Plots of Jan 2024 sensor data for MSM-W,,2024-01-01,2024-12-31,,MSM_2024
MSM_W_2024_gw-ph-mv_L2_v2-1.parquet,Year 2024 sensor data for W plot at MSM site,,2024-01-01,2024-12-31,'NA',MSM_2024
MSM_W_2024_gw-ph-mv_L2_v2-1.pdf,Plots of Jan 2024 sensor data for MSM-W,,2024-01-01,2024-12-31,,MSM_2024
MSM_W_2024_gw-ph-orp_L2_v2-1.parquet,Year 2024 sensor data for W plot at MSM site,,2024-01-01,2024-12-31,'NA',MSM_2024
MSM_W_2024_gw-ph-orp_L2_v2-1.pdf,Plots of Jan 2024 sensor data for MSM-W,,2024-01-01,2024-12-31,,MSM_2024
MSM_W_2024_gw-pressure-vented_L2_v2-1.parquet,Year 2024 sensor data for W plot at MSM site,,2024-01-01,2024-12-31,'NA',MSM_2024
MSM_W_2024_gw-pressure-vented_L2_v2-1.pdf,Plots of Jan 2024 sensor data for MSM-W,,2024-01-01,2024-12-31,,MSM_2024
MSM_W_2024_gw-rdo-conc_L2_v2-1.parquet,Year 2024 sensor data for W plot at MSM site,,2024-01-01,2024-12-31,'NA',MSM_2024
MSM_W_2024_gw-rdo-conc_L2_v2-1.pdf,Plots of Jan 2024 sensor data for MSM-W,,2024-01-01,2024-12-31,,MSM_2024
MSM_W_2024_gw-resistivity_L2_v2-1.parquet,Year 2024 sensor data for W plot at MSM site,,2024-01-01,2024-12-31,'NA',MSM_2024
MSM_W_2024_gw-resistivity_L2_v2-1.pdf,Plots of Jan 2024 sensor data for MSM-W,,2024-01-01,2024-12-31,,MSM_2024
MSM_W_2024_gw-salinity_L2_v2-1.parquet,Year 2024 sensor data for W plot at MSM site,,2024-01-01,2024-12-31,'NA',MSM_2024
MSM_W_2024_gw-salinity_L2_v2-1.pdf,Plots of Jan 2024 sensor data for MSM-W,,2024-01-01,2024-12-31,,MSM_2024
MSM_W_2024_gw-spec-cond_L2_v2-1.parquet,Year 2024 sensor data for W plot at MSM site,,2024-01-01,2024-12-31,'NA',MSM_2024
MSM_W_2024_gw-spec-cond_L2_v2-1.pdf,Plots of Jan 2024 sensor data for MSM-W,,2024-01-01,2024-12-31,,MSM_2024
MSM_W_2024_gw-tds_L2_v2-1.parquet,Year 2024 sensor data for W plot at MSM site,,2024-01-01,2024-12-31,'NA',MSM_2024
MSM_W_2024_gw-tds_L2_v2-1.pdf,Plots of Jan 2024 sensor data for MSM-W,,2024-01-01,2024-12-31,,MSM_2024
MSM_W_2024_gw-temperature_L2_v2-1.parquet,Year 2024 sensor data for W plot at MSM site,,2024-01-01,2024-12-31,'NA',MSM_2024
MSM_W_2024_gw-temperature_L2_v2-1.pdf,Plots of Jan 2024 sensor data for MSM-W,,2024-01-01,2024-12-31,,MSM_2024
MSM_W_2024_gw-voltage-ext_L2_v2-1.parquet,Year 2024 sensor data for W plot at MSM site,,2024-01-01,2024-12-31,'NA',MSM_2024
MSM_W_2024_gw-voltage-ext_L2_v2-1.pdf,Plots of Jan 2024 sensor data for MSM-W,,2024-01-01,2024-12-31,,MSM_2024
MSM_W_2024_gw-wl-below-surface_L2_v2-1.parquet,Year 2024 sensor data for W plot at MSM site,,2024-01-01,2024-12-31,'NA',MSM_2024
MSM_W_2024_gw-wl-below-surface_L2_v2-1.pdf,Plots of Jan 2024 sensor data for MSM-W,,2024-01-01,2024-12-31,,MSM_2024
MSM_W_2024_soil-EC-10cm_L2_v2-1.parquet,Year 2024 sensor data for W plot at MSM site,,2024-01-01,2024-12-31,'NA',MSM_2024
MSM_W_2024_soil-EC-10cm_L2_v2-1.pdf,Plots of Jan 2024 sensor data for MSM-W,,2024-01-01,2024-12-31,,MSM_2024
MSM_W_2024_soil-EC-30cm_L2_v2-1.parquet,Year 2024 sensor data for W plot at MSM site,,2024-01-01,2024-12-31,'NA',MSM_2024
MSM_W_2024_soil-EC-30cm_L2_v2-1.pdf,Plots of Jan 2024 sensor data for MSM-W,,2024-01-01,2024-12-31,,MSM_2024
MSM_W_2024_soil-salinity-10cm_L2_v2-1.parquet,Year 2024 sensor data for W plot at MSM site,,2024-01-01,2024-12-31,'NA',MSM_2024
MSM_W_2024_soil-salinity-10cm_L2_v2-1.pdf,Plots of Jan 2024 sensor data for MSM-W,,2024-01-01,2024-12-31,,MSM_2024
MSM_W_2024_soil-salinity-30cm_L2_v2-1.parquet,Year 2024 sensor data for W plot at MSM site,,2024-01-01,2024-12-31,'NA',MSM_2024
MSM_W_2024_soil-salinity-30cm_L2_v2-1.pdf,Plots of Jan 2024 sensor data for MSM-W,,2024-01-01,2024-12-31,,MSM_2024
MSM_W_2024_soil-temp-10cm_L2_v2-1.parquet,Year 2024 sensor data for W plot at MSM site,,2024-01-01,2024-12-31,'NA',MSM_2024
MSM_W_2024_soil-temp-10cm_L2_v2-1.pdf,Plots of Jan 2024 sensor data for MSM-W,,2024-01-01,2024-12-31,,MSM_2024
MSM_W_2024_soil-temp-30cm_L2_v2-1.parquet,Year 2024 sensor data for W plot at MSM site,,2024-01-01,2024-12-31,'NA',MSM_2024
MSM_W_2024_soil-temp-30cm_L2_v2-1.pdf,Plots of Jan 2024 sensor data for MSM-W,,2024-01-01,2024-12-31,,MSM_2024
MSM_W_2024_soil-vwc-10cm_L2_v2-1.parquet,Year 2024 sensor data for W plot at MSM site,,2024-01-01,2024-12-31,'NA',MSM_2024
MSM_W_2024_soil-vwc-10cm_L2_v2-1.pdf,Plots of Jan 2024 sensor data for MSM-W,,2024-01-01,2024-12-31,,MSM_2024
MSM_W_2024_soil-vwc-30cm_L2_v2-1.parquet,Year 2024 sensor data for W plot at MSM site,,2024-01-01,2024-12-31,'NA',MSM_2024
MSM_W_2024_soil-vwc-30cm_L2_v2-1.pdf,Plots of Jan 2024 sensor data for MSM-W,,2024-01-01,2024-12-31,,MSM_2024
MSM_W_2024_solar-voltage_L2_v2-1.parquet,Year 2024 sensor data for W plot at MSM site,,2024-01-01,2024-12-31,'NA',MSM_2024
MSM_W_2024_solar-voltage_L2_v2-1.pdf,Plots of Jan 2024 sensor data for MSM-W,,2024-01-01,2024-12-31,,MSM_2024
MSM_W_2024_wx-barpress15_L2_v2-1.parquet,Year 2024 sensor data for W plot at MSM site,,2024-01-01,2024-12-31,'NA',MSM_2024
MSM_W_2024_wx-barpress15_L2_v2-1.pdf,Plots of Jan 2024 sensor data for MSM-W,,2024-01-01,2024-12-31,,MSM_2024
MSM_W_2024_wx-bpmax15_L2_v2-1.parquet,Year 2024 sensor data for W plot at MSM site,,2024-01-01,2024-12-31,'NA',MSM_2024
MSM_W_2024_wx-bpmax15_L2_v2-1.pdf,Plots of Jan 2024 sensor data for MSM-W,,2024-01-01,2024-12-31,,MSM_2024
MSM_W_2024_wx-bpmin15_L2_v2-1.parquet,Year 2024 sensor data for W plot at MSM site,,2024-01-01,2024-12-31,'NA',MSM_2024
MSM_W_2024_wx-bpmin15_L2_v2-1.pdf,Plots of Jan 2024 sensor data for MSM-W,,2024-01-01,2024-12-31,,MSM_2024
MSM_W_2024_wx-dist-min15_L2_v2-1.parquet,Year 2024 sensor data for W plot at MSM site,,2024-01-01,2024-12-31,'NA',MSM_2024
MSM_W_2024_wx-dist-min15_L2_v2-1.pdf,Plots of Jan 2024 sensor data for MSM-W,,2024-01-01,2024-12-31,,MSM_2024
MSM_W_2024_wx-invalid-wind15_L2_v2-1.parquet,Year 2024 sensor data for W plot at MSM site,,2024-01-01,2024-12-31,'NA',MSM_2024
MSM_W_2024_wx-invalid-wind15_L2_v2-1.pdf,Plots of Jan 2024 sensor data for MSM-W,,2024-01-01,2024-12-31,,MSM_2024
MSM_W_2024_wx-maxws15_L2_v2-1.parquet,Year 2024 sensor data for W plot at MSM site,,2024-01-01,2024-12-31,'NA',MSM_2024
MSM_W_2024_wx-maxws15_L2_v2-1.pdf,Plots of Jan 2024 sensor data for MSM-W,,2024-01-01,2024-12-31,,MSM_2024
MSM_W_2024_wx-maxws24_L2_v2-1.parquet,Year 2024 sensor data for W plot at MSM site,,2024-01-01,2024-12-31,'NA',MSM_2024
MSM_W_2024_wx-maxws24_L2_v2-1.pdf,Plots of Jan 2024 sensor data for MSM-W,,2024-01-01,2024-12-31,,MSM_2024
MSM_W_2024_wx-par-den15_L2_v2-1.parquet,Year 2024 sensor data for W plot at MSM site,,2024-01-01,2024-12-31,'NA',MSM_2024
MSM_W_2024_wx-par-den15_L2_v2-1.pdf,Plots of Jan 2024 sensor data for MSM-W,,2024-01-01,2024-12-31,,MSM_2024
MSM_W_2024_wx-par-den24_L2_v2-1.parquet,Year 2024 sensor data for W plot at MSM site,,2024-01-01,2024-12-31,'NA',MSM_2024
MSM_W_2024_wx-par-den24_L2_v2-1.pdf,Plots of Jan 2024 sensor data for MSM-W,,2024-01-01,2024-12-31,,MSM_2024
MSM_W_2024_wx-par-tot15_L2_v2-1.parquet,Year 2024 sensor data for W plot at MSM site,,2024-01-01,2024-12-31,'NA',MSM_2024
MSM_W_2024_wx-par-tot15_L2_v2-1.pdf,Plots of Jan 2024 sensor data for MSM-W,,2024-01-01,2024-12-31,,MSM_2024
MSM_W_2024_wx-par-tot24_L2_v2-1.parquet,Year 2024 sensor data for W plot at MSM site,,2024-01-01,2024-12-31,'NA',MSM_2024
MSM_W_2024_wx-par-tot24_L2_v2-1.pdf,Plots of Jan 2024 sensor data for MSM-W,,2024-01-01,2024-12-31,,MSM_2024
MSM_W_2024_wx-rain15_L2_v2-1.parquet,Year 2024 sensor data for W plot at MSM site,,2024-01-01,2024-12-31,'NA',MSM_2024
MSM_W_2024_wx-rain15_L2_v2-1.pdf,Plots of Jan 2024 sensor data for MSM-W,,2024-01-01,2024-12-31,,MSM_2024
MSM_W_2024_wx-rain24_L2_v2-1.parquet,Year 2024 sensor data for W plot at MSM site,,2024-01-01,2024-12-31,'NA',MSM_2024
MSM_W_2024_wx-rain24_L2_v2-1.pdf,Plots of Jan 2024 sensor data for MSM-W,,2024-01-01,2024-12-31,,MSM_2024
MSM_W_2024_wx-rh15_L2_v2-1.parquet,Year 2024 sensor data for W plot at MSM site,,2024-01-01,2024-12-31,'NA',MSM_2024
MSM_W_2024_wx-rh15_L2_v2-1.pdf,Plots of Jan 2024 sensor data for MSM-W,,2024-01-01,2024-12-31,,MSM_2024
MSM_W_2024_wx-rh24_L2_v2-1.parquet,Year 2024 sensor data for W plot at MSM site,,2024-01-01,2024-12-31,'NA',MSM_2024
MSM_W_2024_wx-rh24_L2_v2-1.pdf,Plots of Jan 2024 sensor data for MSM-W,,2024-01-01,2024-12-31,,MSM_2024
MSM_W_2024_wx-rht24_L2_v2-1.parquet,Year 2024 sensor data for W plot at MSM site,,2024-01-01,2024-12-31,'NA',MSM_2024
MSM_W_2024_wx-rht24_L2_v2-1.pdf,Plots of Jan 2024 sensor data for MSM-W,,2024-01-01,2024-12-31,,MSM_2024
MSM_W_2024_wx-rhtmax24_L2_v2-1.parquet,Year 2024 sensor data for W plot at MSM site,,2024-01-01,2024-12-31,'NA',MSM_2024
MSM_W_2024_wx-rhtmax24_L2_v2-1.pdf,Plots of Jan 2024 sensor data for MSM-W,,2024-01-01,2024-12-31,,MSM_2024
MSM_W_2024_wx-rhtmin24_L2_v2-1.parquet,Year 2024 sensor data for W plot at MSM site,,2024-01-01,2024-12-31,'NA',MSM_2024
MSM_W_2024_wx-rhtmin24_L2_v2-1.pdf,Plots of Jan 2024 sensor data for MSM-W,,2024-01-01,2024-12-31,,MSM_2024
MSM_W_2024_wx-slr-fd15_L2_v2-1.parquet,Year 2024 sensor data for W plot at MSM site,,2024-01-01,2024-12-31,'NA',MSM_2024
MSM_W_2024_wx-slr-fd15_L2_v2-1.pdf,Plots of Jan 2024 sensor data for MSM-W,,2024-01-01,2024-12-31,,MSM_2024
MSM_W_2024_wx-slr-fd24_L2_v2-1.parquet,Year 2024 sensor data for W plot at MSM site,,2024-01-01,2024-12-31,'NA',MSM_2024
MSM_W_2024_wx-slr-fd24_L2_v2-1.pdf,Plots of Jan 2024 sensor data for MSM-W,,2024-01-01,2024-12-31,,MSM_2024
MSM_W_2024_wx-slr-tf15_L2_v2-1.parquet,Year 2024 sensor data for W plot at MSM site,,2024-01-01,2024-12-31,'NA',MSM_2024
MSM_W_2024_wx-slr-tf15_L2_v2-1.pdf,Plots of Jan 2024 sensor data for MSM-W,,2024-01-01,2024-12-31,,MSM_2024
MSM_W_2024_wx-slr-tf24_L2_v2-1.parquet,Year 2024 sensor data for W plot at MSM site,,2024-01-01,2024-12-31,'NA',MSM_2024
MSM_W_2024_wx-slr-tf24_L2_v2-1.pdf,Plots of Jan 2024 sensor data for MSM-W,,2024-01-01,2024-12-31,,MSM_2024
MSM_W_2024_wx-strikes15_L2_v2-1.parquet,Year 2024 sensor data for W plot at MSM site,,2024-01-01,2024-12-31,'NA',MSM_2024
MSM_W_2024_wx-strikes15_L2_v2-1.pdf,Plots of Jan 2024 sensor data for MSM-W,,2024-01-01,2024-12-31,,MSM_2024
MSM_W_2024_wx-tempavg15_L2_v2-1.parquet,Year 2024 sensor data for W plot at MSM site,,2024-01-01,2024-12-31,'NA',MSM_2024
MSM_W_2024_wx-tempavg15_L2_v2-1.pdf,Plots of Jan 2024 sensor data for MSM-W,,2024-01-01,2024-12-31,,MSM_2024
MSM_W_2024_wx-tempavg24_L2_v2-1.parquet,Year 2024 sensor data for W plot at MSM site,,2024-01-01,2024-12-31,'NA',MSM_2024
MSM_W_2024_wx-tempavg24_L2_v2-1.pdf,Plots of Jan 2024 sensor data for MSM-W,,2024-01-01,2024-12-31,,MSM_2024
MSM_W_2024_wx-tempmax15_L2_v2-1.parquet,Year 2024 sensor data for W plot at MSM site,,2024-01-01,2024-12-31,'NA',MSM_2024
MSM_W_2024_wx-tempmax15_L2_v2-1.pdf,Plots of Jan 2024 sensor data for MSM-W,,2024-01-01,2024-12-31,,MSM_2024
MSM_W_2024_wx-tempmax24_L2_v2-1.parquet,Year 2024 sensor data for W plot at MSM site,,2024-01-01,2024-12-31,'NA',MSM_2024
MSM_W_2024_wx-tempmax24_L2_v2-1.pdf,Plots of Jan 2024 sensor data for MSM-W,,2024-01-01,2024-12-31,,MSM_2024
MSM_W_2024_wx-tempmin15_L2_v2-1.parquet,Year 2024 sensor data for W plot at MSM site,,2024-01-01,2024-12-31,'NA',MSM_2024
MSM_W_2024_wx-tempmin15_L2_v2-1.pdf,Plots of Jan 2024 sensor data for MSM-W,,2024-01-01,2024-12-31,,MSM_2024
MSM_W_2024_wx-tempmin24_L2_v2-1.parquet,Year 2024 sensor data for W plot at MSM site,,2024-01-01,2024-12-31,'NA',MSM_2024
MSM_W_2024_wx-tempmin24_L2_v2-1.pdf,Plots of Jan 2024 sensor data for MSM-W,,2024-01-01,2024-12-31,,MSM_2024
MSM_W_2024_wx-tilt-ns15_L2_v2-1.parquet,Year 2024 sensor data for W plot at MSM site,,2024-01-01,2024-12-31,'NA',MSM_2024
MSM_W_2024_wx-tilt-ns15_L2_v2-1.pdf,Plots of Jan 2024 sensor data for MSM-W,,2024-01-01,2024-12-31,,MSM_2024
MSM_W_2024_wx-tilt-ns24_L2_v2-1.parquet,Year 2024 sensor data for W plot at MSM site,,2024-01-01,2024-12-31,'NA',MSM_2024
MSM_W_2024_wx-tilt-ns24_L2_v2-1.pdf,Plots of Jan 2024 sensor data for MSM-W,,2024-01-01,2024-12-31,,MSM_2024
MSM_W_2024_wx-tilt-we15_L2_v2-1.parquet,Year 2024 sensor data for W plot at MSM site,,2024-01-01,2024-12-31,'NA',MSM_2024
MSM_W_2024_wx-tilt-we15_L2_v2-1.pdf,Plots of Jan 2024 sensor data for MSM-W,,2024-01-01,2024-12-31,,MSM_2024
MSM_W_2024_wx-tilt-we24_L2_v2-1.parquet,Year 2024 sensor data for W plot at MSM site,,2024-01-01,2024-12-31,'NA',MSM_2024
MSM_W_2024_wx-tilt-we24_L2_v2-1.pdf,Plots of Jan 2024 sensor data for MSM-W,,2024-01-01,2024-12-31,,MSM_2024
MSM_W_2024_wx-vappress15_L2_v2-1.parquet,Year 2024 sensor data for W plot at MSM site,,2024-01-01,2024-12-31,'NA',MSM_2024
MSM_W_2024_wx-vappress15_L2_v2-1.pdf,Plots of Jan 2024 sensor data for MSM-W,,2024-01-01,2024-12-31,,MSM_2024
MSM_W_2024_wx-vappress24_L2_v2-1.parquet,Year 2024 sensor data for W plot at MSM site,,2024-01-01,2024-12-31,'NA',MSM_2024
MSM_W_2024_wx-vappress24_L2_v2-1.pdf,Plots of Jan 2024 sensor data for MSM-W,,2024-01-01,2024-12-31,,MSM_2024
MSM_W_2024_wx-winddir-sd115_L2_v2-1.parquet,Year 2024 sensor data for W plot at MSM site,,2024-01-01,2024-12-31,'NA',MSM_2024
MSM_W_2024_wx-winddir-sd115_L2_v2-1.pdf,Plots of Jan 2024 sensor data for MSM-W,,2024-01-01,2024-12-31,,MSM_2024
MSM_W_2024_wx-winddir15_L2_v2-1.parquet,Year 2024 sensor data for W plot at MSM site,,2024-01-01,2024-12-31,'NA',MSM_2024
MSM_W_2024_wx-winddir15_L2_v2-1.pdf,Plots of Jan 2024 sensor data for MSM-W,,2024-01-01,2024-12-31,,MSM_2024
MSM_W_2024_wx-winderrors24_L2_v2-1.parquet,Year 2024 sensor data for W plot at MSM site,,2024-01-01,2024-12-31,'NA',MSM_2024
MSM_W_2024_wx-winderrors24_L2_v2-1.pdf,Plots of Jan 2024 sensor data for MSM-W,,2024-01-01,2024-12-31,,MSM_2024
MSM_W_2024_wx-windspeed15_L2_v2-1.parquet,Year 2024 sensor data for W plot at MSM site,,2024-01-01,2024-12-31,'NA',MSM_2024
MSM_W_2024_wx-windspeed15_L2_v2-1.pdf,Plots of Jan 2024 sensor data for MSM-W,,2024-01-01,2024-12-31,,MSM_2024
MSM_2025_L2_v2-1_metadata.txt,Metadata for all data files in MSM_2025 folder,,,,,MSM_2025
MSM_OW_2025_battery-voltage_L2_v2-1.parquet,Year 2025 sensor data for OW plot at MSM site,,2025-01-01,2025-12-31,'NA',MSM_2025
MSM_OW_2025_battery-voltage_L2_v2-1.pdf,Plots of Jan 2025 sensor data for MSM-OW,,2025-01-01,2025-12-31,,MSM_2025
MSM_OW_2025_solar-voltage_L2_v2-1.parquet,Year 2025 sensor data for OW plot at MSM site,,2025-01-01,2025-12-31,'NA',MSM_2025
MSM_OW_2025_solar-voltage_L2_v2-1.pdf,Plots of Jan 2025 sensor data for MSM-OW,,2025-01-01,2025-12-31,,MSM_2025
MSM_OW_2025_sonde-cable_L2_v2-1.parquet,Year 2025 sensor data for OW plot at MSM site,,2025-01-01,2025-12-31,'NA',MSM_2025
MSM_OW_2025_sonde-cable_L2_v2-1.pdf,Plots of Jan 2025 sensor data for MSM-OW,,2025-01-01,2025-12-31,,MSM_2025
MSM_OW_2025_sonde-conductivity_L2_v2-1.parquet,Year 2025 sensor data for OW plot at MSM site,,2025-01-01,2025-12-31,'NA',MSM_2025
MSM_OW_2025_sonde-conductivity_L2_v2-1.pdf,Plots of Jan 2025 sensor data for MSM-OW,,2025-01-01,2025-12-31,,MSM_2025
MSM_OW_2025_sonde-fdom_L2_v2-1.parquet,Year 2025 sensor data for OW plot at MSM site,,2025-01-01,2025-12-31,'NA',MSM_2025
MSM_OW_2025_sonde-fdom_L2_v2-1.pdf,Plots of Jan 2025 sensor data for MSM-OW,,2025-01-01,2025-12-31,,MSM_2025
MSM_OW_2025_sonde-fdom-rfu_L2_v2-1.parquet,Year 2025 sensor data for OW plot at MSM site,,2025-01-01,2025-12-31,'NA',MSM_2025
MSM_OW_2025_sonde-fdom-rfu_L2_v2-1.pdf,Plots of Jan 2025 sensor data for MSM-OW,,2025-01-01,2025-12-31,,MSM_2025
MSM_OW_2025_sonde-nlf-cond_L2_v2-1.parquet,Year 2025 sensor data for OW plot at MSM site,,2025-01-01,2025-12-31,'NA',MSM_2025
MSM_OW_2025_sonde-nlf-cond_L2_v2-1.pdf,Plots of Jan 2025 sensor data for MSM-OW,,2025-01-01,2025-12-31,,MSM_2025
MSM_OW_2025_sonde-odo-local_L2_v2-1.parquet,Year 2025 sensor data for OW plot at MSM site,,2025-01-01,2025-12-31,'NA',MSM_2025
MSM_OW_2025_sonde-odo-local_L2_v2-1.pdf,Plots of Jan 2025 sensor data for MSM-OW,,2025-01-01,2025-12-31,,MSM_2025
MSM_OW_2025_sonde-odo-mgl_L2_v2-1.parquet,Year 2025 sensor data for OW plot at MSM site,,2025-01-01,2025-12-31,'NA',MSM_2025
MSM_OW_2025_sonde-odo-mgl_L2_v2-1.pdf,Plots of Jan 2025 sensor data for MSM-OW,,2025-01-01,2025-12-31,,MSM_2025
MSM_OW_2025_sonde-odo-sat_L2_v2-1.parquet,Year 2025 sensor data for OW plot at MSM site,,2025-01-01,2025-12-31,'NA',MSM_2025
MSM_OW_2025_sonde-odo-sat_L2_v2-1.pdf,Plots of Jan 2025 sensor data for MSM-OW,,2025-01-01,2025-12-31,,MSM_2025
MSM_OW_2025_sonde-orp_L2_v2-1.parquet,Year 2025 sensor data for OW plot at MSM site,,2025-01-01,2025-12-31,'NA',MSM_2025
MSM_OW_2025_sonde-orp_L2_v2-1.pdf,Plots of Jan 2025 sensor data for MSM-OW,,2025-01-01,2025-12-31,,MSM_2025
MSM_OW_2025_sonde-ph_L2_v2-1.parquet,Year 2025 sensor data for OW plot at MSM site,,2025-01-01,2025-12-31,'NA',MSM_2025
MSM_OW_2025_sonde-ph_L2_v2-1.pdf,Plots of Jan 2025 sensor data for MSM-OW,,2025-01-01,2025-12-31,,MSM_2025
MSM_OW_2025_sonde-ph-mv_L2_v2-1.parquet,Year 2025 sensor data for OW plot at MSM site,,2025-01-01,2025-12-31,'NA',MSM_2025
MSM_OW_2025_sonde-ph-mv_L2_v2-1.pdf,Plots of Jan 2025 sensor data for MSM-OW,,2025-01-01,2025-12-31,,MSM_2025
MSM_OW_2025_sonde-pressure_L2_v2-1.parquet,Year 2025 sensor data for OW plot at MSM site,,2025-01-01,2025-12-31,'NA',MSM_2025
MSM_OW_2025_sonde-pressure_L2_v2-1.pdf,Plots of Jan 2025 sensor data for MSM-OW,,2025-01-01,2025-12-31,,MSM_2025
MSM_OW_2025_sonde-salinity_L2_v2-1.parquet,Year 2025 sensor data for OW plot at MSM site,,2025-01-01,2025-12-31,'NA',MSM_2025
MSM_OW_2025_sonde-salinity_L2_v2-1.pdf,Plots of Jan 2025 sensor data for MSM-OW,,2025-01-01,2025-12-31,,MSM_2025
MSM_OW_2025_sonde-spcond_L2_v2-1.parquet,Year 2025 sensor data for OW plot at MSM site,,2025-01-01,2025-12-31,'NA',MSM_2025
MSM_OW_2025_sonde-spcond_L2_v2-1.pdf,Plots of Jan 2025 sensor data for MSM-OW,,2025-01-01,2025-12-31,,MSM_2025
MSM_OW_2025_sonde-tds_L2_v2-1.parquet,Year 2025 sensor data for OW plot at MSM site,,2025-01-01,2025-12-31,'NA',MSM_2025
MSM_OW_2025_sonde-tds_L2_v2-1.pdf,Plots of Jan 2025 sensor data for MSM-OW,,2025-01-01,2025-12-31,,MSM_2025
MSM_OW_2025_sonde-temp_L2_v2-1.parquet,Year 2025 sensor data for OW plot at MSM site,,2025-01-01,2025-12-31,'NA',MSM_2025
MSM_OW_2025_sonde-temp_L2_v2-1.pdf,Plots of Jan 2025 sensor data for MSM-OW,,2025-01-01,2025-12-31,,MSM_2025
MSM_OW_2025_sonde-tss_L2_v2-1.parquet,Year 2025 sensor data for OW plot at MSM site,,2025-01-01,2025-12-31,'NA',MSM_2025
MSM_OW_2025_sonde-tss_L2_v2-1.pdf,Plots of Jan 2025 sensor data for MSM-OW,,2025-01-01,2025-12-31,,MSM_2025
MSM_OW_2025_sonde-turb-raw_L2_v2-1.parquet,Year 2025 sensor data for OW plot at MSM site,,2025-01-01,2025-12-31,'NA',MSM_2025
MSM_OW_2025_sonde-turb-raw_L2_v2-1.pdf,Plots of Jan 2025 sensor data for MSM-OW,,2025-01-01,2025-12-31,,MSM_2025
MSM_OW_2025_sonde-turbidity_L2_v2-1.parquet,Year 2025 sensor data for OW plot at MSM site,,2025-01-01,2025-12-31,'NA',MSM_2025
MSM_OW_2025_sonde-turbidity_L2_v2-1.pdf,Plots of Jan 2025 sensor data for MSM-OW,,2025-01-01,2025-12-31,,MSM_2025
MSM_OW_2025_sonde-vpos_L2_v2-1.parquet,Year 2025 sensor data for OW plot at MSM site,,2025-01-01,2025-12-31,'NA',MSM_2025
MSM_OW_2025_sonde-vpos_L2_v2-1.pdf,Plots of Jan 2025 sensor data for MSM-OW,,2025-01-01,2025-12-31,,MSM_2025
MSM_OW_2025_sonde-wipercur_L2_v2-1.parquet,Year 2025 sensor data for OW plot at MSM site,,2025-01-01,2025-12-31,'NA',MSM_2025
MSM_OW_2025_sonde-wipercur_L2_v2-1.pdf,Plots of Jan 2025 sensor data for MSM-OW,,2025-01-01,2025-12-31,,MSM_2025
MSM_OW_2025_sonde-wiperpos_L2_v2-1.parquet,Year 2025 sensor data for OW plot at MSM site,,2025-01-01,2025-12-31,'NA',MSM_2025
MSM_OW_2025_sonde-wiperpos_L2_v2-1.pdf,Plots of Jan 2025 sensor data for MSM-OW,,2025-01-01,2025-12-31,,MSM_2025
MSM_TR_2025_battery-voltage_L2_v2-1.parquet,Year 2025 sensor data for TR plot at MSM site,,2025-01-01,2025-12-31,'NA',MSM_2025
MSM_TR_2025_battery-voltage_L2_v2-1.pdf,Plots of Jan 2025 sensor data for MSM-TR,,2025-01-01,2025-12-31,,MSM_2025
MSM_TR_2025_gw-act-cond_L2_v2-1.parquet,Year 2025 sensor data for TR plot at MSM site,,2025-01-01,2025-12-31,'NA',MSM_2025
MSM_TR_2025_gw-act-cond_L2_v2-1.pdf,Plots of Jan 2025 sensor data for MSM-TR,,2025-01-01,2025-12-31,,MSM_2025
MSM_TR_2025_gw-bar-pressure_L2_v2-1.parquet,Year 2025 sensor data for TR plot at MSM site,,2025-01-01,2025-12-31,'NA',MSM_2025
MSM_TR_2025_gw-bar-pressure_L2_v2-1.pdf,Plots of Jan 2025 sensor data for MSM-TR,,2025-01-01,2025-12-31,,MSM_2025
MSM_TR_2025_gw-battery_L2_v2-1.parquet,Year 2025 sensor data for TR plot at MSM site,,2025-01-01,2025-12-31,'NA',MSM_2025
MSM_TR_2025_gw-battery_L2_v2-1.pdf,Plots of Jan 2025 sensor data for MSM-TR,,2025-01-01,2025-12-31,,MSM_2025
MSM_TR_2025_gw-density_L2_v2-1.parquet,Year 2025 sensor data for TR plot at MSM site,,2025-01-01,2025-12-31,'NA',MSM_2025
MSM_TR_2025_gw-density_L2_v2-1.pdf,Plots of Jan 2025 sensor data for MSM-TR,,2025-01-01,2025-12-31,,MSM_2025
MSM_TR_2025_gw-depth_L2_v2-1.parquet,Year 2025 sensor data for TR plot at MSM site,,2025-01-01,2025-12-31,'NA',MSM_2025
MSM_TR_2025_gw-depth_L2_v2-1.pdf,Plots of Jan 2025 sensor data for MSM-TR,,2025-01-01,2025-12-31,,MSM_2025
MSM_TR_2025_gw-part-pressure_L2_v2-1.parquet,Year 2025 sensor data for TR plot at MSM site,,2025-01-01,2025-12-31,'NA',MSM_2025
MSM_TR_2025_gw-part-pressure_L2_v2-1.pdf,Plots of Jan 2025 sensor data for MSM-TR,,2025-01-01,2025-12-31,,MSM_2025
MSM_TR_2025_gw-perc-sat_L2_v2-1.parquet,Year 2025 sensor data for TR plot at MSM site,,2025-01-01,2025-12-31,'NA',MSM_2025
MSM_TR_2025_gw-perc-sat_L2_v2-1.pdf,Plots of Jan 2025 sensor data for MSM-TR,,2025-01-01,2025-12-31,,MSM_2025
MSM_TR_2025_gw-ph_L2_v2-1.parquet,Year 2025 sensor data for TR plot at MSM site,,2025-01-01,2025-12-31,'NA',MSM_2025
MSM_TR_2025_gw-ph_L2_v2-1.pdf,Plots of Jan 2025 sensor data for MSM-TR,,2025-01-01,2025-12-31,,MSM_2025
MSM_TR_2025_gw-ph-mv_L2_v2-1.parquet,Year 2025 sensor data for TR plot at MSM site,,2025-01-01,2025-12-31,'NA',MSM_2025
MSM_TR_2025_gw-ph-mv_L2_v2-1.pdf,Plots of Jan 2025 sensor data for MSM-TR,,2025-01-01,2025-12-31,,MSM_2025
MSM_TR_2025_gw-ph-orp_L2_v2-1.parquet,Year 2025 sensor data for TR plot at MSM site,,2025-01-01,2025-12-31,'NA',MSM_2025
MSM_TR_2025_gw-ph-orp_L2_v2-1.pdf,Plots of Jan 2025 sensor data for MSM-TR,,2025-01-01,2025-12-31,,MSM_2025
MSM_TR_2025_gw-pressure-vented_L2_v2-1.parquet,Year 2025 sensor data for TR plot at MSM site,,2025-01-01,2025-12-31,'NA',MSM_2025
MSM_TR_2025_gw-pressure-vented_L2_v2-1.pdf,Plots of Jan 2025 sensor data for MSM-TR,,2025-01-01,2025-12-31,,MSM_2025
MSM_TR_2025_gw-rdo-conc_L2_v2-1.parquet,Year 2025 sensor data for TR plot at MSM site,,2025-01-01,2025-12-31,'NA',MSM_2025
MSM_TR_2025_gw-rdo-conc_L2_v2-1.pdf,Plots of Jan 2025 sensor data for MSM-TR,,2025-01-01,2025-12-31,,MSM_2025
MSM_TR_2025_gw-resistivity_L2_v2-1.parquet,Year 2025 sensor data for TR plot at MSM site,,2025-01-01,2025-12-31,'NA',MSM_2025
MSM_TR_2025_gw-resistivity_L2_v2-1.pdf,Plots of Jan 2025 sensor data for MSM-TR,,2025-01-01,2025-12-31,,MSM_2025
MSM_TR_2025_gw-salinity_L2_v2-1.parquet,Year 2025 sensor data for TR plot at MSM site,,2025-01-01,2025-12-31,'NA',MSM_2025
MSM_TR_2025_gw-salinity_L2_v2-1.pdf,Plots of Jan 2025 sensor data for MSM-TR,,2025-01-01,2025-12-31,,MSM_2025
MSM_TR_2025_gw-spec-cond_L2_v2-1.parquet,Year 2025 sensor data for TR plot at MSM site,,2025-01-01,2025-12-31,'NA',MSM_2025
MSM_TR_2025_gw-spec-cond_L2_v2-1.pdf,Plots of Jan 2025 sensor data for MSM-TR,,2025-01-01,2025-12-31,,MSM_2025
MSM_TR_2025_gw-tds_L2_v2-1.parquet,Year 2025 sensor data for TR plot at MSM site,,2025-01-01,2025-12-31,'NA',MSM_2025
MSM_TR_2025_gw-tds_L2_v2-1.pdf,Plots of Jan 2025 sensor data for MSM-TR,,2025-01-01,2025-12-31,,MSM_2025
MSM_TR_2025_gw-temperature_L2_v2-1.parquet,Year 2025 sensor data for TR plot at MSM site,,2025-01-01,2025-12-31,'NA',MSM_2025
MSM_TR_2025_gw-temperature_L2_v2-1.pdf,Plots of Jan 2025 sensor data for MSM-TR,,2025-01-01,2025-12-31,,MSM_2025
MSM_TR_2025_gw-voltage-ext_L2_v2-1.parquet,Year 2025 sensor data for TR plot at MSM site,,2025-01-01,2025-12-31,'NA',MSM_2025
MSM_TR_2025_gw-voltage-ext_L2_v2-1.pdf,Plots of Jan 2025 sensor data for MSM-TR,,2025-01-01,2025-12-31,,MSM_2025
MSM_TR_2025_gw-wl-below-surface_L2_v2-1.parquet,Year 2025 sensor data for TR plot at MSM site,,2025-01-01,2025-12-31,'NA',MSM_2025
MSM_TR_2025_gw-wl-below-surface_L2_v2-1.pdf,Plots of Jan 2025 sensor data for MSM-TR,,2025-01-01,2025-12-31,,MSM_2025
MSM_TR_2025_redox-15cm_L2_v2-1.parquet,Year 2025 sensor data for TR plot at MSM site,,2025-01-01,2025-12-31,'NA',MSM_2025
MSM_TR_2025_redox-15cm_L2_v2-1.pdf,Plots of Jan 2025 sensor data for MSM-TR,,2025-01-01,2025-12-31,,MSM_2025
MSM_TR_2025_redox-5cm_L2_v2-1.parquet,Year 2025 sensor data for TR plot at MSM site,,2025-01-01,2025-12-31,'NA',MSM_2025
MSM_TR_2025_redox-5cm_L2_v2-1.pdf,Plots of Jan 2025 sensor data for MSM-TR,,2025-01-01,2025-12-31,,MSM_2025
MSM_TR_2025_sapflow-3.5cm_L2_v2-1.parquet,Year 2025 sensor data for TR plot at MSM site,,2025-01-01,2025-12-31,'NA',MSM_2025
MSM_TR_2025_sapflow-3.5cm_L2_v2-1.pdf,Plots of Jan 2025 sensor data for MSM-TR,,2025-01-01,2025-12-31,,MSM_2025
MSM_TR_2025_sapflow-5cm_L2_v2-1.parquet,Year 2025 sensor data for TR plot at MSM site,,2025-01-01,2025-12-31,'NA',MSM_2025
MSM_TR_2025_sapflow-5cm_L2_v2-1.pdf,Plots of Jan 2025 sensor data for MSM-TR,,2025-01-01,2025-12-31,,MSM_2025
MSM_TR_2025_soil-EC-10cm_L2_v2-1.parquet,Year 2025 sensor data for TR plot at MSM site,,2025-01-01,2025-12-31,'NA',MSM_2025
MSM_TR_2025_soil-EC-10cm_L2_v2-1.pdf,Plots of Jan 2025 sensor data for MSM-TR,,2025-01-01,2025-12-31,,MSM_2025
MSM_TR_2025_soil-EC-30cm_L2_v2-1.parquet,Year 2025 sensor data for TR plot at MSM site,,2025-01-01,2025-12-31,'NA',MSM_2025
MSM_TR_2025_soil-EC-30cm_L2_v2-1.pdf,Plots of Jan 2025 sensor data for MSM-TR,,2025-01-01,2025-12-31,,MSM_2025
MSM_TR_2025_soil-salinity-10cm_L2_v2-1.parquet,Year 2025 sensor data for TR plot at MSM site,,2025-01-01,2025-12-31,'NA',MSM_2025
MSM_TR_2025_soil-salinity-10cm_L2_v2-1.pdf,Plots of Jan 2025 sensor data for MSM-TR,,2025-01-01,2025-12-31,,MSM_2025
MSM_TR_2025_soil-salinity-30cm_L2_v2-1.parquet,Year 2025 sensor data for TR plot at MSM site,,2025-01-01,2025-12-31,'NA',MSM_2025
MSM_TR_2025_soil-salinity-30cm_L2_v2-1.pdf,Plots of Jan 2025 sensor data for MSM-TR,,2025-01-01,2025-12-31,,MSM_2025
MSM_TR_2025_soil-temp-10cm_L2_v2-1.parquet,Year 2025 sensor data for TR plot at MSM site,,2025-01-01,2025-12-31,'NA',MSM_2025
MSM_TR_2025_soil-temp-10cm_L2_v2-1.pdf,Plots of Jan 2025 sensor data for MSM-TR,,2025-01-01,2025-12-31,,MSM_2025
MSM_TR_2025_soil-temp-30cm_L2_v2-1.parquet,Year 2025 sensor data for TR plot at MSM site,,2025-01-01,2025-12-31,'NA',MSM_2025
MSM_TR_2025_soil-temp-30cm_L2_v2-1.pdf,Plots of Jan 2025 sensor data for MSM-TR,,2025-01-01,2025-12-31,,MSM_2025
MSM_TR_2025_soil-vwc-10cm_L2_v2-1.parquet,Year 2025 sensor data for TR plot at MSM site,,2025-01-01,2025-12-31,'NA',MSM_2025
MSM_TR_2025_soil-vwc-10cm_L2_v2-1.pdf,Plots of Jan 2025 sensor data for MSM-TR,,2025-01-01,2025-12-31,,MSM_2025
MSM_TR_2025_soil-vwc-30cm_L2_v2-1.parquet,Year 2025 sensor data for TR plot at MSM site,,2025-01-01,2025-12-31,'NA',MSM_2025
MSM_TR_2025_soil-vwc-30cm_L2_v2-1.pdf,Plots of Jan 2025 sensor data for MSM-TR,,2025-01-01,2025-12-31,,MSM_2025
MSM_TR_2025_solar-voltage_L2_v2-1.parquet,Year 2025 sensor data for TR plot at MSM site,,2025-01-01,2025-12-31,'NA',MSM_2025
MSM_TR_2025_solar-voltage_L2_v2-1.pdf,Plots of Jan 2025 sensor data for MSM-TR,,2025-01-01,2025-12-31,,MSM_2025
MSM_UP_2025_battery-voltage_L2_v2-1.parquet,Year 2025 sensor data for UP plot at MSM site,,2025-01-01,2025-12-31,'NA',MSM_2025
MSM_UP_2025_battery-voltage_L2_v2-1.pdf,Plots of Jan 2025 sensor data for MSM-UP,,2025-01-01,2025-12-31,,MSM_2025
MSM_UP_2025_gw-act-cond_L2_v2-1.parquet,Year 2025 sensor data for UP plot at MSM site,,2025-01-01,2025-12-31,'NA',MSM_2025
MSM_UP_2025_gw-act-cond_L2_v2-1.pdf,Plots of Jan 2025 sensor data for MSM-UP,,2025-01-01,2025-12-31,,MSM_2025
MSM_UP_2025_gw-bar-pressure_L2_v2-1.parquet,Year 2025 sensor data for UP plot at MSM site,,2025-01-01,2025-12-31,'NA',MSM_2025
MSM_UP_2025_gw-bar-pressure_L2_v2-1.pdf,Plots of Jan 2025 sensor data for MSM-UP,,2025-01-01,2025-12-31,,MSM_2025
MSM_UP_2025_gw-battery_L2_v2-1.parquet,Year 2025 sensor data for UP plot at MSM site,,2025-01-01,2025-12-31,'NA',MSM_2025
MSM_UP_2025_gw-battery_L2_v2-1.pdf,Plots of Jan 2025 sensor data for MSM-UP,,2025-01-01,2025-12-31,,MSM_2025
MSM_UP_2025_gw-density_L2_v2-1.parquet,Year 2025 sensor data for UP plot at MSM site,,2025-01-01,2025-12-31,'NA',MSM_2025
MSM_UP_2025_gw-density_L2_v2-1.pdf,Plots of Jan 2025 sensor data for MSM-UP,,2025-01-01,2025-12-31,,MSM_2025
MSM_UP_2025_gw-depth_L2_v2-1.parquet,Year 2025 sensor data for UP plot at MSM site,,2025-01-01,2025-12-31,'NA',MSM_2025
MSM_UP_2025_gw-depth_L2_v2-1.pdf,Plots of Jan 2025 sensor data for MSM-UP,,2025-01-01,2025-12-31,,MSM_2025
MSM_UP_2025_gw-part-pressure_L2_v2-1.parquet,Year 2025 sensor data for UP plot at MSM site,,2025-01-01,2025-12-31,'NA',MSM_2025
MSM_UP_2025_gw-part-pressure_L2_v2-1.pdf,Plots of Jan 2025 sensor data for MSM-UP,,2025-01-01,2025-12-31,,MSM_2025
MSM_UP_2025_gw-perc-sat_L2_v2-1.parquet,Year 2025 sensor data for UP plot at MSM site,,2025-01-01,2025-12-31,'NA',MSM_2025
MSM_UP_2025_gw-perc-sat_L2_v2-1.pdf,Plots of Jan 2025 sensor data for MSM-UP,,2025-01-01,2025-12-31,,MSM_2025
MSM_UP_2025_gw-ph_L2_v2-1.parquet,Year 2025 sensor data for UP plot at MSM site,,2025-01-01,2025-12-31,'NA',MSM_2025
MSM_UP_2025_gw-ph_L2_v2-1.pdf,Plots of Jan 2025 sensor data for MSM-UP,,2025-01-01,2025-12-31,,MSM_2025
MSM_UP_2025_gw-ph-mv_L2_v2-1.parquet,Year 2025 sensor data for UP plot at MSM site,,2025-01-01,2025-12-31,'NA',MSM_2025
MSM_UP_2025_gw-ph-mv_L2_v2-1.pdf,Plots of Jan 2025 sensor data for MSM-UP,,2025-01-01,2025-12-31,,MSM_2025
MSM_UP_2025_gw-ph-orp_L2_v2-1.parquet,Year 2025 sensor data for UP plot at MSM site,,2025-01-01,2025-12-31,'NA',MSM_2025
MSM_UP_2025_gw-ph-orp_L2_v2-1.pdf,Plots of Jan 2025 sensor data for MSM-UP,,2025-01-01,2025-12-31,,MSM_2025
MSM_UP_2025_gw-pressure-vented_L2_v2-1.parquet,Year 2025 sensor data for UP plot at MSM site,,2025-01-01,2025-12-31,'NA',MSM_2025
MSM_UP_2025_gw-pressure-vented_L2_v2-1.pdf,Plots of Jan 2025 sensor data for MSM-UP,,2025-01-01,2025-12-31,,MSM_2025
MSM_UP_2025_gw-rdo-conc_L2_v2-1.parquet,Year 2025 sensor data for UP plot at MSM site,,2025-01-01,2025-12-31,'NA',MSM_2025
MSM_UP_2025_gw-rdo-conc_L2_v2-1.pdf,Plots of Jan 2025 sensor data for MSM-UP,,2025-01-01,2025-12-31,,MSM_2025
MSM_UP_2025_gw-resistivity_L2_v2-1.parquet,Year 2025 sensor data for UP plot at MSM site,,2025-01-01,2025-12-31,'NA',MSM_2025
MSM_UP_2025_gw-resistivity_L2_v2-1.pdf,Plots of Jan 2025 sensor data for MSM-UP,,2025-01-01,2025-12-31,,MSM_2025
MSM_UP_2025_gw-salinity_L2_v2-1.parquet,Year 2025 sensor data for UP plot at MSM site,,2025-01-01,2025-12-31,'NA',MSM_2025
MSM_UP_2025_gw-salinity_L2_v2-1.pdf,Plots of Jan 2025 sensor data for MSM-UP,,2025-01-01,2025-12-31,,MSM_2025
MSM_UP_2025_gw-spec-cond_L2_v2-1.parquet,Year 2025 sensor data for UP plot at MSM site,,2025-01-01,2025-12-31,'NA',MSM_2025
MSM_UP_2025_gw-spec-cond_L2_v2-1.pdf,Plots of Jan 2025 sensor data for MSM-UP,,2025-01-01,2025-12-31,,MSM_2025
MSM_UP_2025_gw-tds_L2_v2-1.parquet,Year 2025 sensor data for UP plot at MSM site,,2025-01-01,2025-12-31,'NA',MSM_2025
MSM_UP_2025_gw-tds_L2_v2-1.pdf,Plots of Jan 2025 sensor data for MSM-UP,,2025-01-01,2025-12-31,,MSM_2025
MSM_UP_2025_gw-temperature_L2_v2-1.parquet,Year 2025 sensor data for UP plot at MSM site,,2025-01-01,2025-12-31,'NA',MSM_2025
MSM_UP_2025_gw-temperature_L2_v2-1.pdf,Plots of Jan 2025 sensor data for MSM-UP,,2025-01-01,2025-12-31,,MSM_2025
MSM_UP_2025_gw-voltage-ext_L2_v2-1.parquet,Year 2025 sensor data for UP plot at MSM site,,2025-01-01,2025-12-31,'NA',MSM_2025
MSM_UP_2025_gw-voltage-ext_L2_v2-1.pdf,Plots of Jan 2025 sensor data for MSM-UP,,2025-01-01,2025-12-31,,MSM_2025
MSM_UP_2025_gw-wl-below-surface_L2_v2-1.parquet,Year 2025 sensor data for UP plot at MSM site,,2025-01-01,2025-12-31,'NA',MSM_2025
MSM_UP_2025_gw-wl-below-surface_L2_v2-1.pdf,Plots of Jan 2025 sensor data for MSM-UP,,2025-01-01,2025-12-31,,MSM_2025
MSM_UP_2025_redox-15cm_L2_v2-1.parquet,Year 2025 sensor data for UP plot at MSM site,,2025-01-01,2025-12-31,'NA',MSM_2025
MSM_UP_2025_redox-15cm_L2_v2-1.pdf,Plots of Jan 2025 sensor data for MSM-UP,,2025-01-01,2025-12-31,,MSM_2025
MSM_UP_2025_redox-5cm_L2_v2-1.parquet,Year 2025 sensor data for UP plot at MSM site,,2025-01-01,2025-12-31,'NA',MSM_2025
MSM_UP_2025_redox-5cm_L2_v2-1.pdf,Plots of Jan 2025 sensor data for MSM-UP,,2025-01-01,2025-12-31,,MSM_2025
MSM_UP_2025_sapflow-3.5cm_L2_v2-1.parquet,Year 2025 sensor data for UP plot at MSM site,,2025-01-01,2025-12-31,'NA',MSM_2025
MSM_UP_2025_sapflow-3.5cm_L2_v2-1.pdf,Plots of Jan 2025 sensor data for MSM-UP,,2025-01-01,2025-12-31,,MSM_2025
MSM_UP_2025_sapflow-5cm_L2_v2-1.parquet,Year 2025 sensor data for UP plot at MSM site,,2025-01-01,2025-12-31,'NA',MSM_2025
MSM_UP_2025_sapflow-5cm_L2_v2-1.pdf,Plots of Jan 2025 sensor data for MSM-UP,,2025-01-01,2025-12-31,,MSM_2025
MSM_UP_2025_soil-EC-10cm_L2_v2-1.parquet,Year 2025 sensor data for UP plot at MSM site,,2025-01-01,2025-12-31,'NA',MSM_2025
MSM_UP_2025_soil-EC-10cm_L2_v2-1.pdf,Plots of Jan 2025 sensor data for MSM-UP,,2025-01-01,2025-12-31,,MSM_2025
MSM_UP_2025_soil-EC-30cm_L2_v2-1.parquet,Year 2025 sensor data for UP plot at MSM site,,2025-01-01,2025-12-31,'NA',MSM_2025
MSM_UP_2025_soil-EC-30cm_L2_v2-1.pdf,Plots of Jan 2025 sensor data for MSM-UP,,2025-01-01,2025-12-31,,MSM_2025
MSM_UP_2025_soil-salinity-10cm_L2_v2-1.parquet,Year 2025 sensor data for UP plot at MSM site,,2025-01-01,2025-12-31,'NA',MSM_2025
MSM_UP_2025_soil-salinity-10cm_L2_v2-1.pdf,Plots of Jan 2025 sensor data for MSM-UP,,2025-01-01,2025-12-31,,MSM_2025
MSM_UP_2025_soil-salinity-30cm_L2_v2-1.parquet,Year 2025 sensor data for UP plot at MSM site,,2025-01-01,2025-12-31,'NA',MSM_2025
MSM_UP_2025_soil-salinity-30cm_L2_v2-1.pdf,Plots of Jan 2025 sensor data for MSM-UP,,2025-01-01,2025-12-31,,MSM_2025
MSM_UP_2025_soil-temp-10cm_L2_v2-1.parquet,Year 2025 sensor data for UP plot at MSM site,,2025-01-01,2025-12-31,'NA',MSM_2025
MSM_UP_2025_soil-temp-10cm_L2_v2-1.pdf,Plots of Jan 2025 sensor data for MSM-UP,,2025-01-01,2025-12-31,,MSM_2025
MSM_UP_2025_soil-temp-30cm_L2_v2-1.parquet,Year 2025 sensor data for UP plot at MSM site,,2025-01-01,2025-12-31,'NA',MSM_2025
MSM_UP_2025_soil-temp-30cm_L2_v2-1.pdf,Plots of Jan 2025 sensor data for MSM-UP,,2025-01-01,2025-12-31,,MSM_2025
MSM_UP_2025_soil-vwc-10cm_L2_v2-1.parquet,Year 2025 sensor data for UP plot at MSM site,,2025-01-01,2025-12-31,'NA',MSM_2025
MSM_UP_2025_soil-vwc-10cm_L2_v2-1.pdf,Plots of Jan 2025 sensor data for MSM-UP,,2025-01-01,2025-12-31,,MSM_2025
MSM_UP_2025_soil-vwc-30cm_L2_v2-1.parquet,Year 2025 sensor data for UP plot at MSM site,,2025-01-01,2025-12-31,'NA',MSM_2025
MSM_UP_2025_soil-vwc-30cm_L2_v2-1.pdf,Plots of Jan 2025 sensor data for MSM-UP,,2025-01-01,2025-12-31,,MSM_2025
MSM_UP_2025_solar-voltage_L2_v2-1.parquet,Year 2025 sensor data for UP plot at MSM site,,2025-01-01,2025-12-31,'NA',MSM_2025
MSM_UP_2025_solar-voltage_L2_v2-1.pdf,Plots of Jan 2025 sensor data for MSM-UP,,2025-01-01,2025-12-31,,MSM_2025
MSM_W_2025_battery-voltage_L2_v2-1.parquet,Year 2025 sensor data for W plot at MSM site,,2025-01-01,2025-12-31,'NA',MSM_2025
MSM_W_2025_battery-voltage_L2_v2-1.pdf,Plots of Jan 2025 sensor data for MSM-W,,2025-01-01,2025-12-31,,MSM_2025
MSM_W_2025_gw-act-cond_L2_v2-1.parquet,Year 2025 sensor data for W plot at MSM site,,2025-01-01,2025-12-31,'NA',MSM_2025
MSM_W_2025_gw-act-cond_L2_v2-1.pdf,Plots of Jan 2025 sensor data for MSM-W,,2025-01-01,2025-12-31,,MSM_2025
MSM_W_2025_gw-bar-pressure_L2_v2-1.parquet,Year 2025 sensor data for W plot at MSM site,,2025-01-01,2025-12-31,'NA',MSM_2025
MSM_W_2025_gw-bar-pressure_L2_v2-1.pdf,Plots of Jan 2025 sensor data for MSM-W,,2025-01-01,2025-12-31,,MSM_2025
MSM_W_2025_gw-battery_L2_v2-1.parquet,Year 2025 sensor data for W plot at MSM site,,2025-01-01,2025-12-31,'NA',MSM_2025
MSM_W_2025_gw-battery_L2_v2-1.pdf,Plots of Jan 2025 sensor data for MSM-W,,2025-01-01,2025-12-31,,MSM_2025
MSM_W_2025_gw-density_L2_v2-1.parquet,Year 2025 sensor data for W plot at MSM site,,2025-01-01,2025-12-31,'NA',MSM_2025
MSM_W_2025_gw-density_L2_v2-1.pdf,Plots of Jan 2025 sensor data for MSM-W,,2025-01-01,2025-12-31,,MSM_2025
MSM_W_2025_gw-depth_L2_v2-1.parquet,Year 2025 sensor data for W plot at MSM site,,2025-01-01,2025-12-31,'NA',MSM_2025
MSM_W_2025_gw-depth_L2_v2-1.pdf,Plots of Jan 2025 sensor data for MSM-W,,2025-01-01,2025-12-31,,MSM_2025
MSM_W_2025_gw-part-pressure_L2_v2-1.parquet,Year 2025 sensor data for W plot at MSM site,,2025-01-01,2025-12-31,'NA',MSM_2025
MSM_W_2025_gw-part-pressure_L2_v2-1.pdf,Plots of Jan 2025 sensor data for MSM-W,,2025-01-01,2025-12-31,,MSM_2025
MSM_W_2025_gw-perc-sat_L2_v2-1.parquet,Year 2025 sensor data for W plot at MSM site,,2025-01-01,2025-12-31,'NA',MSM_2025
MSM_W_2025_gw-perc-sat_L2_v2-1.pdf,Plots of Jan 2025 sensor data for MSM-W,,2025-01-01,2025-12-31,,MSM_2025
MSM_W_2025_gw-ph_L2_v2-1.parquet,Year 2025 sensor data for W plot at MSM site,,2025-01-01,2025-12-31,'NA',MSM_2025
MSM_W_2025_gw-ph_L2_v2-1.pdf,Plots of Jan 2025 sensor data for MSM-W,,2025-01-01,2025-12-31,,MSM_2025
MSM_W_2025_gw-ph-mv_L2_v2-1.parquet,Year 2025 sensor data for W plot at MSM site,,2025-01-01,2025-12-31,'NA',MSM_2025
MSM_W_2025_gw-ph-mv_L2_v2-1.pdf,Plots of Jan 2025 sensor data for MSM-W,,2025-01-01,2025-12-31,,MSM_2025
MSM_W_2025_gw-ph-orp_L2_v2-1.parquet,Year 2025 sensor data for W plot at MSM site,,2025-01-01,2025-12-31,'NA',MSM_2025
MSM_W_2025_gw-ph-orp_L2_v2-1.pdf,Plots of Jan 2025 sensor data for MSM-W,,2025-01-01,2025-12-31,,MSM_2025
MSM_W_2025_gw-pressure-vented_L2_v2-1.parquet,Year 2025 sensor data for W plot at MSM site,,2025-01-01,2025-12-31,'NA',MSM_2025
MSM_W_2025_gw-pressure-vented_L2_v2-1.pdf,Plots of Jan 2025 sensor data for MSM-W,,2025-01-01,2025-12-31,,MSM_2025
MSM_W_2025_gw-rdo-conc_L2_v2-1.parquet,Year 2025 sensor data for W plot at MSM site,,2025-01-01,2025-12-31,'NA',MSM_2025
MSM_W_2025_gw-rdo-conc_L2_v2-1.pdf,Plots of Jan 2025 sensor data for MSM-W,,2025-01-01,2025-12-31,,MSM_2025
MSM_W_2025_gw-resistivity_L2_v2-1.parquet,Year 2025 sensor data for W plot at MSM site,,2025-01-01,2025-12-31,'NA',MSM_2025
MSM_W_2025_gw-resistivity_L2_v2-1.pdf,Plots of Jan 2025 sensor data for MSM-W,,2025-01-01,2025-12-31,,MSM_2025
MSM_W_2025_gw-salinity_L2_v2-1.parquet,Year 2025 sensor data for W plot at MSM site,,2025-01-01,2025-12-31,'NA',MSM_2025
MSM_W_2025_gw-salinity_L2_v2-1.pdf,Plots of Jan 2025 sensor data for MSM-W,,2025-01-01,2025-12-31,,MSM_2025
MSM_W_2025_gw-spec-cond_L2_v2-1.parquet,Year 2025 sensor data for W plot at MSM site,,2025-01-01,2025-12-31,'NA',MSM_2025
MSM_W_2025_gw-spec-cond_L2_v2-1.pdf,Plots of Jan 2025 sensor data for MSM-W,,2025-01-01,2025-12-31,,MSM_2025
MSM_W_2025_gw-tds_L2_v2-1.parquet,Year 2025 sensor data for W plot at MSM site,,2025-01-01,2025-12-31,'NA',MSM_2025
MSM_W_2025_gw-tds_L2_v2-1.pdf,Plots of Jan 2025 sensor data for MSM-W,,2025-01-01,2025-12-31,,MSM_2025
MSM_W_2025_gw-temperature_L2_v2-1.parquet,Year 2025 sensor data for W plot at MSM site,,2025-01-01,2025-12-31,'NA',MSM_2025
MSM_W_2025_gw-temperature_L2_v2-1.pdf,Plots of Jan 2025 sensor data for MSM-W,,2025-01-01,2025-12-31,,MSM_2025
MSM_W_2025_gw-voltage-ext_L2_v2-1.parquet,Year 2025 sensor data for W plot at MSM site,,2025-01-01,2025-12-31,'NA',MSM_2025
MSM_W_2025_gw-voltage-ext_L2_v2-1.pdf,Plots of Jan 2025 sensor data for MSM-W,,2025-01-01,2025-12-31,,MSM_2025
MSM_W_2025_gw-wl-below-surface_L2_v2-1.parquet,Year 2025 sensor data for W plot at MSM site,,2025-01-01,2025-12-31,'NA',MSM_2025
MSM_W_2025_gw-wl-below-surface_L2_v2-1.pdf,Plots of Jan 2025 sensor data for MSM-W,,2025-01-01,2025-12-31,,MSM_2025
MSM_W_2025_redox-15cm_L2_v2-1.parquet,Year 2025 sensor data for W plot at MSM site,,2025-01-01,2025-12-31,'NA',MSM_2025
MSM_W_2025_redox-15cm_L2_v2-1.pdf,Plots of Jan 2025 sensor data for MSM-W,,2025-01-01,2025-12-31,,MSM_2025
MSM_W_2025_redox-5cm_L2_v2-1.parquet,Year 2025 sensor data for W plot at MSM site,,2025-01-01,2025-12-31,'NA',MSM_2025
MSM_W_2025_redox-5cm_L2_v2-1.pdf,Plots of Jan 2025 sensor data for MSM-W,,2025-01-01,2025-12-31,,MSM_2025
MSM_W_2025_soil-EC-10cm_L2_v2-1.parquet,Year 2025 sensor data for W plot at MSM site,,2025-01-01,2025-12-31,'NA',MSM_2025
MSM_W_2025_soil-EC-10cm_L2_v2-1.pdf,Plots of Jan 2025 sensor data for MSM-W,,2025-01-01,2025-12-31,,MSM_2025
MSM_W_2025_soil-EC-30cm_L2_v2-1.parquet,Year 2025 sensor data for W plot at MSM site,,2025-01-01,2025-12-31,'NA',MSM_2025
MSM_W_2025_soil-EC-30cm_L2_v2-1.pdf,Plots of Jan 2025 sensor data for MSM-W,,2025-01-01,2025-12-31,,MSM_2025
MSM_W_2025_soil-salinity-10cm_L2_v2-1.parquet,Year 2025 sensor data for W plot at MSM site,,2025-01-01,2025-12-31,'NA',MSM_2025
MSM_W_2025_soil-salinity-10cm_L2_v2-1.pdf,Plots of Jan 2025 sensor data for MSM-W,,2025-01-01,2025-12-31,,MSM_2025
MSM_W_2025_soil-salinity-30cm_L2_v2-1.parquet,Year 2025 sensor data for W plot at MSM site,,2025-01-01,2025-12-31,'NA',MSM_2025
MSM_W_2025_soil-salinity-30cm_L2_v2-1.pdf,Plots of Jan 2025 sensor data for MSM-W,,2025-01-01,2025-12-31,,MSM_2025
MSM_W_2025_soil-temp-10cm_L2_v2-1.parquet,Year 2025 sensor data for W plot at MSM site,,2025-01-01,2025-12-31,'NA',MSM_2025
MSM_W_2025_soil-temp-10cm_L2_v2-1.pdf,Plots of Jan 2025 sensor data for MSM-W,,2025-01-01,2025-12-31,,MSM_2025
MSM_W_2025_soil-temp-30cm_L2_v2-1.parquet,Year 2025 sensor data for W plot at MSM site,,2025-01-01,2025-12-31,'NA',MSM_2025
MSM_W_2025_soil-temp-30cm_L2_v2-1.pdf,Plots of Jan 2025 sensor data for MSM-W,,2025-01-01,2025-12-31,,MSM_2025
MSM_W_2025_soil-vwc-10cm_L2_v2-1.parquet,Year 2025 sensor data for W plot at MSM site,,2025-01-01,2025-12-31,'NA',MSM_2025
MSM_W_2025_soil-vwc-10cm_L2_v2-1.pdf,Plots of Jan 2025 sensor data for MSM-W,,2025-01-01,2025-12-31,,MSM_2025
MSM_W_2025_soil-vwc-30cm_L2_v2-1.parquet,Year 2025 sensor data for W plot at MSM site,,2025-01-01,2025-12-31,'NA',MSM_2025
MSM_W_2025_soil-vwc-30cm_L2_v2-1.pdf,Plots of Jan 2025 sensor data for MSM-W,,2025-01-01,2025-12-31,,MSM_2025
MSM_W_2025_solar-voltage_L2_v2-1.parquet,Year 2025 sensor data for W plot at MSM site,,2025-01-01,2025-12-31,'NA',MSM_2025
MSM_W_2025_solar-voltage_L2_v2-1.pdf,Plots of Jan 2025 sensor data for MSM-W,,2025-01-01,2025-12-31,,MSM_2025
MSM_W_2025_wx-barpress15_L2_v2-1.parquet,Year 2025 sensor data for W plot at MSM site,,2025-01-01,2025-12-31,'NA',MSM_2025
MSM_W_2025_wx-barpress15_L2_v2-1.pdf,Plots of Jan 2025 sensor data for MSM-W,,2025-01-01,2025-12-31,,MSM_2025
MSM_W_2025_wx-bpmax15_L2_v2-1.parquet,Year 2025 sensor data for W plot at MSM site,,2025-01-01,2025-12-31,'NA',MSM_2025
MSM_W_2025_wx-bpmax15_L2_v2-1.pdf,Plots of Jan 2025 sensor data for MSM-W,,2025-01-01,2025-12-31,,MSM_2025
MSM_W_2025_wx-bpmin15_L2_v2-1.parquet,Year 2025 sensor data for W plot at MSM site,,2025-01-01,2025-12-31,'NA',MSM_2025
MSM_W_2025_wx-bpmin15_L2_v2-1.pdf,Plots of Jan 2025 sensor data for MSM-W,,2025-01-01,2025-12-31,,MSM_2025
MSM_W_2025_wx-dist-min15_L2_v2-1.parquet,Year 2025 sensor data for W plot at MSM site,,2025-01-01,2025-12-31,'NA',MSM_2025
MSM_W_2025_wx-dist-min15_L2_v2-1.pdf,Plots of Jan 2025 sensor data for MSM-W,,2025-01-01,2025-12-31,,MSM_2025
MSM_W_2025_wx-invalid-wind15_L2_v2-1.parquet,Year 2025 sensor data for W plot at MSM site,,2025-01-01,2025-12-31,'NA',MSM_2025
MSM_W_2025_wx-invalid-wind15_L2_v2-1.pdf,Plots of Jan 2025 sensor data for MSM-W,,2025-01-01,2025-12-31,,MSM_2025
MSM_W_2025_wx-maxws15_L2_v2-1.parquet,Year 2025 sensor data for W plot at MSM site,,2025-01-01,2025-12-31,'NA',MSM_2025
MSM_W_2025_wx-maxws15_L2_v2-1.pdf,Plots of Jan 2025 sensor data for MSM-W,,2025-01-01,2025-12-31,,MSM_2025
MSM_W_2025_wx-maxws24_L2_v2-1.parquet,Year 2025 sensor data for W plot at MSM site,,2025-01-01,2025-12-31,'NA',MSM_2025
MSM_W_2025_wx-maxws24_L2_v2-1.pdf,Plots of Jan 2025 sensor data for MSM-W,,2025-01-01,2025-12-31,,MSM_2025
MSM_W_2025_wx-par-den15_L2_v2-1.parquet,Year 2025 sensor data for W plot at MSM site,,2025-01-01,2025-12-31,'NA',MSM_2025
MSM_W_2025_wx-par-den15_L2_v2-1.pdf,Plots of Jan 2025 sensor data for MSM-W,,2025-01-01,2025-12-31,,MSM_2025
MSM_W_2025_wx-par-den24_L2_v2-1.parquet,Year 2025 sensor data for W plot at MSM site,,2025-01-01,2025-12-31,'NA',MSM_2025
MSM_W_2025_wx-par-den24_L2_v2-1.pdf,Plots of Jan 2025 sensor data for MSM-W,,2025-01-01,2025-12-31,,MSM_2025
MSM_W_2025_wx-par-tot15_L2_v2-1.parquet,Year 2025 sensor data for W plot at MSM site,,2025-01-01,2025-12-31,'NA',MSM_2025
MSM_W_2025_wx-par-tot15_L2_v2-1.pdf,Plots of Jan 2025 sensor data for MSM-W,,2025-01-01,2025-12-31,,MSM_2025
MSM_W_2025_wx-par-tot24_L2_v2-1.parquet,Year 2025 sensor data for W plot at MSM site,,2025-01-01,2025-12-31,'NA',MSM_2025
MSM_W_2025_wx-par-tot24_L2_v2-1.pdf,Plots of Jan 2025 sensor data for MSM-W,,2025-01-01,2025-12-31,,MSM_2025
MSM_W_2025_wx-rain15_L2_v2-1.parquet,Year 2025 sensor data for W plot at MSM site,,2025-01-01,2025-12-31,'NA',MSM_2025
MSM_W_2025_wx-rain15_L2_v2-1.pdf,Plots of Jan 2025 sensor data for MSM-W,,2025-01-01,2025-12-31,,MSM_2025
MSM_W_2025_wx-rain24_L2_v2-1.parquet,Year 2025 sensor data for W plot at MSM site,,2025-01-01,2025-12-31,'NA',MSM_2025
MSM_W_2025_wx-rain24_L2_v2-1.pdf,Plots of Jan 2025 sensor data for MSM-W,,2025-01-01,2025-12-31,,MSM_2025
MSM_W_2025_wx-rh15_L2_v2-1.parquet,Year 2025 sensor data for W plot at MSM site,,2025-01-01,2025-12-31,'NA',MSM_2025
MSM_W_2025_wx-rh15_L2_v2-1.pdf,Plots of Jan 2025 sensor data for MSM-W,,2025-01-01,2025-12-31,,MSM_2025
MSM_W_2025_wx-rh24_L2_v2-1.parquet,Year 2025 sensor data for W plot at MSM site,,2025-01-01,2025-12-31,'NA',MSM_2025
MSM_W_2025_wx-rh24_L2_v2-1.pdf,Plots of Jan 2025 sensor data for MSM-W,,2025-01-01,2025-12-31,,MSM_2025
MSM_W_2025_wx-rht24_L2_v2-1.parquet,Year 2025 sensor data for W plot at MSM site,,2025-01-01,2025-12-31,'NA',MSM_2025
MSM_W_2025_wx-rht24_L2_v2-1.pdf,Plots of Jan 2025 sensor data for MSM-W,,2025-01-01,2025-12-31,,MSM_2025
MSM_W_2025_wx-rhtmax24_L2_v2-1.parquet,Year 2025 sensor data for W plot at MSM site,,2025-01-01,2025-12-31,'NA',MSM_2025
MSM_W_2025_wx-rhtmax24_L2_v2-1.pdf,Plots of Jan 2025 sensor data for MSM-W,,2025-01-01,2025-12-31,,MSM_2025
MSM_W_2025_wx-rhtmin24_L2_v2-1.parquet,Year 2025 sensor data for W plot at MSM site,,2025-01-01,2025-12-31,'NA',MSM_2025
MSM_W_2025_wx-rhtmin24_L2_v2-1.pdf,Plots of Jan 2025 sensor data for MSM-W,,2025-01-01,2025-12-31,,MSM_2025
MSM_W_2025_wx-slr-fd15_L2_v2-1.parquet,Year 2025 sensor data for W plot at MSM site,,2025-01-01,2025-12-31,'NA',MSM_2025
MSM_W_2025_wx-slr-fd15_L2_v2-1.pdf,Plots of Jan 2025 sensor data for MSM-W,,2025-01-01,2025-12-31,,MSM_2025
MSM_W_2025_wx-slr-fd24_L2_v2-1.parquet,Year 2025 sensor data for W plot at MSM site,,2025-01-01,2025-12-31,'NA',MSM_2025
MSM_W_2025_wx-slr-fd24_L2_v2-1.pdf,Plots of Jan 2025 sensor data for MSM-W,,2025-01-01,2025-12-31,,MSM_2025
MSM_W_2025_wx-slr-tf15_L2_v2-1.parquet,Year 2025 sensor data for W plot at MSM site,,2025-01-01,2025-12-31,'NA',MSM_2025
MSM_W_2025_wx-slr-tf15_L2_v2-1.pdf,Plots of Jan 2025 sensor data for MSM-W,,2025-01-01,2025-12-31,,MSM_2025
MSM_W_2025_wx-slr-tf24_L2_v2-1.parquet,Year 2025 sensor data for W plot at MSM site,,2025-01-01,2025-12-31,'NA',MSM_2025
MSM_W_2025_wx-slr-tf24_L2_v2-1.pdf,Plots of Jan 2025 sensor data for MSM-W,,2025-01-01,2025-12-31,,MSM_2025
MSM_W_2025_wx-strikes15_L2_v2-1.parquet,Year 2025 sensor data for W plot at MSM site,,2025-01-01,2025-12-31,'NA',MSM_2025
MSM_W_2025_wx-strikes15_L2_v2-1.pdf,Plots of Jan 2025 sensor data for MSM-W,,2025-01-01,2025-12-31,,MSM_2025
MSM_W_2025_wx-tempavg15_L2_v2-1.parquet,Year 2025 sensor data for W plot at MSM site,,2025-01-01,2025-12-31,'NA',MSM_2025
MSM_W_2025_wx-tempavg15_L2_v2-1.pdf,Plots of Jan 2025 sensor data for MSM-W,,2025-01-01,2025-12-31,,MSM_2025
MSM_W_2025_wx-tempavg24_L2_v2-1.parquet,Year 2025 sensor data for W plot at MSM site,,2025-01-01,2025-12-31,'NA',MSM_2025
MSM_W_2025_wx-tempavg24_L2_v2-1.pdf,Plots of Jan 2025 sensor data for MSM-W,,2025-01-01,2025-12-31,,MSM_2025
MSM_W_2025_wx-tempmax15_L2_v2-1.parquet,Year 2025 sensor data for W plot at MSM site,,2025-01-01,2025-12-31,'NA',MSM_2025
MSM_W_2025_wx-tempmax15_L2_v2-1.pdf,Plots of Jan 2025 sensor data for MSM-W,,2025-01-01,2025-12-31,,MSM_2025
MSM_W_2025_wx-tempmax24_L2_v2-1.parquet,Year 2025 sensor data for W plot at MSM site,,2025-01-01,2025-12-31,'NA',MSM_2025
MSM_W_2025_wx-tempmax24_L2_v2-1.pdf,Plots of Jan 2025 sensor data for MSM-W,,2025-01-01,2025-12-31,,MSM_2025
MSM_W_2025_wx-tempmin15_L2_v2-1.parquet,Year 2025 sensor data for W plot at MSM site,,2025-01-01,2025-12-31,'NA',MSM_2025
MSM_W_2025_wx-tempmin15_L2_v2-1.pdf,Plots of Jan 2025 sensor data for MSM-W,,2025-01-01,2025-12-31,,MSM_2025
MSM_W_2025_wx-tempmin24_L2_v2-1.parquet,Year 2025 sensor data for W plot at MSM site,,2025-01-01,2025-12-31,'NA',MSM_2025
MSM_W_2025_wx-tempmin24_L2_v2-1.pdf,Plots of Jan 2025 sensor data for MSM-W,,2025-01-01,2025-12-31,,MSM_2025
MSM_W_2025_wx-tilt-ns15_L2_v2-1.parquet,Year 2025 sensor data for W plot at MSM site,,2025-01-01,2025-12-31,'NA',MSM_2025
MSM_W_2025_wx-tilt-ns15_L2_v2-1.pdf,Plots of Jan 2025 sensor data for MSM-W,,2025-01-01,2025-12-31,,MSM_2025
MSM_W_2025_wx-tilt-ns24_L2_v2-1.parquet,Year 2025 sensor data for W plot at MSM site,,2025-01-01,2025-12-31,'NA',MSM_2025
MSM_W_2025_wx-tilt-ns24_L2_v2-1.pdf,Plots of Jan 2025 sensor data for MSM-W,,2025-01-01,2025-12-31,,MSM_2025
MSM_W_2025_wx-tilt-we15_L2_v2-1.parquet,Year 2025 sensor data for W plot at MSM site,,2025-01-01,2025-12-31,'NA',MSM_2025
MSM_W_2025_wx-tilt-we15_L2_v2-1.pdf,Plots of Jan 2025 sensor data for MSM-W,,2025-01-01,2025-12-31,,MSM_2025
MSM_W_2025_wx-tilt-we24_L2_v2-1.parquet,Year 2025 sensor data for W plot at MSM site,,2025-01-01,2025-12-31,'NA',MSM_2025
MSM_W_2025_wx-tilt-we24_L2_v2-1.pdf,Plots of Jan 2025 sensor data for MSM-W,,2025-01-01,2025-12-31,,MSM_2025
MSM_W_2025_wx-vappress15_L2_v2-1.parquet,Year 2025 sensor data for W plot at MSM site,,2025-01-01,2025-12-31,'NA',MSM_2025
MSM_W_2025_wx-vappress15_L2_v2-1.pdf,Plots of Jan 2025 sensor data for MSM-W,,2025-01-01,2025-12-31,,MSM_2025
MSM_W_2025_wx-vappress24_L2_v2-1.parquet,Year 2025 sensor data for W plot at MSM site,,2025-01-01,2025-12-31,'NA',MSM_2025
MSM_W_2025_wx-vappress24_L2_v2-1.pdf,Plots of Jan 2025 sensor data for MSM-W,,2025-01-01,2025-12-31,,MSM_2025
MSM_W_2025_wx-vpd15_L2_v2-1.parquet,Year 2025 sensor data for W plot at MSM site,,2025-01-01,2025-12-31,'NA',MSM_2025
MSM_W_2025_wx-vpd15_L2_v2-1.pdf,Plots of Jan 2025 sensor data for MSM-W,,2025-01-01,2025-12-31,,MSM_2025
MSM_W_2025_wx-vpd24_L2_v2-1.parquet,Year 2025 sensor data for W plot at MSM site,,2025-01-01,2025-12-31,'NA',MSM_2025
MSM_W_2025_wx-vpd24_L2_v2-1.pdf,Plots of Jan 2025 sensor data for MSM-W,,2025-01-01,2025-12-31,,MSM_2025
MSM_W_2025_wx-vpdmax15_L2_v2-1.parquet,Year 2025 sensor data for W plot at MSM site,,2025-01-01,2025-12-31,'NA',MSM_2025
MSM_W_2025_wx-vpdmax15_L2_v2-1.pdf,Plots of Jan 2025 sensor data for MSM-W,,2025-01-01,2025-12-31,,MSM_2025
MSM_W_2025_wx-vpdmax24_L2_v2-1.parquet,Year 2025 sensor data for W plot at MSM site,,2025-01-01,2025-12-31,'NA',MSM_2025
MSM_W_2025_wx-vpdmax24_L2_v2-1.pdf,Plots of Jan 2025 sensor data for MSM-W,,2025-01-01,2025-12-31,,MSM_2025
MSM_W_2025_wx-vpdmin15_L2_v2-1.parquet,Year 2025 sensor data for W plot at MSM site,,2025-01-01,2025-12-31,'NA',MSM_2025
MSM_W_2025_wx-vpdmin15_L2_v2-1.pdf,Plots of Jan 2025 sensor data for MSM-W,,2025-01-01,2025-12-31,,MSM_2025
MSM_W_2025_wx-vpdmin24_L2_v2-1.parquet,Year 2025 sensor data for W plot at MSM site,,2025-01-01,2025-12-31,'NA',MSM_2025
MSM_W_2025_wx-vpdmin24_L2_v2-1.pdf,Plots of Jan 2025 sensor data for MSM-W,,2025-01-01,2025-12-31,,MSM_2025
MSM_W_2025_wx-winddir-sd115_L2_v2-1.parquet,Year 2025 sensor data for W plot at MSM site,,2025-01-01,2025-12-31,'NA',MSM_2025
MSM_W_2025_wx-winddir-sd115_L2_v2-1.pdf,Plots of Jan 2025 sensor data for MSM-W,,2025-01-01,2025-12-31,,MSM_2025
MSM_W_2025_wx-winddir15_L2_v2-1.parquet,Year 2025 sensor data for W plot at MSM site,,2025-01-01,2025-12-31,'NA',MSM_2025
MSM_W_2025_wx-winddir15_L2_v2-1.pdf,Plots of Jan 2025 sensor data for MSM-W,,2025-01-01,2025-12-31,,MSM_2025
MSM_W_2025_wx-winderrors24_L2_v2-1.parquet,Year 2025 sensor data for W plot at MSM site,,2025-01-01,2025-12-31,'NA',MSM_2025
MSM_W_2025_wx-winderrors24_L2_v2-1.pdf,Plots of Jan 2025 sensor data for MSM-W,,2025-01-01,2025-12-31,,MSM_2025
MSM_W_2025_wx-windspeed15_L2_v2-1.parquet,Year 2025 sensor data for W plot at MSM site,,2025-01-01,2025-12-31,'NA',MSM_2025
MSM_W_2025_wx-windspeed15_L2_v2-1.pdf,Plots of Jan 2025 sensor data for MSM-W,,2025-01-01,2025-12-31,,MSM_2025
OWC_2022_L2_v2-1_metadata.txt,Metadata for all data files in OWC_2022 folder,,,,,OWC_2022
OWC_OW_2022_battery-voltage_L2_v2-1.parquet,Year 2022 sensor data for OW plot at OWC site,,2022-01-01,2022-12-31,'NA',OWC_2022
OWC_OW_2022_battery-voltage_L2_v2-1.pdf,Plots of Jan 2022 sensor data for OWC-OW,,2022-01-01,2022-12-31,,OWC_2022
OWC_OW_2022_sonde-cable_L2_v2-1.parquet,Year 2022 sensor data for OW plot at OWC site,,2022-01-01,2022-12-31,'NA',OWC_2022
OWC_OW_2022_sonde-cable_L2_v2-1.pdf,Plots of Jan 2022 sensor data for OWC-OW,,2022-01-01,2022-12-31,,OWC_2022
OWC_OW_2022_sonde-conductivity_L2_v2-1.parquet,Year 2022 sensor data for OW plot at OWC site,,2022-01-01,2022-12-31,'NA',OWC_2022
OWC_OW_2022_sonde-conductivity_L2_v2-1.pdf,Plots of Jan 2022 sensor data for OWC-OW,,2022-01-01,2022-12-31,,OWC_2022
OWC_OW_2022_sonde-fdom_L2_v2-1.parquet,Year 2022 sensor data for OW plot at OWC site,,2022-01-01,2022-12-31,'NA',OWC_2022
OWC_OW_2022_sonde-fdom_L2_v2-1.pdf,Plots of Jan 2022 sensor data for OWC-OW,,2022-01-01,2022-12-31,,OWC_2022
OWC_OW_2022_sonde-fdom-rfu_L2_v2-1.parquet,Year 2022 sensor data for OW plot at OWC site,,2022-01-01,2022-12-31,'NA',OWC_2022
OWC_OW_2022_sonde-fdom-rfu_L2_v2-1.pdf,Plots of Jan 2022 sensor data for OWC-OW,,2022-01-01,2022-12-31,,OWC_2022
OWC_OW_2022_sonde-nlf-cond_L2_v2-1.parquet,Year 2022 sensor data for OW plot at OWC site,,2022-01-01,2022-12-31,'NA',OWC_2022
OWC_OW_2022_sonde-nlf-cond_L2_v2-1.pdf,Plots of Jan 2022 sensor data for OWC-OW,,2022-01-01,2022-12-31,,OWC_2022
OWC_OW_2022_sonde-odo-local_L2_v2-1.parquet,Year 2022 sensor data for OW plot at OWC site,,2022-01-01,2022-12-31,'NA',OWC_2022
OWC_OW_2022_sonde-odo-local_L2_v2-1.pdf,Plots of Jan 2022 sensor data for OWC-OW,,2022-01-01,2022-12-31,,OWC_2022
OWC_OW_2022_sonde-odo-mgl_L2_v2-1.parquet,Year 2022 sensor data for OW plot at OWC site,,2022-01-01,2022-12-31,'NA',OWC_2022
OWC_OW_2022_sonde-odo-mgl_L2_v2-1.pdf,Plots of Jan 2022 sensor data for OWC-OW,,2022-01-01,2022-12-31,,OWC_2022
OWC_OW_2022_sonde-odo-sat_L2_v2-1.parquet,Year 2022 sensor data for OW plot at OWC site,,2022-01-01,2022-12-31,'NA',OWC_2022
OWC_OW_2022_sonde-odo-sat_L2_v2-1.pdf,Plots of Jan 2022 sensor data for OWC-OW,,2022-01-01,2022-12-31,,OWC_2022
OWC_OW_2022_sonde-ph_L2_v2-1.parquet,Year 2022 sensor data for OW plot at OWC site,,2022-01-01,2022-12-31,'NA',OWC_2022
OWC_OW_2022_sonde-ph_L2_v2-1.pdf,Plots of Jan 2022 sensor data for OWC-OW,,2022-01-01,2022-12-31,,OWC_2022
OWC_OW_2022_sonde-ph-mv_L2_v2-1.parquet,Year 2022 sensor data for OW plot at OWC site,,2022-01-01,2022-12-31,'NA',OWC_2022
OWC_OW_2022_sonde-ph-mv_L2_v2-1.pdf,Plots of Jan 2022 sensor data for OWC-OW,,2022-01-01,2022-12-31,,OWC_2022
OWC_OW_2022_sonde-pressure_L2_v2-1.parquet,Year 2022 sensor data for OW plot at OWC site,,2022-01-01,2022-12-31,'NA',OWC_2022
OWC_OW_2022_sonde-pressure_L2_v2-1.pdf,Plots of Jan 2022 sensor data for OWC-OW,,2022-01-01,2022-12-31,,OWC_2022
OWC_OW_2022_sonde-salinity_L2_v2-1.parquet,Year 2022 sensor data for OW plot at OWC site,,2022-01-01,2022-12-31,'NA',OWC_2022
OWC_OW_2022_sonde-salinity_L2_v2-1.pdf,Plots of Jan 2022 sensor data for OWC-OW,,2022-01-01,2022-12-31,,OWC_2022
OWC_OW_2022_sonde-spcond_L2_v2-1.parquet,Year 2022 sensor data for OW plot at OWC site,,2022-01-01,2022-12-31,'NA',OWC_2022
OWC_OW_2022_sonde-spcond_L2_v2-1.pdf,Plots of Jan 2022 sensor data for OWC-OW,,2022-01-01,2022-12-31,,OWC_2022
OWC_OW_2022_sonde-temp_L2_v2-1.parquet,Year 2022 sensor data for OW plot at OWC site,,2022-01-01,2022-12-31,'NA',OWC_2022
OWC_OW_2022_sonde-temp_L2_v2-1.pdf,Plots of Jan 2022 sensor data for OWC-OW,,2022-01-01,2022-12-31,,OWC_2022
OWC_OW_2022_sonde-wipercur_L2_v2-1.parquet,Year 2022 sensor data for OW plot at OWC site,,2022-01-01,2022-12-31,'NA',OWC_2022
OWC_OW_2022_sonde-wipercur_L2_v2-1.pdf,Plots of Jan 2022 sensor data for OWC-OW,,2022-01-01,2022-12-31,,OWC_2022
OWC_OW_2022_sonde-wiperpos_L2_v2-1.parquet,Year 2022 sensor data for OW plot at OWC site,,2022-01-01,2022-12-31,'NA',OWC_2022
OWC_OW_2022_sonde-wiperpos_L2_v2-1.pdf,Plots of Jan 2022 sensor data for OWC-OW,,2022-01-01,2022-12-31,,OWC_2022
OWC_TR_2022_gw-act-cond_L2_v2-1.parquet,Year 2022 sensor data for TR plot at OWC site,,2022-01-01,2022-12-31,'NA',OWC_2022
OWC_TR_2022_gw-act-cond_L2_v2-1.pdf,Plots of Jan 2022 sensor data for OWC-TR,,2022-01-01,2022-12-31,,OWC_2022
OWC_TR_2022_gw-bar-pressure_L2_v2-1.parquet,Year 2022 sensor data for TR plot at OWC site,,2022-01-01,2022-12-31,'NA',OWC_2022
OWC_TR_2022_gw-bar-pressure_L2_v2-1.pdf,Plots of Jan 2022 sensor data for OWC-TR,,2022-01-01,2022-12-31,,OWC_2022
OWC_TR_2022_gw-battery_L2_v2-1.parquet,Year 2022 sensor data for TR plot at OWC site,,2022-01-01,2022-12-31,'NA',OWC_2022
OWC_TR_2022_gw-battery_L2_v2-1.pdf,Plots of Jan 2022 sensor data for OWC-TR,,2022-01-01,2022-12-31,,OWC_2022
OWC_TR_2022_gw-density_L2_v2-1.parquet,Year 2022 sensor data for TR plot at OWC site,,2022-01-01,2022-12-31,'NA',OWC_2022
OWC_TR_2022_gw-density_L2_v2-1.pdf,Plots of Jan 2022 sensor data for OWC-TR,,2022-01-01,2022-12-31,,OWC_2022
OWC_TR_2022_gw-depth_L2_v2-1.parquet,Year 2022 sensor data for TR plot at OWC site,,2022-01-01,2022-12-31,'NA',OWC_2022
OWC_TR_2022_gw-depth_L2_v2-1.pdf,Plots of Jan 2022 sensor data for OWC-TR,,2022-01-01,2022-12-31,,OWC_2022
OWC_TR_2022_gw-part-pressure_L2_v2-1.parquet,Year 2022 sensor data for TR plot at OWC site,,2022-01-01,2022-12-31,'NA',OWC_2022
OWC_TR_2022_gw-part-pressure_L2_v2-1.pdf,Plots of Jan 2022 sensor data for OWC-TR,,2022-01-01,2022-12-31,,OWC_2022
OWC_TR_2022_gw-perc-sat_L2_v2-1.parquet,Year 2022 sensor data for TR plot at OWC site,,2022-01-01,2022-12-31,'NA',OWC_2022
OWC_TR_2022_gw-perc-sat_L2_v2-1.pdf,Plots of Jan 2022 sensor data for OWC-TR,,2022-01-01,2022-12-31,,OWC_2022
OWC_TR_2022_gw-ph_L2_v2-1.parquet,Year 2022 sensor data for TR plot at OWC site,,2022-01-01,2022-12-31,'NA',OWC_2022
OWC_TR_2022_gw-ph_L2_v2-1.pdf,Plots of Jan 2022 sensor data for OWC-TR,,2022-01-01,2022-12-31,,OWC_2022
OWC_TR_2022_gw-ph-mv_L2_v2-1.parquet,Year 2022 sensor data for TR plot at OWC site,,2022-01-01,2022-12-31,'NA',OWC_2022
OWC_TR_2022_gw-ph-mv_L2_v2-1.pdf,Plots of Jan 2022 sensor data for OWC-TR,,2022-01-01,2022-12-31,,OWC_2022
OWC_TR_2022_gw-ph-orp_L2_v2-1.parquet,Year 2022 sensor data for TR plot at OWC site,,2022-01-01,2022-12-31,'NA',OWC_2022
OWC_TR_2022_gw-ph-orp_L2_v2-1.pdf,Plots of Jan 2022 sensor data for OWC-TR,,2022-01-01,2022-12-31,,OWC_2022
OWC_TR_2022_gw-pressure-vented_L2_v2-1.parquet,Year 2022 sensor data for TR plot at OWC site,,2022-01-01,2022-12-31,'NA',OWC_2022
OWC_TR_2022_gw-pressure-vented_L2_v2-1.pdf,Plots of Jan 2022 sensor data for OWC-TR,,2022-01-01,2022-12-31,,OWC_2022
OWC_TR_2022_gw-rdo-conc_L2_v2-1.parquet,Year 2022 sensor data for TR plot at OWC site,,2022-01-01,2022-12-31,'NA',OWC_2022
OWC_TR_2022_gw-rdo-conc_L2_v2-1.pdf,Plots of Jan 2022 sensor data for OWC-TR,,2022-01-01,2022-12-31,,OWC_2022
OWC_TR_2022_gw-resistivity_L2_v2-1.parquet,Year 2022 sensor data for TR plot at OWC site,,2022-01-01,2022-12-31,'NA',OWC_2022
OWC_TR_2022_gw-resistivity_L2_v2-1.pdf,Plots of Jan 2022 sensor data for OWC-TR,,2022-01-01,2022-12-31,,OWC_2022
OWC_TR_2022_gw-salinity_L2_v2-1.parquet,Year 2022 sensor data for TR plot at OWC site,,2022-01-01,2022-12-31,'NA',OWC_2022
OWC_TR_2022_gw-salinity_L2_v2-1.pdf,Plots of Jan 2022 sensor data for OWC-TR,,2022-01-01,2022-12-31,,OWC_2022
OWC_TR_2022_gw-spec-cond_L2_v2-1.parquet,Year 2022 sensor data for TR plot at OWC site,,2022-01-01,2022-12-31,'NA',OWC_2022
OWC_TR_2022_gw-spec-cond_L2_v2-1.pdf,Plots of Jan 2022 sensor data for OWC-TR,,2022-01-01,2022-12-31,,OWC_2022
OWC_TR_2022_gw-tds_L2_v2-1.parquet,Year 2022 sensor data for TR plot at OWC site,,2022-01-01,2022-12-31,'NA',OWC_2022
OWC_TR_2022_gw-tds_L2_v2-1.pdf,Plots of Jan 2022 sensor data for OWC-TR,,2022-01-01,2022-12-31,,OWC_2022
OWC_TR_2022_gw-temperature_L2_v2-1.parquet,Year 2022 sensor data for TR plot at OWC site,,2022-01-01,2022-12-31,'NA',OWC_2022
OWC_TR_2022_gw-temperature_L2_v2-1.pdf,Plots of Jan 2022 sensor data for OWC-TR,,2022-01-01,2022-12-31,,OWC_2022
OWC_TR_2022_gw-voltage-ext_L2_v2-1.parquet,Year 2022 sensor data for TR plot at OWC site,,2022-01-01,2022-12-31,'NA',OWC_2022
OWC_TR_2022_gw-voltage-ext_L2_v2-1.pdf,Plots of Jan 2022 sensor data for OWC-TR,,2022-01-01,2022-12-31,,OWC_2022
OWC_TR_2022_gw-wl-below-surface_L2_v2-1.parquet,Year 2022 sensor data for TR plot at OWC site,,2022-01-01,2022-12-31,'NA',OWC_2022
OWC_TR_2022_gw-wl-below-surface_L2_v2-1.pdf,Plots of Jan 2022 sensor data for OWC-TR,,2022-01-01,2022-12-31,,OWC_2022
OWC_TR_2022_sapflow-3.5cm_L2_v2-1.parquet,Year 2022 sensor data for TR plot at OWC site,,2022-01-01,2022-12-31,'NA',OWC_2022
OWC_TR_2022_sapflow-3.5cm_L2_v2-1.pdf,Plots of Jan 2022 sensor data for OWC-TR,,2022-01-01,2022-12-31,,OWC_2022
OWC_TR_2022_soil-EC-10cm_L2_v2-1.parquet,Year 2022 sensor data for TR plot at OWC site,,2022-01-01,2022-12-31,'NA',OWC_2022
OWC_TR_2022_soil-EC-10cm_L2_v2-1.pdf,Plots of Jan 2022 sensor data for OWC-TR,,2022-01-01,2022-12-31,,OWC_2022
OWC_TR_2022_soil-EC-30cm_L2_v2-1.parquet,Year 2022 sensor data for TR plot at OWC site,,2022-01-01,2022-12-31,'NA',OWC_2022
OWC_TR_2022_soil-EC-30cm_L2_v2-1.pdf,Plots of Jan 2022 sensor data for OWC-TR,,2022-01-01,2022-12-31,,OWC_2022
OWC_TR_2022_soil-salinity-10cm_L2_v2-1.parquet,Year 2022 sensor data for TR plot at OWC site,,2022-01-01,2022-12-31,'NA',OWC_2022
OWC_TR_2022_soil-salinity-10cm_L2_v2-1.pdf,Plots of Jan 2022 sensor data for OWC-TR,,2022-01-01,2022-12-31,,OWC_2022
OWC_TR_2022_soil-salinity-30cm_L2_v2-1.parquet,Year 2022 sensor data for TR plot at OWC site,,2022-01-01,2022-12-31,'NA',OWC_2022
OWC_TR_2022_soil-salinity-30cm_L2_v2-1.pdf,Plots of Jan 2022 sensor data for OWC-TR,,2022-01-01,2022-12-31,,OWC_2022
OWC_TR_2022_soil-temp-10cm_L2_v2-1.parquet,Year 2022 sensor data for TR plot at OWC site,,2022-01-01,2022-12-31,'NA',OWC_2022
OWC_TR_2022_soil-temp-10cm_L2_v2-1.pdf,Plots of Jan 2022 sensor data for OWC-TR,,2022-01-01,2022-12-31,,OWC_2022
OWC_TR_2022_soil-temp-30cm_L2_v2-1.parquet,Year 2022 sensor data for TR plot at OWC site,,2022-01-01,2022-12-31,'NA',OWC_2022
OWC_TR_2022_soil-temp-30cm_L2_v2-1.pdf,Plots of Jan 2022 sensor data for OWC-TR,,2022-01-01,2022-12-31,,OWC_2022
OWC_TR_2022_soil-vwc-10cm_L2_v2-1.parquet,Year 2022 sensor data for TR plot at OWC site,,2022-01-01,2022-12-31,'NA',OWC_2022
OWC_TR_2022_soil-vwc-10cm_L2_v2-1.pdf,Plots of Jan 2022 sensor data for OWC-TR,,2022-01-01,2022-12-31,,OWC_2022
OWC_TR_2022_soil-vwc-30cm_L2_v2-1.parquet,Year 2022 sensor data for TR plot at OWC site,,2022-01-01,2022-12-31,'NA',OWC_2022
OWC_TR_2022_soil-vwc-30cm_L2_v2-1.pdf,Plots of Jan 2022 sensor data for OWC-TR,,2022-01-01,2022-12-31,,OWC_2022
OWC_UP_2022_sapflow-3.5cm_L2_v2-1.parquet,Year 2022 sensor data for UP plot at OWC site,,2022-01-01,2022-12-31,'NA',OWC_2022
OWC_UP_2022_sapflow-3.5cm_L2_v2-1.pdf,Plots of Jan 2022 sensor data for OWC-UP,,2022-01-01,2022-12-31,,OWC_2022
OWC_UP_2022_soil-EC-10cm_L2_v2-1.parquet,Year 2022 sensor data for UP plot at OWC site,,2022-01-01,2022-12-31,'NA',OWC_2022
OWC_UP_2022_soil-EC-10cm_L2_v2-1.pdf,Plots of Jan 2022 sensor data for OWC-UP,,2022-01-01,2022-12-31,,OWC_2022
OWC_UP_2022_soil-EC-30cm_L2_v2-1.parquet,Year 2022 sensor data for UP plot at OWC site,,2022-01-01,2022-12-31,'NA',OWC_2022
OWC_UP_2022_soil-EC-30cm_L2_v2-1.pdf,Plots of Jan 2022 sensor data for OWC-UP,,2022-01-01,2022-12-31,,OWC_2022
OWC_UP_2022_soil-salinity-10cm_L2_v2-1.parquet,Year 2022 sensor data for UP plot at OWC site,,2022-01-01,2022-12-31,'NA',OWC_2022
OWC_UP_2022_soil-salinity-10cm_L2_v2-1.pdf,Plots of Jan 2022 sensor data for OWC-UP,,2022-01-01,2022-12-31,,OWC_2022
OWC_UP_2022_soil-salinity-30cm_L2_v2-1.parquet,Year 2022 sensor data for UP plot at OWC site,,2022-01-01,2022-12-31,'NA',OWC_2022
OWC_UP_2022_soil-salinity-30cm_L2_v2-1.pdf,Plots of Jan 2022 sensor data for OWC-UP,,2022-01-01,2022-12-31,,OWC_2022
OWC_UP_2022_soil-temp-10cm_L2_v2-1.parquet,Year 2022 sensor data for UP plot at OWC site,,2022-01-01,2022-12-31,'NA',OWC_2022
OWC_UP_2022_soil-temp-10cm_L2_v2-1.pdf,Plots of Jan 2022 sensor data for OWC-UP,,2022-01-01,2022-12-31,,OWC_2022
OWC_UP_2022_soil-temp-30cm_L2_v2-1.parquet,Year 2022 sensor data for UP plot at OWC site,,2022-01-01,2022-12-31,'NA',OWC_2022
OWC_UP_2022_soil-temp-30cm_L2_v2-1.pdf,Plots of Jan 2022 sensor data for OWC-UP,,2022-01-01,2022-12-31,,OWC_2022
OWC_UP_2022_soil-vwc-10cm_L2_v2-1.parquet,Year 2022 sensor data for UP plot at OWC site,,2022-01-01,2022-12-31,'NA',OWC_2022
OWC_UP_2022_soil-vwc-10cm_L2_v2-1.pdf,Plots of Jan 2022 sensor data for OWC-UP,,2022-01-01,2022-12-31,,OWC_2022
OWC_UP_2022_soil-vwc-30cm_L2_v2-1.parquet,Year 2022 sensor data for UP plot at OWC site,,2022-01-01,2022-12-31,'NA',OWC_2022
OWC_UP_2022_soil-vwc-30cm_L2_v2-1.pdf,Plots of Jan 2022 sensor data for OWC-UP,,2022-01-01,2022-12-31,,OWC_2022
OWC_W_2022_battery-voltage_L2_v2-1.parquet,Year 2022 sensor data for W plot at OWC site,,2022-01-01,2022-12-31,'NA',OWC_2022
OWC_W_2022_battery-voltage_L2_v2-1.pdf,Plots of Jan 2022 sensor data for OWC-W,,2022-01-01,2022-12-31,,OWC_2022
OWC_W_2022_gw-act-cond_L2_v2-1.parquet,Year 2022 sensor data for W plot at OWC site,,2022-01-01,2022-12-31,'NA',OWC_2022
OWC_W_2022_gw-act-cond_L2_v2-1.pdf,Plots of Jan 2022 sensor data for OWC-W,,2022-01-01,2022-12-31,,OWC_2022
OWC_W_2022_gw-bar-pressure_L2_v2-1.parquet,Year 2022 sensor data for W plot at OWC site,,2022-01-01,2022-12-31,'NA',OWC_2022
OWC_W_2022_gw-bar-pressure_L2_v2-1.pdf,Plots of Jan 2022 sensor data for OWC-W,,2022-01-01,2022-12-31,,OWC_2022
OWC_W_2022_gw-battery_L2_v2-1.parquet,Year 2022 sensor data for W plot at OWC site,,2022-01-01,2022-12-31,'NA',OWC_2022
OWC_W_2022_gw-battery_L2_v2-1.pdf,Plots of Jan 2022 sensor data for OWC-W,,2022-01-01,2022-12-31,,OWC_2022
OWC_W_2022_gw-density_L2_v2-1.parquet,Year 2022 sensor data for W plot at OWC site,,2022-01-01,2022-12-31,'NA',OWC_2022
OWC_W_2022_gw-density_L2_v2-1.pdf,Plots of Jan 2022 sensor data for OWC-W,,2022-01-01,2022-12-31,,OWC_2022
OWC_W_2022_gw-depth_L2_v2-1.parquet,Year 2022 sensor data for W plot at OWC site,,2022-01-01,2022-12-31,'NA',OWC_2022
OWC_W_2022_gw-depth_L2_v2-1.pdf,Plots of Jan 2022 sensor data for OWC-W,,2022-01-01,2022-12-31,,OWC_2022
OWC_W_2022_gw-part-pressure_L2_v2-1.parquet,Year 2022 sensor data for W plot at OWC site,,2022-01-01,2022-12-31,'NA',OWC_2022
OWC_W_2022_gw-part-pressure_L2_v2-1.pdf,Plots of Jan 2022 sensor data for OWC-W,,2022-01-01,2022-12-31,,OWC_2022
OWC_W_2022_gw-perc-sat_L2_v2-1.parquet,Year 2022 sensor data for W plot at OWC site,,2022-01-01,2022-12-31,'NA',OWC_2022
OWC_W_2022_gw-perc-sat_L2_v2-1.pdf,Plots of Jan 2022 sensor data for OWC-W,,2022-01-01,2022-12-31,,OWC_2022
OWC_W_2022_gw-ph_L2_v2-1.parquet,Year 2022 sensor data for W plot at OWC site,,2022-01-01,2022-12-31,'NA',OWC_2022
OWC_W_2022_gw-ph_L2_v2-1.pdf,Plots of Jan 2022 sensor data for OWC-W,,2022-01-01,2022-12-31,,OWC_2022
OWC_W_2022_gw-ph-mv_L2_v2-1.parquet,Year 2022 sensor data for W plot at OWC site,,2022-01-01,2022-12-31,'NA',OWC_2022
OWC_W_2022_gw-ph-mv_L2_v2-1.pdf,Plots of Jan 2022 sensor data for OWC-W,,2022-01-01,2022-12-31,,OWC_2022
OWC_W_2022_gw-ph-orp_L2_v2-1.parquet,Year 2022 sensor data for W plot at OWC site,,2022-01-01,2022-12-31,'NA',OWC_2022
OWC_W_2022_gw-ph-orp_L2_v2-1.pdf,Plots of Jan 2022 sensor data for OWC-W,,2022-01-01,2022-12-31,,OWC_2022
OWC_W_2022_gw-pressure-vented_L2_v2-1.parquet,Year 2022 sensor data for W plot at OWC site,,2022-01-01,2022-12-31,'NA',OWC_2022
OWC_W_2022_gw-pressure-vented_L2_v2-1.pdf,Plots of Jan 2022 sensor data for OWC-W,,2022-01-01,2022-12-31,,OWC_2022
OWC_W_2022_gw-rdo-conc_L2_v2-1.parquet,Year 2022 sensor data for W plot at OWC site,,2022-01-01,2022-12-31,'NA',OWC_2022
OWC_W_2022_gw-rdo-conc_L2_v2-1.pdf,Plots of Jan 2022 sensor data for OWC-W,,2022-01-01,2022-12-31,,OWC_2022
OWC_W_2022_gw-resistivity_L2_v2-1.parquet,Year 2022 sensor data for W plot at OWC site,,2022-01-01,2022-12-31,'NA',OWC_2022
OWC_W_2022_gw-resistivity_L2_v2-1.pdf,Plots of Jan 2022 sensor data for OWC-W,,2022-01-01,2022-12-31,,OWC_2022
OWC_W_2022_gw-salinity_L2_v2-1.parquet,Year 2022 sensor data for W plot at OWC site,,2022-01-01,2022-12-31,'NA',OWC_2022
OWC_W_2022_gw-salinity_L2_v2-1.pdf,Plots of Jan 2022 sensor data for OWC-W,,2022-01-01,2022-12-31,,OWC_2022
OWC_W_2022_gw-spec-cond_L2_v2-1.parquet,Year 2022 sensor data for W plot at OWC site,,2022-01-01,2022-12-31,'NA',OWC_2022
OWC_W_2022_gw-spec-cond_L2_v2-1.pdf,Plots of Jan 2022 sensor data for OWC-W,,2022-01-01,2022-12-31,,OWC_2022
OWC_W_2022_gw-tds_L2_v2-1.parquet,Year 2022 sensor data for W plot at OWC site,,2022-01-01,2022-12-31,'NA',OWC_2022
OWC_W_2022_gw-tds_L2_v2-1.pdf,Plots of Jan 2022 sensor data for OWC-W,,2022-01-01,2022-12-31,,OWC_2022
OWC_W_2022_gw-temperature_L2_v2-1.parquet,Year 2022 sensor data for W plot at OWC site,,2022-01-01,2022-12-31,'NA',OWC_2022
OWC_W_2022_gw-temperature_L2_v2-1.pdf,Plots of Jan 2022 sensor data for OWC-W,,2022-01-01,2022-12-31,,OWC_2022
OWC_W_2022_gw-voltage-ext_L2_v2-1.parquet,Year 2022 sensor data for W plot at OWC site,,2022-01-01,2022-12-31,'NA',OWC_2022
OWC_W_2022_gw-voltage-ext_L2_v2-1.pdf,Plots of Jan 2022 sensor data for OWC-W,,2022-01-01,2022-12-31,,OWC_2022
OWC_W_2022_soil-EC-10cm_L2_v2-1.parquet,Year 2022 sensor data for W plot at OWC site,,2022-01-01,2022-12-31,'NA',OWC_2022
OWC_W_2022_soil-EC-10cm_L2_v2-1.pdf,Plots of Jan 2022 sensor data for OWC-W,,2022-01-01,2022-12-31,,OWC_2022
OWC_W_2022_soil-EC-30cm_L2_v2-1.parquet,Year 2022 sensor data for W plot at OWC site,,2022-01-01,2022-12-31,'NA',OWC_2022
OWC_W_2022_soil-EC-30cm_L2_v2-1.pdf,Plots of Jan 2022 sensor data for OWC-W,,2022-01-01,2022-12-31,,OWC_2022
OWC_W_2022_soil-salinity-10cm_L2_v2-1.parquet,Year 2022 sensor data for W plot at OWC site,,2022-01-01,2022-12-31,'NA',OWC_2022
OWC_W_2022_soil-salinity-10cm_L2_v2-1.pdf,Plots of Jan 2022 sensor data for OWC-W,,2022-01-01,2022-12-31,,OWC_2022
OWC_W_2022_soil-salinity-30cm_L2_v2-1.parquet,Year 2022 sensor data for W plot at OWC site,,2022-01-01,2022-12-31,'NA',OWC_2022
OWC_W_2022_soil-salinity-30cm_L2_v2-1.pdf,Plots of Jan 2022 sensor data for OWC-W,,2022-01-01,2022-12-31,,OWC_2022
OWC_W_2022_soil-temp-10cm_L2_v2-1.parquet,Year 2022 sensor data for W plot at OWC site,,2022-01-01,2022-12-31,'NA',OWC_2022
OWC_W_2022_soil-temp-10cm_L2_v2-1.pdf,Plots of Jan 2022 sensor data for OWC-W,,2022-01-01,2022-12-31,,OWC_2022
OWC_W_2022_soil-temp-30cm_L2_v2-1.parquet,Year 2022 sensor data for W plot at OWC site,,2022-01-01,2022-12-31,'NA',OWC_2022
OWC_W_2022_soil-temp-30cm_L2_v2-1.pdf,Plots of Jan 2022 sensor data for OWC-W,,2022-01-01,2022-12-31,,OWC_2022
OWC_W_2022_soil-vwc-10cm_L2_v2-1.parquet,Year 2022 sensor data for W plot at OWC site,,2022-01-01,2022-12-31,'NA',OWC_2022
OWC_W_2022_soil-vwc-10cm_L2_v2-1.pdf,Plots of Jan 2022 sensor data for OWC-W,,2022-01-01,2022-12-31,,OWC_2022
OWC_W_2022_soil-vwc-30cm_L2_v2-1.parquet,Year 2022 sensor data for W plot at OWC site,,2022-01-01,2022-12-31,'NA',OWC_2022
OWC_W_2022_soil-vwc-30cm_L2_v2-1.pdf,Plots of Jan 2022 sensor data for OWC-W,,2022-01-01,2022-12-31,,OWC_2022
OWC_W_2022_wx-barpress15_L2_v2-1.parquet,Year 2022 sensor data for W plot at OWC site,,2022-01-01,2022-12-31,'NA',OWC_2022
OWC_W_2022_wx-barpress15_L2_v2-1.pdf,Plots of Jan 2022 sensor data for OWC-W,,2022-01-01,2022-12-31,,OWC_2022
OWC_W_2022_wx-bpmax15_L2_v2-1.parquet,Year 2022 sensor data for W plot at OWC site,,2022-01-01,2022-12-31,'NA',OWC_2022
OWC_W_2022_wx-bpmax15_L2_v2-1.pdf,Plots of Jan 2022 sensor data for OWC-W,,2022-01-01,2022-12-31,,OWC_2022
OWC_W_2022_wx-bpmin15_L2_v2-1.parquet,Year 2022 sensor data for W plot at OWC site,,2022-01-01,2022-12-31,'NA',OWC_2022
OWC_W_2022_wx-bpmin15_L2_v2-1.pdf,Plots of Jan 2022 sensor data for OWC-W,,2022-01-01,2022-12-31,,OWC_2022
OWC_W_2022_wx-dist-min15_L2_v2-1.parquet,Year 2022 sensor data for W plot at OWC site,,2022-01-01,2022-12-31,'NA',OWC_2022
OWC_W_2022_wx-dist-min15_L2_v2-1.pdf,Plots of Jan 2022 sensor data for OWC-W,,2022-01-01,2022-12-31,,OWC_2022
OWC_W_2022_wx-invalid-wind15_L2_v2-1.parquet,Year 2022 sensor data for W plot at OWC site,,2022-01-01,2022-12-31,'NA',OWC_2022
OWC_W_2022_wx-invalid-wind15_L2_v2-1.pdf,Plots of Jan 2022 sensor data for OWC-W,,2022-01-01,2022-12-31,,OWC_2022
OWC_W_2022_wx-maxws15_L2_v2-1.parquet,Year 2022 sensor data for W plot at OWC site,,2022-01-01,2022-12-31,'NA',OWC_2022
OWC_W_2022_wx-maxws15_L2_v2-1.pdf,Plots of Jan 2022 sensor data for OWC-W,,2022-01-01,2022-12-31,,OWC_2022
OWC_W_2022_wx-maxws24_L2_v2-1.parquet,Year 2022 sensor data for W plot at OWC site,,2022-01-01,2022-12-31,'NA',OWC_2022
OWC_W_2022_wx-maxws24_L2_v2-1.pdf,Plots of Jan 2022 sensor data for OWC-W,,2022-01-01,2022-12-31,,OWC_2022
OWC_W_2022_wx-par-den15_L2_v2-1.parquet,Year 2022 sensor data for W plot at OWC site,,2022-01-01,2022-12-31,'NA',OWC_2022
OWC_W_2022_wx-par-den15_L2_v2-1.pdf,Plots of Jan 2022 sensor data for OWC-W,,2022-01-01,2022-12-31,,OWC_2022
OWC_W_2022_wx-par-den24_L2_v2-1.parquet,Year 2022 sensor data for W plot at OWC site,,2022-01-01,2022-12-31,'NA',OWC_2022
OWC_W_2022_wx-par-den24_L2_v2-1.pdf,Plots of Jan 2022 sensor data for OWC-W,,2022-01-01,2022-12-31,,OWC_2022
OWC_W_2022_wx-par-tot15_L2_v2-1.parquet,Year 2022 sensor data for W plot at OWC site,,2022-01-01,2022-12-31,'NA',OWC_2022
OWC_W_2022_wx-par-tot15_L2_v2-1.pdf,Plots of Jan 2022 sensor data for OWC-W,,2022-01-01,2022-12-31,,OWC_2022
OWC_W_2022_wx-par-tot24_L2_v2-1.parquet,Year 2022 sensor data for W plot at OWC site,,2022-01-01,2022-12-31,'NA',OWC_2022
OWC_W_2022_wx-par-tot24_L2_v2-1.pdf,Plots of Jan 2022 sensor data for OWC-W,,2022-01-01,2022-12-31,,OWC_2022
OWC_W_2022_wx-rain15_L2_v2-1.parquet,Year 2022 sensor data for W plot at OWC site,,2022-01-01,2022-12-31,'NA',OWC_2022
OWC_W_2022_wx-rain15_L2_v2-1.pdf,Plots of Jan 2022 sensor data for OWC-W,,2022-01-01,2022-12-31,,OWC_2022
OWC_W_2022_wx-rain24_L2_v2-1.parquet,Year 2022 sensor data for W plot at OWC site,,2022-01-01,2022-12-31,'NA',OWC_2022
OWC_W_2022_wx-rain24_L2_v2-1.pdf,Plots of Jan 2022 sensor data for OWC-W,,2022-01-01,2022-12-31,,OWC_2022
OWC_W_2022_wx-rh15_L2_v2-1.parquet,Year 2022 sensor data for W plot at OWC site,,2022-01-01,2022-12-31,'NA',OWC_2022
OWC_W_2022_wx-rh15_L2_v2-1.pdf,Plots of Jan 2022 sensor data for OWC-W,,2022-01-01,2022-12-31,,OWC_2022
OWC_W_2022_wx-rh24_L2_v2-1.parquet,Year 2022 sensor data for W plot at OWC site,,2022-01-01,2022-12-31,'NA',OWC_2022
OWC_W_2022_wx-rh24_L2_v2-1.pdf,Plots of Jan 2022 sensor data for OWC-W,,2022-01-01,2022-12-31,,OWC_2022
OWC_W_2022_wx-rht15_L2_v2-1.parquet,Year 2022 sensor data for W plot at OWC site,,2022-01-01,2022-12-31,'NA',OWC_2022
OWC_W_2022_wx-rht15_L2_v2-1.pdf,Plots of Jan 2022 sensor data for OWC-W,,2022-01-01,2022-12-31,,OWC_2022
OWC_W_2022_wx-rht24_L2_v2-1.parquet,Year 2022 sensor data for W plot at OWC site,,2022-01-01,2022-12-31,'NA',OWC_2022
OWC_W_2022_wx-rht24_L2_v2-1.pdf,Plots of Jan 2022 sensor data for OWC-W,,2022-01-01,2022-12-31,,OWC_2022
OWC_W_2022_wx-rhtmax24_L2_v2-1.parquet,Year 2022 sensor data for W plot at OWC site,,2022-01-01,2022-12-31,'NA',OWC_2022
OWC_W_2022_wx-rhtmax24_L2_v2-1.pdf,Plots of Jan 2022 sensor data for OWC-W,,2022-01-01,2022-12-31,,OWC_2022
OWC_W_2022_wx-rhtmin24_L2_v2-1.parquet,Year 2022 sensor data for W plot at OWC site,,2022-01-01,2022-12-31,'NA',OWC_2022
OWC_W_2022_wx-rhtmin24_L2_v2-1.pdf,Plots of Jan 2022 sensor data for OWC-W,,2022-01-01,2022-12-31,,OWC_2022
OWC_W_2022_wx-slr-fd15_L2_v2-1.parquet,Year 2022 sensor data for W plot at OWC site,,2022-01-01,2022-12-31,'NA',OWC_2022
OWC_W_2022_wx-slr-fd15_L2_v2-1.pdf,Plots of Jan 2022 sensor data for OWC-W,,2022-01-01,2022-12-31,,OWC_2022
OWC_W_2022_wx-slr-fd24_L2_v2-1.parquet,Year 2022 sensor data for W plot at OWC site,,2022-01-01,2022-12-31,'NA',OWC_2022
OWC_W_2022_wx-slr-fd24_L2_v2-1.pdf,Plots of Jan 2022 sensor data for OWC-W,,2022-01-01,2022-12-31,,OWC_2022
OWC_W_2022_wx-slr-tf15_L2_v2-1.parquet,Year 2022 sensor data for W plot at OWC site,,2022-01-01,2022-12-31,'NA',OWC_2022
OWC_W_2022_wx-slr-tf15_L2_v2-1.pdf,Plots of Jan 2022 sensor data for OWC-W,,2022-01-01,2022-12-31,,OWC_2022
OWC_W_2022_wx-slr-tf24_L2_v2-1.parquet,Year 2022 sensor data for W plot at OWC site,,2022-01-01,2022-12-31,'NA',OWC_2022
OWC_W_2022_wx-slr-tf24_L2_v2-1.pdf,Plots of Jan 2022 sensor data for OWC-W,,2022-01-01,2022-12-31,,OWC_2022
OWC_W_2022_wx-strikes15_L2_v2-1.parquet,Year 2022 sensor data for W plot at OWC site,,2022-01-01,2022-12-31,'NA',OWC_2022
OWC_W_2022_wx-strikes15_L2_v2-1.pdf,Plots of Jan 2022 sensor data for OWC-W,,2022-01-01,2022-12-31,,OWC_2022
OWC_W_2022_wx-tempavg15_L2_v2-1.parquet,Year 2022 sensor data for W plot at OWC site,,2022-01-01,2022-12-31,'NA',OWC_2022
OWC_W_2022_wx-tempavg15_L2_v2-1.pdf,Plots of Jan 2022 sensor data for OWC-W,,2022-01-01,2022-12-31,,OWC_2022
OWC_W_2022_wx-tempavg24_L2_v2-1.parquet,Year 2022 sensor data for W plot at OWC site,,2022-01-01,2022-12-31,'NA',OWC_2022
OWC_W_2022_wx-tempavg24_L2_v2-1.pdf,Plots of Jan 2022 sensor data for OWC-W,,2022-01-01,2022-12-31,,OWC_2022
OWC_W_2022_wx-tempmax15_L2_v2-1.parquet,Year 2022 sensor data for W plot at OWC site,,2022-01-01,2022-12-31,'NA',OWC_2022
OWC_W_2022_wx-tempmax15_L2_v2-1.pdf,Plots of Jan 2022 sensor data for OWC-W,,2022-01-01,2022-12-31,,OWC_2022
OWC_W_2022_wx-tempmax24_L2_v2-1.parquet,Year 2022 sensor data for W plot at OWC site,,2022-01-01,2022-12-31,'NA',OWC_2022
OWC_W_2022_wx-tempmax24_L2_v2-1.pdf,Plots of Jan 2022 sensor data for OWC-W,,2022-01-01,2022-12-31,,OWC_2022
OWC_W_2022_wx-tempmin15_L2_v2-1.parquet,Year 2022 sensor data for W plot at OWC site,,2022-01-01,2022-12-31,'NA',OWC_2022
OWC_W_2022_wx-tempmin15_L2_v2-1.pdf,Plots of Jan 2022 sensor data for OWC-W,,2022-01-01,2022-12-31,,OWC_2022
OWC_W_2022_wx-tempmin24_L2_v2-1.parquet,Year 2022 sensor data for W plot at OWC site,,2022-01-01,2022-12-31,'NA',OWC_2022
OWC_W_2022_wx-tempmin24_L2_v2-1.pdf,Plots of Jan 2022 sensor data for OWC-W,,2022-01-01,2022-12-31,,OWC_2022
OWC_W_2022_wx-tilt-ns15_L2_v2-1.parquet,Year 2022 sensor data for W plot at OWC site,,2022-01-01,2022-12-31,'NA',OWC_2022
OWC_W_2022_wx-tilt-ns15_L2_v2-1.pdf,Plots of Jan 2022 sensor data for OWC-W,,2022-01-01,2022-12-31,,OWC_2022
OWC_W_2022_wx-tilt-ns24_L2_v2-1.parquet,Year 2022 sensor data for W plot at OWC site,,2022-01-01,2022-12-31,'NA',OWC_2022
OWC_W_2022_wx-tilt-ns24_L2_v2-1.pdf,Plots of Jan 2022 sensor data for OWC-W,,2022-01-01,2022-12-31,,OWC_2022
OWC_W_2022_wx-tilt-we15_L2_v2-1.parquet,Year 2022 sensor data for W plot at OWC site,,2022-01-01,2022-12-31,'NA',OWC_2022
OWC_W_2022_wx-tilt-we15_L2_v2-1.pdf,Plots of Jan 2022 sensor data for OWC-W,,2022-01-01,2022-12-31,,OWC_2022
OWC_W_2022_wx-tilt-we24_L2_v2-1.parquet,Year 2022 sensor data for W plot at OWC site,,2022-01-01,2022-12-31,'NA',OWC_2022
OWC_W_2022_wx-tilt-we24_L2_v2-1.pdf,Plots of Jan 2022 sensor data for OWC-W,,2022-01-01,2022-12-31,,OWC_2022
OWC_W_2022_wx-vappress15_L2_v2-1.parquet,Year 2022 sensor data for W plot at OWC site,,2022-01-01,2022-12-31,'NA',OWC_2022
OWC_W_2022_wx-vappress15_L2_v2-1.pdf,Plots of Jan 2022 sensor data for OWC-W,,2022-01-01,2022-12-31,,OWC_2022
OWC_W_2022_wx-vappress24_L2_v2-1.parquet,Year 2022 sensor data for W plot at OWC site,,2022-01-01,2022-12-31,'NA',OWC_2022
OWC_W_2022_wx-vappress24_L2_v2-1.pdf,Plots of Jan 2022 sensor data for OWC-W,,2022-01-01,2022-12-31,,OWC_2022
OWC_W_2022_wx-winddir-sd115_L2_v2-1.parquet,Year 2022 sensor data for W plot at OWC site,,2022-01-01,2022-12-31,'NA',OWC_2022
OWC_W_2022_wx-winddir-sd115_L2_v2-1.pdf,Plots of Jan 2022 sensor data for OWC-W,,2022-01-01,2022-12-31,,OWC_2022
OWC_W_2022_wx-winddir15_L2_v2-1.parquet,Year 2022 sensor data for W plot at OWC site,,2022-01-01,2022-12-31,'NA',OWC_2022
OWC_W_2022_wx-winddir15_L2_v2-1.pdf,Plots of Jan 2022 sensor data for OWC-W,,2022-01-01,2022-12-31,,OWC_2022
OWC_W_2022_wx-winderrors24_L2_v2-1.parquet,Year 2022 sensor data for W plot at OWC site,,2022-01-01,2022-12-31,'NA',OWC_2022
OWC_W_2022_wx-winderrors24_L2_v2-1.pdf,Plots of Jan 2022 sensor data for OWC-W,,2022-01-01,2022-12-31,,OWC_2022
OWC_W_2022_wx-windspeed15_L2_v2-1.parquet,Year 2022 sensor data for W plot at OWC site,,2022-01-01,2022-12-31,'NA',OWC_2022
OWC_W_2022_wx-windspeed15_L2_v2-1.pdf,Plots of Jan 2022 sensor data for OWC-W,,2022-01-01,2022-12-31,,OWC_2022
OWC_WTE_2022_gw-act-cond_L2_v2-1.parquet,Year 2022 sensor data for WTE plot at OWC site,,2022-01-01,2022-12-31,'NA',OWC_2022
OWC_WTE_2022_gw-act-cond_L2_v2-1.pdf,Plots of Jan 2022 sensor data for OWC-WTE,,2022-01-01,2022-12-31,,OWC_2022
OWC_WTE_2022_gw-bar-pressure_L2_v2-1.parquet,Year 2022 sensor data for WTE plot at OWC site,,2022-01-01,2022-12-31,'NA',OWC_2022
OWC_WTE_2022_gw-bar-pressure_L2_v2-1.pdf,Plots of Jan 2022 sensor data for OWC-WTE,,2022-01-01,2022-12-31,,OWC_2022
OWC_WTE_2022_gw-battery_L2_v2-1.parquet,Year 2022 sensor data for WTE plot at OWC site,,2022-01-01,2022-12-31,'NA',OWC_2022
OWC_WTE_2022_gw-battery_L2_v2-1.pdf,Plots of Jan 2022 sensor data for OWC-WTE,,2022-01-01,2022-12-31,,OWC_2022
OWC_WTE_2022_gw-density_L2_v2-1.parquet,Year 2022 sensor data for WTE plot at OWC site,,2022-01-01,2022-12-31,'NA',OWC_2022
OWC_WTE_2022_gw-density_L2_v2-1.pdf,Plots of Jan 2022 sensor data for OWC-WTE,,2022-01-01,2022-12-31,,OWC_2022
OWC_WTE_2022_gw-depth_L2_v2-1.parquet,Year 2022 sensor data for WTE plot at OWC site,,2022-01-01,2022-12-31,'NA',OWC_2022
OWC_WTE_2022_gw-depth_L2_v2-1.pdf,Plots of Jan 2022 sensor data for OWC-WTE,,2022-01-01,2022-12-31,,OWC_2022
OWC_WTE_2022_gw-part-pressure_L2_v2-1.parquet,Year 2022 sensor data for WTE plot at OWC site,,2022-01-01,2022-12-31,'NA',OWC_2022
OWC_WTE_2022_gw-part-pressure_L2_v2-1.pdf,Plots of Jan 2022 sensor data for OWC-WTE,,2022-01-01,2022-12-31,,OWC_2022
OWC_WTE_2022_gw-perc-sat_L2_v2-1.parquet,Year 2022 sensor data for WTE plot at OWC site,,2022-01-01,2022-12-31,'NA',OWC_2022
OWC_WTE_2022_gw-perc-sat_L2_v2-1.pdf,Plots of Jan 2022 sensor data for OWC-WTE,,2022-01-01,2022-12-31,,OWC_2022
OWC_WTE_2022_gw-ph_L2_v2-1.parquet,Year 2022 sensor data for WTE plot at OWC site,,2022-01-01,2022-12-31,'NA',OWC_2022
OWC_WTE_2022_gw-ph_L2_v2-1.pdf,Plots of Jan 2022 sensor data for OWC-WTE,,2022-01-01,2022-12-31,,OWC_2022
OWC_WTE_2022_gw-ph-mv_L2_v2-1.parquet,Year 2022 sensor data for WTE plot at OWC site,,2022-01-01,2022-12-31,'NA',OWC_2022
OWC_WTE_2022_gw-ph-mv_L2_v2-1.pdf,Plots of Jan 2022 sensor data for OWC-WTE,,2022-01-01,2022-12-31,,OWC_2022
OWC_WTE_2022_gw-ph-orp_L2_v2-1.parquet,Year 2022 sensor data for WTE plot at OWC site,,2022-01-01,2022-12-31,'NA',OWC_2022
OWC_WTE_2022_gw-ph-orp_L2_v2-1.pdf,Plots of Jan 2022 sensor data for OWC-WTE,,2022-01-01,2022-12-31,,OWC_2022
OWC_WTE_2022_gw-pressure-vented_L2_v2-1.parquet,Year 2022 sensor data for WTE plot at OWC site,,2022-01-01,2022-12-31,'NA',OWC_2022
OWC_WTE_2022_gw-pressure-vented_L2_v2-1.pdf,Plots of Jan 2022 sensor data for OWC-WTE,,2022-01-01,2022-12-31,,OWC_2022
OWC_WTE_2022_gw-rdo-conc_L2_v2-1.parquet,Year 2022 sensor data for WTE plot at OWC site,,2022-01-01,2022-12-31,'NA',OWC_2022
OWC_WTE_2022_gw-rdo-conc_L2_v2-1.pdf,Plots of Jan 2022 sensor data for OWC-WTE,,2022-01-01,2022-12-31,,OWC_2022
OWC_WTE_2022_gw-resistivity_L2_v2-1.parquet,Year 2022 sensor data for WTE plot at OWC site,,2022-01-01,2022-12-31,'NA',OWC_2022
OWC_WTE_2022_gw-resistivity_L2_v2-1.pdf,Plots of Jan 2022 sensor data for OWC-WTE,,2022-01-01,2022-12-31,,OWC_2022
OWC_WTE_2022_gw-salinity_L2_v2-1.parquet,Year 2022 sensor data for WTE plot at OWC site,,2022-01-01,2022-12-31,'NA',OWC_2022
OWC_WTE_2022_gw-salinity_L2_v2-1.pdf,Plots of Jan 2022 sensor data for OWC-WTE,,2022-01-01,2022-12-31,,OWC_2022
OWC_WTE_2022_gw-spec-cond_L2_v2-1.parquet,Year 2022 sensor data for WTE plot at OWC site,,2022-01-01,2022-12-31,'NA',OWC_2022
OWC_WTE_2022_gw-spec-cond_L2_v2-1.pdf,Plots of Jan 2022 sensor data for OWC-WTE,,2022-01-01,2022-12-31,,OWC_2022
OWC_WTE_2022_gw-tds_L2_v2-1.parquet,Year 2022 sensor data for WTE plot at OWC site,,2022-01-01,2022-12-31,'NA',OWC_2022
OWC_WTE_2022_gw-tds_L2_v2-1.pdf,Plots of Jan 2022 sensor data for OWC-WTE,,2022-01-01,2022-12-31,,OWC_2022
OWC_WTE_2022_gw-temperature_L2_v2-1.parquet,Year 2022 sensor data for WTE plot at OWC site,,2022-01-01,2022-12-31,'NA',OWC_2022
OWC_WTE_2022_gw-temperature_L2_v2-1.pdf,Plots of Jan 2022 sensor data for OWC-WTE,,2022-01-01,2022-12-31,,OWC_2022
OWC_WTE_2022_gw-voltage-ext_L2_v2-1.parquet,Year 2022 sensor data for WTE plot at OWC site,,2022-01-01,2022-12-31,'NA',OWC_2022
OWC_WTE_2022_gw-voltage-ext_L2_v2-1.pdf,Plots of Jan 2022 sensor data for OWC-WTE,,2022-01-01,2022-12-31,,OWC_2022
OWC_2023_L2_v2-1_metadata.txt,Metadata for all data files in OWC_2023 folder,,,,,OWC_2023
OWC_OW_2023_battery-voltage_L2_v2-1.parquet,Year 2023 sensor data for OW plot at OWC site,,2023-01-01,2023-12-31,'NA',OWC_2023
OWC_OW_2023_battery-voltage_L2_v2-1.pdf,Plots of Jan 2023 sensor data for OWC-OW,,2023-01-01,2023-12-31,,OWC_2023
OWC_OW_2023_sonde-cable_L2_v2-1.parquet,Year 2023 sensor data for OW plot at OWC site,,2023-01-01,2023-12-31,'NA',OWC_2023
OWC_OW_2023_sonde-cable_L2_v2-1.pdf,Plots of Jan 2023 sensor data for OWC-OW,,2023-01-01,2023-12-31,,OWC_2023
OWC_OW_2023_sonde-conductivity_L2_v2-1.parquet,Year 2023 sensor data for OW plot at OWC site,,2023-01-01,2023-12-31,'NA',OWC_2023
OWC_OW_2023_sonde-conductivity_L2_v2-1.pdf,Plots of Jan 2023 sensor data for OWC-OW,,2023-01-01,2023-12-31,,OWC_2023
OWC_OW_2023_sonde-fdom_L2_v2-1.parquet,Year 2023 sensor data for OW plot at OWC site,,2023-01-01,2023-12-31,'NA',OWC_2023
OWC_OW_2023_sonde-fdom_L2_v2-1.pdf,Plots of Jan 2023 sensor data for OWC-OW,,2023-01-01,2023-12-31,,OWC_2023
OWC_OW_2023_sonde-fdom-rfu_L2_v2-1.parquet,Year 2023 sensor data for OW plot at OWC site,,2023-01-01,2023-12-31,'NA',OWC_2023
OWC_OW_2023_sonde-fdom-rfu_L2_v2-1.pdf,Plots of Jan 2023 sensor data for OWC-OW,,2023-01-01,2023-12-31,,OWC_2023
OWC_OW_2023_sonde-nlf-cond_L2_v2-1.parquet,Year 2023 sensor data for OW plot at OWC site,,2023-01-01,2023-12-31,'NA',OWC_2023
OWC_OW_2023_sonde-nlf-cond_L2_v2-1.pdf,Plots of Jan 2023 sensor data for OWC-OW,,2023-01-01,2023-12-31,,OWC_2023
OWC_OW_2023_sonde-odo-local_L2_v2-1.parquet,Year 2023 sensor data for OW plot at OWC site,,2023-01-01,2023-12-31,'NA',OWC_2023
OWC_OW_2023_sonde-odo-local_L2_v2-1.pdf,Plots of Jan 2023 sensor data for OWC-OW,,2023-01-01,2023-12-31,,OWC_2023
OWC_OW_2023_sonde-odo-mgl_L2_v2-1.parquet,Year 2023 sensor data for OW plot at OWC site,,2023-01-01,2023-12-31,'NA',OWC_2023
OWC_OW_2023_sonde-odo-mgl_L2_v2-1.pdf,Plots of Jan 2023 sensor data for OWC-OW,,2023-01-01,2023-12-31,,OWC_2023
OWC_OW_2023_sonde-odo-sat_L2_v2-1.parquet,Year 2023 sensor data for OW plot at OWC site,,2023-01-01,2023-12-31,'NA',OWC_2023
OWC_OW_2023_sonde-odo-sat_L2_v2-1.pdf,Plots of Jan 2023 sensor data for OWC-OW,,2023-01-01,2023-12-31,,OWC_2023
OWC_OW_2023_sonde-orp_L2_v2-1.parquet,Year 2023 sensor data for OW plot at OWC site,,2023-01-01,2023-12-31,'NA',OWC_2023
OWC_OW_2023_sonde-orp_L2_v2-1.pdf,Plots of Jan 2023 sensor data for OWC-OW,,2023-01-01,2023-12-31,,OWC_2023
OWC_OW_2023_sonde-ph_L2_v2-1.parquet,Year 2023 sensor data for OW plot at OWC site,,2023-01-01,2023-12-31,'NA',OWC_2023
OWC_OW_2023_sonde-ph_L2_v2-1.pdf,Plots of Jan 2023 sensor data for OWC-OW,,2023-01-01,2023-12-31,,OWC_2023
OWC_OW_2023_sonde-ph-mv_L2_v2-1.parquet,Year 2023 sensor data for OW plot at OWC site,,2023-01-01,2023-12-31,'NA',OWC_2023
OWC_OW_2023_sonde-ph-mv_L2_v2-1.pdf,Plots of Jan 2023 sensor data for OWC-OW,,2023-01-01,2023-12-31,,OWC_2023
OWC_OW_2023_sonde-pressure_L2_v2-1.parquet,Year 2023 sensor data for OW plot at OWC site,,2023-01-01,2023-12-31,'NA',OWC_2023
OWC_OW_2023_sonde-pressure_L2_v2-1.pdf,Plots of Jan 2023 sensor data for OWC-OW,,2023-01-01,2023-12-31,,OWC_2023
OWC_OW_2023_sonde-salinity_L2_v2-1.parquet,Year 2023 sensor data for OW plot at OWC site,,2023-01-01,2023-12-31,'NA',OWC_2023
OWC_OW_2023_sonde-salinity_L2_v2-1.pdf,Plots of Jan 2023 sensor data for OWC-OW,,2023-01-01,2023-12-31,,OWC_2023
OWC_OW_2023_sonde-spcond_L2_v2-1.parquet,Year 2023 sensor data for OW plot at OWC site,,2023-01-01,2023-12-31,'NA',OWC_2023
OWC_OW_2023_sonde-spcond_L2_v2-1.pdf,Plots of Jan 2023 sensor data for OWC-OW,,2023-01-01,2023-12-31,,OWC_2023
OWC_OW_2023_sonde-tds_L2_v2-1.parquet,Year 2023 sensor data for OW plot at OWC site,,2023-01-01,2023-12-31,'NA',OWC_2023
OWC_OW_2023_sonde-tds_L2_v2-1.pdf,Plots of Jan 2023 sensor data for OWC-OW,,2023-01-01,2023-12-31,,OWC_2023
OWC_OW_2023_sonde-temp_L2_v2-1.parquet,Year 2023 sensor data for OW plot at OWC site,,2023-01-01,2023-12-31,'NA',OWC_2023
OWC_OW_2023_sonde-temp_L2_v2-1.pdf,Plots of Jan 2023 sensor data for OWC-OW,,2023-01-01,2023-12-31,,OWC_2023
OWC_OW_2023_sonde-tss_L2_v2-1.parquet,Year 2023 sensor data for OW plot at OWC site,,2023-01-01,2023-12-31,'NA',OWC_2023
OWC_OW_2023_sonde-tss_L2_v2-1.pdf,Plots of Jan 2023 sensor data for OWC-OW,,2023-01-01,2023-12-31,,OWC_2023
OWC_OW_2023_sonde-turb-raw_L2_v2-1.parquet,Year 2023 sensor data for OW plot at OWC site,,2023-01-01,2023-12-31,'NA',OWC_2023
OWC_OW_2023_sonde-turb-raw_L2_v2-1.pdf,Plots of Jan 2023 sensor data for OWC-OW,,2023-01-01,2023-12-31,,OWC_2023
OWC_OW_2023_sonde-turbidity_L2_v2-1.parquet,Year 2023 sensor data for OW plot at OWC site,,2023-01-01,2023-12-31,'NA',OWC_2023
OWC_OW_2023_sonde-turbidity_L2_v2-1.pdf,Plots of Jan 2023 sensor data for OWC-OW,,2023-01-01,2023-12-31,,OWC_2023
OWC_OW_2023_sonde-vpos_L2_v2-1.parquet,Year 2023 sensor data for OW plot at OWC site,,2023-01-01,2023-12-31,'NA',OWC_2023
OWC_OW_2023_sonde-vpos_L2_v2-1.pdf,Plots of Jan 2023 sensor data for OWC-OW,,2023-01-01,2023-12-31,,OWC_2023
OWC_OW_2023_sonde-wipercur_L2_v2-1.parquet,Year 2023 sensor data for OW plot at OWC site,,2023-01-01,2023-12-31,'NA',OWC_2023
OWC_OW_2023_sonde-wipercur_L2_v2-1.pdf,Plots of Jan 2023 sensor data for OWC-OW,,2023-01-01,2023-12-31,,OWC_2023
OWC_OW_2023_sonde-wiperpos_L2_v2-1.parquet,Year 2023 sensor data for OW plot at OWC site,,2023-01-01,2023-12-31,'NA',OWC_2023
OWC_OW_2023_sonde-wiperpos_L2_v2-1.pdf,Plots of Jan 2023 sensor data for OWC-OW,,2023-01-01,2023-12-31,,OWC_2023
OWC_TR_2023_battery-voltage_L2_v2-1.parquet,Year 2023 sensor data for TR plot at OWC site,,2023-01-01,2023-12-31,'NA',OWC_2023
OWC_TR_2023_battery-voltage_L2_v2-1.pdf,Plots of Jan 2023 sensor data for OWC-TR,,2023-01-01,2023-12-31,,OWC_2023
OWC_TR_2023_gw-act-cond_L2_v2-1.parquet,Year 2023 sensor data for TR plot at OWC site,,2023-01-01,2023-12-31,'NA',OWC_2023
OWC_TR_2023_gw-act-cond_L2_v2-1.pdf,Plots of Jan 2023 sensor data for OWC-TR,,2023-01-01,2023-12-31,,OWC_2023
OWC_TR_2023_gw-bar-pressure_L2_v2-1.parquet,Year 2023 sensor data for TR plot at OWC site,,2023-01-01,2023-12-31,'NA',OWC_2023
OWC_TR_2023_gw-bar-pressure_L2_v2-1.pdf,Plots of Jan 2023 sensor data for OWC-TR,,2023-01-01,2023-12-31,,OWC_2023
OWC_TR_2023_gw-battery_L2_v2-1.parquet,Year 2023 sensor data for TR plot at OWC site,,2023-01-01,2023-12-31,'NA',OWC_2023
OWC_TR_2023_gw-battery_L2_v2-1.pdf,Plots of Jan 2023 sensor data for OWC-TR,,2023-01-01,2023-12-31,,OWC_2023
OWC_TR_2023_gw-density_L2_v2-1.parquet,Year 2023 sensor data for TR plot at OWC site,,2023-01-01,2023-12-31,'NA',OWC_2023
OWC_TR_2023_gw-density_L2_v2-1.pdf,Plots of Jan 2023 sensor data for OWC-TR,,2023-01-01,2023-12-31,,OWC_2023
OWC_TR_2023_gw-depth_L2_v2-1.parquet,Year 2023 sensor data for TR plot at OWC site,,2023-01-01,2023-12-31,'NA',OWC_2023
OWC_TR_2023_gw-depth_L2_v2-1.pdf,Plots of Jan 2023 sensor data for OWC-TR,,2023-01-01,2023-12-31,,OWC_2023
OWC_TR_2023_gw-part-pressure_L2_v2-1.parquet,Year 2023 sensor data for TR plot at OWC site,,2023-01-01,2023-12-31,'NA',OWC_2023
OWC_TR_2023_gw-part-pressure_L2_v2-1.pdf,Plots of Jan 2023 sensor data for OWC-TR,,2023-01-01,2023-12-31,,OWC_2023
OWC_TR_2023_gw-perc-sat_L2_v2-1.parquet,Year 2023 sensor data for TR plot at OWC site,,2023-01-01,2023-12-31,'NA',OWC_2023
OWC_TR_2023_gw-perc-sat_L2_v2-1.pdf,Plots of Jan 2023 sensor data for OWC-TR,,2023-01-01,2023-12-31,,OWC_2023
OWC_TR_2023_gw-ph_L2_v2-1.parquet,Year 2023 sensor data for TR plot at OWC site,,2023-01-01,2023-12-31,'NA',OWC_2023
OWC_TR_2023_gw-ph_L2_v2-1.pdf,Plots of Jan 2023 sensor data for OWC-TR,,2023-01-01,2023-12-31,,OWC_2023
OWC_TR_2023_gw-ph-mv_L2_v2-1.parquet,Year 2023 sensor data for TR plot at OWC site,,2023-01-01,2023-12-31,'NA',OWC_2023
OWC_TR_2023_gw-ph-mv_L2_v2-1.pdf,Plots of Jan 2023 sensor data for OWC-TR,,2023-01-01,2023-12-31,,OWC_2023
OWC_TR_2023_gw-ph-orp_L2_v2-1.parquet,Year 2023 sensor data for TR plot at OWC site,,2023-01-01,2023-12-31,'NA',OWC_2023
OWC_TR_2023_gw-ph-orp_L2_v2-1.pdf,Plots of Jan 2023 sensor data for OWC-TR,,2023-01-01,2023-12-31,,OWC_2023
OWC_TR_2023_gw-pressure-vented_L2_v2-1.parquet,Year 2023 sensor data for TR plot at OWC site,,2023-01-01,2023-12-31,'NA',OWC_2023
OWC_TR_2023_gw-pressure-vented_L2_v2-1.pdf,Plots of Jan 2023 sensor data for OWC-TR,,2023-01-01,2023-12-31,,OWC_2023
OWC_TR_2023_gw-rdo-conc_L2_v2-1.parquet,Year 2023 sensor data for TR plot at OWC site,,2023-01-01,2023-12-31,'NA',OWC_2023
OWC_TR_2023_gw-rdo-conc_L2_v2-1.pdf,Plots of Jan 2023 sensor data for OWC-TR,,2023-01-01,2023-12-31,,OWC_2023
OWC_TR_2023_gw-resistivity_L2_v2-1.parquet,Year 2023 sensor data for TR plot at OWC site,,2023-01-01,2023-12-31,'NA',OWC_2023
OWC_TR_2023_gw-resistivity_L2_v2-1.pdf,Plots of Jan 2023 sensor data for OWC-TR,,2023-01-01,2023-12-31,,OWC_2023
OWC_TR_2023_gw-salinity_L2_v2-1.parquet,Year 2023 sensor data for TR plot at OWC site,,2023-01-01,2023-12-31,'NA',OWC_2023
OWC_TR_2023_gw-salinity_L2_v2-1.pdf,Plots of Jan 2023 sensor data for OWC-TR,,2023-01-01,2023-12-31,,OWC_2023
OWC_TR_2023_gw-spec-cond_L2_v2-1.parquet,Year 2023 sensor data for TR plot at OWC site,,2023-01-01,2023-12-31,'NA',OWC_2023
OWC_TR_2023_gw-spec-cond_L2_v2-1.pdf,Plots of Jan 2023 sensor data for OWC-TR,,2023-01-01,2023-12-31,,OWC_2023
OWC_TR_2023_gw-tds_L2_v2-1.parquet,Year 2023 sensor data for TR plot at OWC site,,2023-01-01,2023-12-31,'NA',OWC_2023
OWC_TR_2023_gw-tds_L2_v2-1.pdf,Plots of Jan 2023 sensor data for OWC-TR,,2023-01-01,2023-12-31,,OWC_2023
OWC_TR_2023_gw-temperature_L2_v2-1.parquet,Year 2023 sensor data for TR plot at OWC site,,2023-01-01,2023-12-31,'NA',OWC_2023
OWC_TR_2023_gw-temperature_L2_v2-1.pdf,Plots of Jan 2023 sensor data for OWC-TR,,2023-01-01,2023-12-31,,OWC_2023
OWC_TR_2023_gw-voltage-ext_L2_v2-1.parquet,Year 2023 sensor data for TR plot at OWC site,,2023-01-01,2023-12-31,'NA',OWC_2023
OWC_TR_2023_gw-voltage-ext_L2_v2-1.pdf,Plots of Jan 2023 sensor data for OWC-TR,,2023-01-01,2023-12-31,,OWC_2023
OWC_TR_2023_gw-wl-below-surface_L2_v2-1.parquet,Year 2023 sensor data for TR plot at OWC site,,2023-01-01,2023-12-31,'NA',OWC_2023
OWC_TR_2023_gw-wl-below-surface_L2_v2-1.pdf,Plots of Jan 2023 sensor data for OWC-TR,,2023-01-01,2023-12-31,,OWC_2023
OWC_TR_2023_sapflow-3.5cm_L2_v2-1.parquet,Year 2023 sensor data for TR plot at OWC site,,2023-01-01,2023-12-31,'NA',OWC_2023
OWC_TR_2023_sapflow-3.5cm_L2_v2-1.pdf,Plots of Jan 2023 sensor data for OWC-TR,,2023-01-01,2023-12-31,,OWC_2023
OWC_TR_2023_soil-EC-10cm_L2_v2-1.parquet,Year 2023 sensor data for TR plot at OWC site,,2023-01-01,2023-12-31,'NA',OWC_2023
OWC_TR_2023_soil-EC-10cm_L2_v2-1.pdf,Plots of Jan 2023 sensor data for OWC-TR,,2023-01-01,2023-12-31,,OWC_2023
OWC_TR_2023_soil-EC-30cm_L2_v2-1.parquet,Year 2023 sensor data for TR plot at OWC site,,2023-01-01,2023-12-31,'NA',OWC_2023
OWC_TR_2023_soil-EC-30cm_L2_v2-1.pdf,Plots of Jan 2023 sensor data for OWC-TR,,2023-01-01,2023-12-31,,OWC_2023
OWC_TR_2023_soil-salinity-10cm_L2_v2-1.parquet,Year 2023 sensor data for TR plot at OWC site,,2023-01-01,2023-12-31,'NA',OWC_2023
OWC_TR_2023_soil-salinity-10cm_L2_v2-1.pdf,Plots of Jan 2023 sensor data for OWC-TR,,2023-01-01,2023-12-31,,OWC_2023
OWC_TR_2023_soil-salinity-30cm_L2_v2-1.parquet,Year 2023 sensor data for TR plot at OWC site,,2023-01-01,2023-12-31,'NA',OWC_2023
OWC_TR_2023_soil-salinity-30cm_L2_v2-1.pdf,Plots of Jan 2023 sensor data for OWC-TR,,2023-01-01,2023-12-31,,OWC_2023
OWC_TR_2023_soil-temp-10cm_L2_v2-1.parquet,Year 2023 sensor data for TR plot at OWC site,,2023-01-01,2023-12-31,'NA',OWC_2023
OWC_TR_2023_soil-temp-10cm_L2_v2-1.pdf,Plots of Jan 2023 sensor data for OWC-TR,,2023-01-01,2023-12-31,,OWC_2023
OWC_TR_2023_soil-temp-30cm_L2_v2-1.parquet,Year 2023 sensor data for TR plot at OWC site,,2023-01-01,2023-12-31,'NA',OWC_2023
OWC_TR_2023_soil-temp-30cm_L2_v2-1.pdf,Plots of Jan 2023 sensor data for OWC-TR,,2023-01-01,2023-12-31,,OWC_2023
OWC_TR_2023_soil-vwc-10cm_L2_v2-1.parquet,Year 2023 sensor data for TR plot at OWC site,,2023-01-01,2023-12-31,'NA',OWC_2023
OWC_TR_2023_soil-vwc-10cm_L2_v2-1.pdf,Plots of Jan 2023 sensor data for OWC-TR,,2023-01-01,2023-12-31,,OWC_2023
OWC_TR_2023_soil-vwc-30cm_L2_v2-1.parquet,Year 2023 sensor data for TR plot at OWC site,,2023-01-01,2023-12-31,'NA',OWC_2023
OWC_TR_2023_soil-vwc-30cm_L2_v2-1.pdf,Plots of Jan 2023 sensor data for OWC-TR,,2023-01-01,2023-12-31,,OWC_2023
OWC_TR_2023_solar-voltage_L2_v2-1.parquet,Year 2023 sensor data for TR plot at OWC site,,2023-01-01,2023-12-31,'NA',OWC_2023
OWC_TR_2023_solar-voltage_L2_v2-1.pdf,Plots of Jan 2023 sensor data for OWC-TR,,2023-01-01,2023-12-31,,OWC_2023
OWC_UP_2023_battery-voltage_L2_v2-1.parquet,Year 2023 sensor data for UP plot at OWC site,,2023-01-01,2023-12-31,'NA',OWC_2023
OWC_UP_2023_battery-voltage_L2_v2-1.pdf,Plots of Jan 2023 sensor data for OWC-UP,,2023-01-01,2023-12-31,,OWC_2023
OWC_UP_2023_sapflow-3.5cm_L2_v2-1.parquet,Year 2023 sensor data for UP plot at OWC site,,2023-01-01,2023-12-31,'NA',OWC_2023
OWC_UP_2023_sapflow-3.5cm_L2_v2-1.pdf,Plots of Jan 2023 sensor data for OWC-UP,,2023-01-01,2023-12-31,,OWC_2023
OWC_UP_2023_soil-EC-10cm_L2_v2-1.parquet,Year 2023 sensor data for UP plot at OWC site,,2023-01-01,2023-12-31,'NA',OWC_2023
OWC_UP_2023_soil-EC-10cm_L2_v2-1.pdf,Plots of Jan 2023 sensor data for OWC-UP,,2023-01-01,2023-12-31,,OWC_2023
OWC_UP_2023_soil-EC-30cm_L2_v2-1.parquet,Year 2023 sensor data for UP plot at OWC site,,2023-01-01,2023-12-31,'NA',OWC_2023
OWC_UP_2023_soil-EC-30cm_L2_v2-1.pdf,Plots of Jan 2023 sensor data for OWC-UP,,2023-01-01,2023-12-31,,OWC_2023
OWC_UP_2023_soil-salinity-10cm_L2_v2-1.parquet,Year 2023 sensor data for UP plot at OWC site,,2023-01-01,2023-12-31,'NA',OWC_2023
OWC_UP_2023_soil-salinity-10cm_L2_v2-1.pdf,Plots of Jan 2023 sensor data for OWC-UP,,2023-01-01,2023-12-31,,OWC_2023
OWC_UP_2023_soil-salinity-30cm_L2_v2-1.parquet,Year 2023 sensor data for UP plot at OWC site,,2023-01-01,2023-12-31,'NA',OWC_2023
OWC_UP_2023_soil-salinity-30cm_L2_v2-1.pdf,Plots of Jan 2023 sensor data for OWC-UP,,2023-01-01,2023-12-31,,OWC_2023
OWC_UP_2023_soil-temp-10cm_L2_v2-1.parquet,Year 2023 sensor data for UP plot at OWC site,,2023-01-01,2023-12-31,'NA',OWC_2023
OWC_UP_2023_soil-temp-10cm_L2_v2-1.pdf,Plots of Jan 2023 sensor data for OWC-UP,,2023-01-01,2023-12-31,,OWC_2023
OWC_UP_2023_soil-temp-30cm_L2_v2-1.parquet,Year 2023 sensor data for UP plot at OWC site,,2023-01-01,2023-12-31,'NA',OWC_2023
OWC_UP_2023_soil-temp-30cm_L2_v2-1.pdf,Plots of Jan 2023 sensor data for OWC-UP,,2023-01-01,2023-12-31,,OWC_2023
OWC_UP_2023_soil-vwc-10cm_L2_v2-1.parquet,Year 2023 sensor data for UP plot at OWC site,,2023-01-01,2023-12-31,'NA',OWC_2023
OWC_UP_2023_soil-vwc-10cm_L2_v2-1.pdf,Plots of Jan 2023 sensor data for OWC-UP,,2023-01-01,2023-12-31,,OWC_2023
OWC_UP_2023_soil-vwc-30cm_L2_v2-1.parquet,Year 2023 sensor data for UP plot at OWC site,,2023-01-01,2023-12-31,'NA',OWC_2023
OWC_UP_2023_soil-vwc-30cm_L2_v2-1.pdf,Plots of Jan 2023 sensor data for OWC-UP,,2023-01-01,2023-12-31,,OWC_2023
OWC_UP_2023_solar-voltage_L2_v2-1.parquet,Year 2023 sensor data for UP plot at OWC site,,2023-01-01,2023-12-31,'NA',OWC_2023
OWC_UP_2023_solar-voltage_L2_v2-1.pdf,Plots of Jan 2023 sensor data for OWC-UP,,2023-01-01,2023-12-31,,OWC_2023
OWC_W_2023_battery-voltage_L2_v2-1.parquet,Year 2023 sensor data for W plot at OWC site,,2023-01-01,2023-12-31,'NA',OWC_2023
OWC_W_2023_battery-voltage_L2_v2-1.pdf,Plots of Jan 2023 sensor data for OWC-W,,2023-01-01,2023-12-31,,OWC_2023
OWC_W_2023_gw-act-cond_L2_v2-1.parquet,Year 2023 sensor data for W plot at OWC site,,2023-01-01,2023-12-31,'NA',OWC_2023
OWC_W_2023_gw-act-cond_L2_v2-1.pdf,Plots of Jan 2023 sensor data for OWC-W,,2023-01-01,2023-12-31,,OWC_2023
OWC_W_2023_gw-bar-pressure_L2_v2-1.parquet,Year 2023 sensor data for W plot at OWC site,,2023-01-01,2023-12-31,'NA',OWC_2023
OWC_W_2023_gw-bar-pressure_L2_v2-1.pdf,Plots of Jan 2023 sensor data for OWC-W,,2023-01-01,2023-12-31,,OWC_2023
OWC_W_2023_gw-battery_L2_v2-1.parquet,Year 2023 sensor data for W plot at OWC site,,2023-01-01,2023-12-31,'NA',OWC_2023
OWC_W_2023_gw-battery_L2_v2-1.pdf,Plots of Jan 2023 sensor data for OWC-W,,2023-01-01,2023-12-31,,OWC_2023
OWC_W_2023_gw-density_L2_v2-1.parquet,Year 2023 sensor data for W plot at OWC site,,2023-01-01,2023-12-31,'NA',OWC_2023
OWC_W_2023_gw-density_L2_v2-1.pdf,Plots of Jan 2023 sensor data for OWC-W,,2023-01-01,2023-12-31,,OWC_2023
OWC_W_2023_gw-depth_L2_v2-1.parquet,Year 2023 sensor data for W plot at OWC site,,2023-01-01,2023-12-31,'NA',OWC_2023
OWC_W_2023_gw-depth_L2_v2-1.pdf,Plots of Jan 2023 sensor data for OWC-W,,2023-01-01,2023-12-31,,OWC_2023
OWC_W_2023_gw-part-pressure_L2_v2-1.parquet,Year 2023 sensor data for W plot at OWC site,,2023-01-01,2023-12-31,'NA',OWC_2023
OWC_W_2023_gw-part-pressure_L2_v2-1.pdf,Plots of Jan 2023 sensor data for OWC-W,,2023-01-01,2023-12-31,,OWC_2023
OWC_W_2023_gw-perc-sat_L2_v2-1.parquet,Year 2023 sensor data for W plot at OWC site,,2023-01-01,2023-12-31,'NA',OWC_2023
OWC_W_2023_gw-perc-sat_L2_v2-1.pdf,Plots of Jan 2023 sensor data for OWC-W,,2023-01-01,2023-12-31,,OWC_2023
OWC_W_2023_gw-ph_L2_v2-1.parquet,Year 2023 sensor data for W plot at OWC site,,2023-01-01,2023-12-31,'NA',OWC_2023
OWC_W_2023_gw-ph_L2_v2-1.pdf,Plots of Jan 2023 sensor data for OWC-W,,2023-01-01,2023-12-31,,OWC_2023
OWC_W_2023_gw-ph-mv_L2_v2-1.parquet,Year 2023 sensor data for W plot at OWC site,,2023-01-01,2023-12-31,'NA',OWC_2023
OWC_W_2023_gw-ph-mv_L2_v2-1.pdf,Plots of Jan 2023 sensor data for OWC-W,,2023-01-01,2023-12-31,,OWC_2023
OWC_W_2023_gw-ph-orp_L2_v2-1.parquet,Year 2023 sensor data for W plot at OWC site,,2023-01-01,2023-12-31,'NA',OWC_2023
OWC_W_2023_gw-ph-orp_L2_v2-1.pdf,Plots of Jan 2023 sensor data for OWC-W,,2023-01-01,2023-12-31,,OWC_2023
OWC_W_2023_gw-pressure-vented_L2_v2-1.parquet,Year 2023 sensor data for W plot at OWC site,,2023-01-01,2023-12-31,'NA',OWC_2023
OWC_W_2023_gw-pressure-vented_L2_v2-1.pdf,Plots of Jan 2023 sensor data for OWC-W,,2023-01-01,2023-12-31,,OWC_2023
OWC_W_2023_gw-rdo-conc_L2_v2-1.parquet,Year 2023 sensor data for W plot at OWC site,,2023-01-01,2023-12-31,'NA',OWC_2023
OWC_W_2023_gw-rdo-conc_L2_v2-1.pdf,Plots of Jan 2023 sensor data for OWC-W,,2023-01-01,2023-12-31,,OWC_2023
OWC_W_2023_gw-resistivity_L2_v2-1.parquet,Year 2023 sensor data for W plot at OWC site,,2023-01-01,2023-12-31,'NA',OWC_2023
OWC_W_2023_gw-resistivity_L2_v2-1.pdf,Plots of Jan 2023 sensor data for OWC-W,,2023-01-01,2023-12-31,,OWC_2023
OWC_W_2023_gw-salinity_L2_v2-1.parquet,Year 2023 sensor data for W plot at OWC site,,2023-01-01,2023-12-31,'NA',OWC_2023
OWC_W_2023_gw-salinity_L2_v2-1.pdf,Plots of Jan 2023 sensor data for OWC-W,,2023-01-01,2023-12-31,,OWC_2023
OWC_W_2023_gw-spec-cond_L2_v2-1.parquet,Year 2023 sensor data for W plot at OWC site,,2023-01-01,2023-12-31,'NA',OWC_2023
OWC_W_2023_gw-spec-cond_L2_v2-1.pdf,Plots of Jan 2023 sensor data for OWC-W,,2023-01-01,2023-12-31,,OWC_2023
OWC_W_2023_gw-tds_L2_v2-1.parquet,Year 2023 sensor data for W plot at OWC site,,2023-01-01,2023-12-31,'NA',OWC_2023
OWC_W_2023_gw-tds_L2_v2-1.pdf,Plots of Jan 2023 sensor data for OWC-W,,2023-01-01,2023-12-31,,OWC_2023
OWC_W_2023_gw-temperature_L2_v2-1.parquet,Year 2023 sensor data for W plot at OWC site,,2023-01-01,2023-12-31,'NA',OWC_2023
OWC_W_2023_gw-temperature_L2_v2-1.pdf,Plots of Jan 2023 sensor data for OWC-W,,2023-01-01,2023-12-31,,OWC_2023
OWC_W_2023_gw-voltage-ext_L2_v2-1.parquet,Year 2023 sensor data for W plot at OWC site,,2023-01-01,2023-12-31,'NA',OWC_2023
OWC_W_2023_gw-voltage-ext_L2_v2-1.pdf,Plots of Jan 2023 sensor data for OWC-W,,2023-01-01,2023-12-31,,OWC_2023
OWC_W_2023_soil-EC-10cm_L2_v2-1.parquet,Year 2023 sensor data for W plot at OWC site,,2023-01-01,2023-12-31,'NA',OWC_2023
OWC_W_2023_soil-EC-10cm_L2_v2-1.pdf,Plots of Jan 2023 sensor data for OWC-W,,2023-01-01,2023-12-31,,OWC_2023
OWC_W_2023_soil-EC-30cm_L2_v2-1.parquet,Year 2023 sensor data for W plot at OWC site,,2023-01-01,2023-12-31,'NA',OWC_2023
OWC_W_2023_soil-EC-30cm_L2_v2-1.pdf,Plots of Jan 2023 sensor data for OWC-W,,2023-01-01,2023-12-31,,OWC_2023
OWC_W_2023_soil-salinity-10cm_L2_v2-1.parquet,Year 2023 sensor data for W plot at OWC site,,2023-01-01,2023-12-31,'NA',OWC_2023
OWC_W_2023_soil-salinity-10cm_L2_v2-1.pdf,Plots of Jan 2023 sensor data for OWC-W,,2023-01-01,2023-12-31,,OWC_2023
OWC_W_2023_soil-salinity-30cm_L2_v2-1.parquet,Year 2023 sensor data for W plot at OWC site,,2023-01-01,2023-12-31,'NA',OWC_2023
OWC_W_2023_soil-salinity-30cm_L2_v2-1.pdf,Plots of Jan 2023 sensor data for OWC-W,,2023-01-01,2023-12-31,,OWC_2023
OWC_W_2023_soil-temp-10cm_L2_v2-1.parquet,Year 2023 sensor data for W plot at OWC site,,2023-01-01,2023-12-31,'NA',OWC_2023
OWC_W_2023_soil-temp-10cm_L2_v2-1.pdf,Plots of Jan 2023 sensor data for OWC-W,,2023-01-01,2023-12-31,,OWC_2023
OWC_W_2023_soil-temp-30cm_L2_v2-1.parquet,Year 2023 sensor data for W plot at OWC site,,2023-01-01,2023-12-31,'NA',OWC_2023
OWC_W_2023_soil-temp-30cm_L2_v2-1.pdf,Plots of Jan 2023 sensor data for OWC-W,,2023-01-01,2023-12-31,,OWC_2023
OWC_W_2023_soil-vwc-10cm_L2_v2-1.parquet,Year 2023 sensor data for W plot at OWC site,,2023-01-01,2023-12-31,'NA',OWC_2023
OWC_W_2023_soil-vwc-10cm_L2_v2-1.pdf,Plots of Jan 2023 sensor data for OWC-W,,2023-01-01,2023-12-31,,OWC_2023
OWC_W_2023_soil-vwc-30cm_L2_v2-1.parquet,Year 2023 sensor data for W plot at OWC site,,2023-01-01,2023-12-31,'NA',OWC_2023
OWC_W_2023_soil-vwc-30cm_L2_v2-1.pdf,Plots of Jan 2023 sensor data for OWC-W,,2023-01-01,2023-12-31,,OWC_2023
OWC_W_2023_solar-voltage_L2_v2-1.parquet,Year 2023 sensor data for W plot at OWC site,,2023-01-01,2023-12-31,'NA',OWC_2023
OWC_W_2023_solar-voltage_L2_v2-1.pdf,Plots of Jan 2023 sensor data for OWC-W,,2023-01-01,2023-12-31,,OWC_2023
OWC_W_2023_wx-barpress15_L2_v2-1.parquet,Year 2023 sensor data for W plot at OWC site,,2023-01-01,2023-12-31,'NA',OWC_2023
OWC_W_2023_wx-barpress15_L2_v2-1.pdf,Plots of Jan 2023 sensor data for OWC-W,,2023-01-01,2023-12-31,,OWC_2023
OWC_W_2023_wx-bpmax15_L2_v2-1.parquet,Year 2023 sensor data for W plot at OWC site,,2023-01-01,2023-12-31,'NA',OWC_2023
OWC_W_2023_wx-bpmax15_L2_v2-1.pdf,Plots of Jan 2023 sensor data for OWC-W,,2023-01-01,2023-12-31,,OWC_2023
OWC_W_2023_wx-bpmin15_L2_v2-1.parquet,Year 2023 sensor data for W plot at OWC site,,2023-01-01,2023-12-31,'NA',OWC_2023
OWC_W_2023_wx-bpmin15_L2_v2-1.pdf,Plots of Jan 2023 sensor data for OWC-W,,2023-01-01,2023-12-31,,OWC_2023
OWC_W_2023_wx-dist-min15_L2_v2-1.parquet,Year 2023 sensor data for W plot at OWC site,,2023-01-01,2023-12-31,'NA',OWC_2023
OWC_W_2023_wx-dist-min15_L2_v2-1.pdf,Plots of Jan 2023 sensor data for OWC-W,,2023-01-01,2023-12-31,,OWC_2023
OWC_W_2023_wx-invalid-wind15_L2_v2-1.parquet,Year 2023 sensor data for W plot at OWC site,,2023-01-01,2023-12-31,'NA',OWC_2023
OWC_W_2023_wx-invalid-wind15_L2_v2-1.pdf,Plots of Jan 2023 sensor data for OWC-W,,2023-01-01,2023-12-31,,OWC_2023
OWC_W_2023_wx-maxws15_L2_v2-1.parquet,Year 2023 sensor data for W plot at OWC site,,2023-01-01,2023-12-31,'NA',OWC_2023
OWC_W_2023_wx-maxws15_L2_v2-1.pdf,Plots of Jan 2023 sensor data for OWC-W,,2023-01-01,2023-12-31,,OWC_2023
OWC_W_2023_wx-maxws24_L2_v2-1.parquet,Year 2023 sensor data for W plot at OWC site,,2023-01-01,2023-12-31,'NA',OWC_2023
OWC_W_2023_wx-maxws24_L2_v2-1.pdf,Plots of Jan 2023 sensor data for OWC-W,,2023-01-01,2023-12-31,,OWC_2023
OWC_W_2023_wx-par-den15_L2_v2-1.parquet,Year 2023 sensor data for W plot at OWC site,,2023-01-01,2023-12-31,'NA',OWC_2023
OWC_W_2023_wx-par-den15_L2_v2-1.pdf,Plots of Jan 2023 sensor data for OWC-W,,2023-01-01,2023-12-31,,OWC_2023
OWC_W_2023_wx-par-den24_L2_v2-1.parquet,Year 2023 sensor data for W plot at OWC site,,2023-01-01,2023-12-31,'NA',OWC_2023
OWC_W_2023_wx-par-den24_L2_v2-1.pdf,Plots of Jan 2023 sensor data for OWC-W,,2023-01-01,2023-12-31,,OWC_2023
OWC_W_2023_wx-par-tot15_L2_v2-1.parquet,Year 2023 sensor data for W plot at OWC site,,2023-01-01,2023-12-31,'NA',OWC_2023
OWC_W_2023_wx-par-tot15_L2_v2-1.pdf,Plots of Jan 2023 sensor data for OWC-W,,2023-01-01,2023-12-31,,OWC_2023
OWC_W_2023_wx-par-tot24_L2_v2-1.parquet,Year 2023 sensor data for W plot at OWC site,,2023-01-01,2023-12-31,'NA',OWC_2023
OWC_W_2023_wx-par-tot24_L2_v2-1.pdf,Plots of Jan 2023 sensor data for OWC-W,,2023-01-01,2023-12-31,,OWC_2023
OWC_W_2023_wx-rain15_L2_v2-1.parquet,Year 2023 sensor data for W plot at OWC site,,2023-01-01,2023-12-31,'NA',OWC_2023
OWC_W_2023_wx-rain15_L2_v2-1.pdf,Plots of Jan 2023 sensor data for OWC-W,,2023-01-01,2023-12-31,,OWC_2023
OWC_W_2023_wx-rain24_L2_v2-1.parquet,Year 2023 sensor data for W plot at OWC site,,2023-01-01,2023-12-31,'NA',OWC_2023
OWC_W_2023_wx-rain24_L2_v2-1.pdf,Plots of Jan 2023 sensor data for OWC-W,,2023-01-01,2023-12-31,,OWC_2023
OWC_W_2023_wx-rh15_L2_v2-1.parquet,Year 2023 sensor data for W plot at OWC site,,2023-01-01,2023-12-31,'NA',OWC_2023
OWC_W_2023_wx-rh15_L2_v2-1.pdf,Plots of Jan 2023 sensor data for OWC-W,,2023-01-01,2023-12-31,,OWC_2023
OWC_W_2023_wx-rh24_L2_v2-1.parquet,Year 2023 sensor data for W plot at OWC site,,2023-01-01,2023-12-31,'NA',OWC_2023
OWC_W_2023_wx-rh24_L2_v2-1.pdf,Plots of Jan 2023 sensor data for OWC-W,,2023-01-01,2023-12-31,,OWC_2023
OWC_W_2023_wx-rht15_L2_v2-1.parquet,Year 2023 sensor data for W plot at OWC site,,2023-01-01,2023-12-31,'NA',OWC_2023
OWC_W_2023_wx-rht15_L2_v2-1.pdf,Plots of Jan 2023 sensor data for OWC-W,,2023-01-01,2023-12-31,,OWC_2023
OWC_W_2023_wx-rht24_L2_v2-1.parquet,Year 2023 sensor data for W plot at OWC site,,2023-01-01,2023-12-31,'NA',OWC_2023
OWC_W_2023_wx-rht24_L2_v2-1.pdf,Plots of Jan 2023 sensor data for OWC-W,,2023-01-01,2023-12-31,,OWC_2023
OWC_W_2023_wx-rhtmax24_L2_v2-1.parquet,Year 2023 sensor data for W plot at OWC site,,2023-01-01,2023-12-31,'NA',OWC_2023
OWC_W_2023_wx-rhtmax24_L2_v2-1.pdf,Plots of Jan 2023 sensor data for OWC-W,,2023-01-01,2023-12-31,,OWC_2023
OWC_W_2023_wx-rhtmin24_L2_v2-1.parquet,Year 2023 sensor data for W plot at OWC site,,2023-01-01,2023-12-31,'NA',OWC_2023
OWC_W_2023_wx-rhtmin24_L2_v2-1.pdf,Plots of Jan 2023 sensor data for OWC-W,,2023-01-01,2023-12-31,,OWC_2023
OWC_W_2023_wx-slr-fd15_L2_v2-1.parquet,Year 2023 sensor data for W plot at OWC site,,2023-01-01,2023-12-31,'NA',OWC_2023
OWC_W_2023_wx-slr-fd15_L2_v2-1.pdf,Plots of Jan 2023 sensor data for OWC-W,,2023-01-01,2023-12-31,,OWC_2023
OWC_W_2023_wx-slr-fd24_L2_v2-1.parquet,Year 2023 sensor data for W plot at OWC site,,2023-01-01,2023-12-31,'NA',OWC_2023
OWC_W_2023_wx-slr-fd24_L2_v2-1.pdf,Plots of Jan 2023 sensor data for OWC-W,,2023-01-01,2023-12-31,,OWC_2023
OWC_W_2023_wx-slr-tf15_L2_v2-1.parquet,Year 2023 sensor data for W plot at OWC site,,2023-01-01,2023-12-31,'NA',OWC_2023
OWC_W_2023_wx-slr-tf15_L2_v2-1.pdf,Plots of Jan 2023 sensor data for OWC-W,,2023-01-01,2023-12-31,,OWC_2023
OWC_W_2023_wx-slr-tf24_L2_v2-1.parquet,Year 2023 sensor data for W plot at OWC site,,2023-01-01,2023-12-31,'NA',OWC_2023
OWC_W_2023_wx-slr-tf24_L2_v2-1.pdf,Plots of Jan 2023 sensor data for OWC-W,,2023-01-01,2023-12-31,,OWC_2023
OWC_W_2023_wx-strikes15_L2_v2-1.parquet,Year 2023 sensor data for W plot at OWC site,,2023-01-01,2023-12-31,'NA',OWC_2023
OWC_W_2023_wx-strikes15_L2_v2-1.pdf,Plots of Jan 2023 sensor data for OWC-W,,2023-01-01,2023-12-31,,OWC_2023
OWC_W_2023_wx-tempavg15_L2_v2-1.parquet,Year 2023 sensor data for W plot at OWC site,,2023-01-01,2023-12-31,'NA',OWC_2023
OWC_W_2023_wx-tempavg15_L2_v2-1.pdf,Plots of Jan 2023 sensor data for OWC-W,,2023-01-01,2023-12-31,,OWC_2023
OWC_W_2023_wx-tempavg24_L2_v2-1.parquet,Year 2023 sensor data for W plot at OWC site,,2023-01-01,2023-12-31,'NA',OWC_2023
OWC_W_2023_wx-tempavg24_L2_v2-1.pdf,Plots of Jan 2023 sensor data for OWC-W,,2023-01-01,2023-12-31,,OWC_2023
OWC_W_2023_wx-tempmax15_L2_v2-1.parquet,Year 2023 sensor data for W plot at OWC site,,2023-01-01,2023-12-31,'NA',OWC_2023
OWC_W_2023_wx-tempmax15_L2_v2-1.pdf,Plots of Jan 2023 sensor data for OWC-W,,2023-01-01,2023-12-31,,OWC_2023
OWC_W_2023_wx-tempmax24_L2_v2-1.parquet,Year 2023 sensor data for W plot at OWC site,,2023-01-01,2023-12-31,'NA',OWC_2023
OWC_W_2023_wx-tempmax24_L2_v2-1.pdf,Plots of Jan 2023 sensor data for OWC-W,,2023-01-01,2023-12-31,,OWC_2023
OWC_W_2023_wx-tempmin15_L2_v2-1.parquet,Year 2023 sensor data for W plot at OWC site,,2023-01-01,2023-12-31,'NA',OWC_2023
OWC_W_2023_wx-tempmin15_L2_v2-1.pdf,Plots of Jan 2023 sensor data for OWC-W,,2023-01-01,2023-12-31,,OWC_2023
OWC_W_2023_wx-tempmin24_L2_v2-1.parquet,Year 2023 sensor data for W plot at OWC site,,2023-01-01,2023-12-31,'NA',OWC_2023
OWC_W_2023_wx-tempmin24_L2_v2-1.pdf,Plots of Jan 2023 sensor data for OWC-W,,2023-01-01,2023-12-31,,OWC_2023
OWC_W_2023_wx-tilt-ns15_L2_v2-1.parquet,Year 2023 sensor data for W plot at OWC site,,2023-01-01,2023-12-31,'NA',OWC_2023
OWC_W_2023_wx-tilt-ns15_L2_v2-1.pdf,Plots of Jan 2023 sensor data for OWC-W,,2023-01-01,2023-12-31,,OWC_2023
OWC_W_2023_wx-tilt-ns24_L2_v2-1.parquet,Year 2023 sensor data for W plot at OWC site,,2023-01-01,2023-12-31,'NA',OWC_2023
OWC_W_2023_wx-tilt-ns24_L2_v2-1.pdf,Plots of Jan 2023 sensor data for OWC-W,,2023-01-01,2023-12-31,,OWC_2023
OWC_W_2023_wx-tilt-we15_L2_v2-1.parquet,Year 2023 sensor data for W plot at OWC site,,2023-01-01,2023-12-31,'NA',OWC_2023
OWC_W_2023_wx-tilt-we15_L2_v2-1.pdf,Plots of Jan 2023 sensor data for OWC-W,,2023-01-01,2023-12-31,,OWC_2023
OWC_W_2023_wx-tilt-we24_L2_v2-1.parquet,Year 2023 sensor data for W plot at OWC site,,2023-01-01,2023-12-31,'NA',OWC_2023
OWC_W_2023_wx-tilt-we24_L2_v2-1.pdf,Plots of Jan 2023 sensor data for OWC-W,,2023-01-01,2023-12-31,,OWC_2023
OWC_W_2023_wx-vappress15_L2_v2-1.parquet,Year 2023 sensor data for W plot at OWC site,,2023-01-01,2023-12-31,'NA',OWC_2023
OWC_W_2023_wx-vappress15_L2_v2-1.pdf,Plots of Jan 2023 sensor data for OWC-W,,2023-01-01,2023-12-31,,OWC_2023
OWC_W_2023_wx-vappress24_L2_v2-1.parquet,Year 2023 sensor data for W plot at OWC site,,2023-01-01,2023-12-31,'NA',OWC_2023
OWC_W_2023_wx-vappress24_L2_v2-1.pdf,Plots of Jan 2023 sensor data for OWC-W,,2023-01-01,2023-12-31,,OWC_2023
OWC_W_2023_wx-winddir-sd115_L2_v2-1.parquet,Year 2023 sensor data for W plot at OWC site,,2023-01-01,2023-12-31,'NA',OWC_2023
OWC_W_2023_wx-winddir-sd115_L2_v2-1.pdf,Plots of Jan 2023 sensor data for OWC-W,,2023-01-01,2023-12-31,,OWC_2023
OWC_W_2023_wx-winddir15_L2_v2-1.parquet,Year 2023 sensor data for W plot at OWC site,,2023-01-01,2023-12-31,'NA',OWC_2023
OWC_W_2023_wx-winddir15_L2_v2-1.pdf,Plots of Jan 2023 sensor data for OWC-W,,2023-01-01,2023-12-31,,OWC_2023
OWC_W_2023_wx-winderrors24_L2_v2-1.parquet,Year 2023 sensor data for W plot at OWC site,,2023-01-01,2023-12-31,'NA',OWC_2023
OWC_W_2023_wx-winderrors24_L2_v2-1.pdf,Plots of Jan 2023 sensor data for OWC-W,,2023-01-01,2023-12-31,,OWC_2023
OWC_W_2023_wx-windspeed15_L2_v2-1.parquet,Year 2023 sensor data for W plot at OWC site,,2023-01-01,2023-12-31,'NA',OWC_2023
OWC_W_2023_wx-windspeed15_L2_v2-1.pdf,Plots of Jan 2023 sensor data for OWC-W,,2023-01-01,2023-12-31,,OWC_2023
OWC_WTE_2023_gw-act-cond_L2_v2-1.parquet,Year 2023 sensor data for WTE plot at OWC site,,2023-01-01,2023-12-31,'NA',OWC_2023
OWC_WTE_2023_gw-act-cond_L2_v2-1.pdf,Plots of Jan 2023 sensor data for OWC-WTE,,2023-01-01,2023-12-31,,OWC_2023
OWC_WTE_2023_gw-bar-pressure_L2_v2-1.parquet,Year 2023 sensor data for WTE plot at OWC site,,2023-01-01,2023-12-31,'NA',OWC_2023
OWC_WTE_2023_gw-bar-pressure_L2_v2-1.pdf,Plots of Jan 2023 sensor data for OWC-WTE,,2023-01-01,2023-12-31,,OWC_2023
OWC_WTE_2023_gw-battery_L2_v2-1.parquet,Year 2023 sensor data for WTE plot at OWC site,,2023-01-01,2023-12-31,'NA',OWC_2023
OWC_WTE_2023_gw-battery_L2_v2-1.pdf,Plots of Jan 2023 sensor data for OWC-WTE,,2023-01-01,2023-12-31,,OWC_2023
OWC_WTE_2023_gw-density_L2_v2-1.parquet,Year 2023 sensor data for WTE plot at OWC site,,2023-01-01,2023-12-31,'NA',OWC_2023
OWC_WTE_2023_gw-density_L2_v2-1.pdf,Plots of Jan 2023 sensor data for OWC-WTE,,2023-01-01,2023-12-31,,OWC_2023
OWC_WTE_2023_gw-depth_L2_v2-1.parquet,Year 2023 sensor data for WTE plot at OWC site,,2023-01-01,2023-12-31,'NA',OWC_2023
OWC_WTE_2023_gw-depth_L2_v2-1.pdf,Plots of Jan 2023 sensor data for OWC-WTE,,2023-01-01,2023-12-31,,OWC_2023
OWC_WTE_2023_gw-part-pressure_L2_v2-1.parquet,Year 2023 sensor data for WTE plot at OWC site,,2023-01-01,2023-12-31,'NA',OWC_2023
OWC_WTE_2023_gw-part-pressure_L2_v2-1.pdf,Plots of Jan 2023 sensor data for OWC-WTE,,2023-01-01,2023-12-31,,OWC_2023
OWC_WTE_2023_gw-perc-sat_L2_v2-1.parquet,Year 2023 sensor data for WTE plot at OWC site,,2023-01-01,2023-12-31,'NA',OWC_2023
OWC_WTE_2023_gw-perc-sat_L2_v2-1.pdf,Plots of Jan 2023 sensor data for OWC-WTE,,2023-01-01,2023-12-31,,OWC_2023
OWC_WTE_2023_gw-ph_L2_v2-1.parquet,Year 2023 sensor data for WTE plot at OWC site,,2023-01-01,2023-12-31,'NA',OWC_2023
OWC_WTE_2023_gw-ph_L2_v2-1.pdf,Plots of Jan 2023 sensor data for OWC-WTE,,2023-01-01,2023-12-31,,OWC_2023
OWC_WTE_2023_gw-ph-mv_L2_v2-1.parquet,Year 2023 sensor data for WTE plot at OWC site,,2023-01-01,2023-12-31,'NA',OWC_2023
OWC_WTE_2023_gw-ph-mv_L2_v2-1.pdf,Plots of Jan 2023 sensor data for OWC-WTE,,2023-01-01,2023-12-31,,OWC_2023
OWC_WTE_2023_gw-ph-orp_L2_v2-1.parquet,Year 2023 sensor data for WTE plot at OWC site,,2023-01-01,2023-12-31,'NA',OWC_2023
OWC_WTE_2023_gw-ph-orp_L2_v2-1.pdf,Plots of Jan 2023 sensor data for OWC-WTE,,2023-01-01,2023-12-31,,OWC_2023
OWC_WTE_2023_gw-pressure-vented_L2_v2-1.parquet,Year 2023 sensor data for WTE plot at OWC site,,2023-01-01,2023-12-31,'NA',OWC_2023
OWC_WTE_2023_gw-pressure-vented_L2_v2-1.pdf,Plots of Jan 2023 sensor data for OWC-WTE,,2023-01-01,2023-12-31,,OWC_2023
OWC_WTE_2023_gw-rdo-conc_L2_v2-1.parquet,Year 2023 sensor data for WTE plot at OWC site,,2023-01-01,2023-12-31,'NA',OWC_2023
OWC_WTE_2023_gw-rdo-conc_L2_v2-1.pdf,Plots of Jan 2023 sensor data for OWC-WTE,,2023-01-01,2023-12-31,,OWC_2023
OWC_WTE_2023_gw-resistivity_L2_v2-1.parquet,Year 2023 sensor data for WTE plot at OWC site,,2023-01-01,2023-12-31,'NA',OWC_2023
OWC_WTE_2023_gw-resistivity_L2_v2-1.pdf,Plots of Jan 2023 sensor data for OWC-WTE,,2023-01-01,2023-12-31,,OWC_2023
OWC_WTE_2023_gw-salinity_L2_v2-1.parquet,Year 2023 sensor data for WTE plot at OWC site,,2023-01-01,2023-12-31,'NA',OWC_2023
OWC_WTE_2023_gw-salinity_L2_v2-1.pdf,Plots of Jan 2023 sensor data for OWC-WTE,,2023-01-01,2023-12-31,,OWC_2023
OWC_WTE_2023_gw-spec-cond_L2_v2-1.parquet,Year 2023 sensor data for WTE plot at OWC site,,2023-01-01,2023-12-31,'NA',OWC_2023
OWC_WTE_2023_gw-spec-cond_L2_v2-1.pdf,Plots of Jan 2023 sensor data for OWC-WTE,,2023-01-01,2023-12-31,,OWC_2023
OWC_WTE_2023_gw-tds_L2_v2-1.parquet,Year 2023 sensor data for WTE plot at OWC site,,2023-01-01,2023-12-31,'NA',OWC_2023
OWC_WTE_2023_gw-tds_L2_v2-1.pdf,Plots of Jan 2023 sensor data for OWC-WTE,,2023-01-01,2023-12-31,,OWC_2023
OWC_WTE_2023_gw-temperature_L2_v2-1.parquet,Year 2023 sensor data for WTE plot at OWC site,,2023-01-01,2023-12-31,'NA',OWC_2023
OWC_WTE_2023_gw-temperature_L2_v2-1.pdf,Plots of Jan 2023 sensor data for OWC-WTE,,2023-01-01,2023-12-31,,OWC_2023
OWC_WTE_2023_gw-voltage-ext_L2_v2-1.parquet,Year 2023 sensor data for WTE plot at OWC site,,2023-01-01,2023-12-31,'NA',OWC_2023
OWC_WTE_2023_gw-voltage-ext_L2_v2-1.pdf,Plots of Jan 2023 sensor data for OWC-WTE,,2023-01-01,2023-12-31,,OWC_2023
OWC_2024_L2_v2-1_metadata.txt,Metadata for all data files in OWC_2024 folder,,,,,OWC_2024
OWC_OW_2024_battery-voltage_L2_v2-1.parquet,Year 2024 sensor data for OW plot at OWC site,,2024-01-01,2024-12-31,'NA',OWC_2024
OWC_OW_2024_battery-voltage_L2_v2-1.pdf,Plots of Jan 2024 sensor data for OWC-OW,,2024-01-01,2024-12-31,,OWC_2024
OWC_OW_2024_sonde-cable_L2_v2-1.parquet,Year 2024 sensor data for OW plot at OWC site,,2024-01-01,2024-12-31,'NA',OWC_2024
OWC_OW_2024_sonde-cable_L2_v2-1.pdf,Plots of Jan 2024 sensor data for OWC-OW,,2024-01-01,2024-12-31,,OWC_2024
OWC_OW_2024_sonde-conductivity_L2_v2-1.parquet,Year 2024 sensor data for OW plot at OWC site,,2024-01-01,2024-12-31,'NA',OWC_2024
OWC_OW_2024_sonde-conductivity_L2_v2-1.pdf,Plots of Jan 2024 sensor data for OWC-OW,,2024-01-01,2024-12-31,,OWC_2024
OWC_OW_2024_sonde-fdom_L2_v2-1.parquet,Year 2024 sensor data for OW plot at OWC site,,2024-01-01,2024-12-31,'NA',OWC_2024
OWC_OW_2024_sonde-fdom_L2_v2-1.pdf,Plots of Jan 2024 sensor data for OWC-OW,,2024-01-01,2024-12-31,,OWC_2024
OWC_OW_2024_sonde-fdom-rfu_L2_v2-1.parquet,Year 2024 sensor data for OW plot at OWC site,,2024-01-01,2024-12-31,'NA',OWC_2024
OWC_OW_2024_sonde-fdom-rfu_L2_v2-1.pdf,Plots of Jan 2024 sensor data for OWC-OW,,2024-01-01,2024-12-31,,OWC_2024
OWC_OW_2024_sonde-nlf-cond_L2_v2-1.parquet,Year 2024 sensor data for OW plot at OWC site,,2024-01-01,2024-12-31,'NA',OWC_2024
OWC_OW_2024_sonde-nlf-cond_L2_v2-1.pdf,Plots of Jan 2024 sensor data for OWC-OW,,2024-01-01,2024-12-31,,OWC_2024
OWC_OW_2024_sonde-odo-local_L2_v2-1.parquet,Year 2024 sensor data for OW plot at OWC site,,2024-01-01,2024-12-31,'NA',OWC_2024
OWC_OW_2024_sonde-odo-local_L2_v2-1.pdf,Plots of Jan 2024 sensor data for OWC-OW,,2024-01-01,2024-12-31,,OWC_2024
OWC_OW_2024_sonde-odo-mgl_L2_v2-1.parquet,Year 2024 sensor data for OW plot at OWC site,,2024-01-01,2024-12-31,'NA',OWC_2024
OWC_OW_2024_sonde-odo-mgl_L2_v2-1.pdf,Plots of Jan 2024 sensor data for OWC-OW,,2024-01-01,2024-12-31,,OWC_2024
OWC_OW_2024_sonde-odo-sat_L2_v2-1.parquet,Year 2024 sensor data for OW plot at OWC site,,2024-01-01,2024-12-31,'NA',OWC_2024
OWC_OW_2024_sonde-odo-sat_L2_v2-1.pdf,Plots of Jan 2024 sensor data for OWC-OW,,2024-01-01,2024-12-31,,OWC_2024
OWC_OW_2024_sonde-orp_L2_v2-1.parquet,Year 2024 sensor data for OW plot at OWC site,,2024-01-01,2024-12-31,'NA',OWC_2024
OWC_OW_2024_sonde-orp_L2_v2-1.pdf,Plots of Jan 2024 sensor data for OWC-OW,,2024-01-01,2024-12-31,,OWC_2024
OWC_OW_2024_sonde-ph_L2_v2-1.parquet,Year 2024 sensor data for OW plot at OWC site,,2024-01-01,2024-12-31,'NA',OWC_2024
OWC_OW_2024_sonde-ph_L2_v2-1.pdf,Plots of Jan 2024 sensor data for OWC-OW,,2024-01-01,2024-12-31,,OWC_2024
OWC_OW_2024_sonde-ph-mv_L2_v2-1.parquet,Year 2024 sensor data for OW plot at OWC site,,2024-01-01,2024-12-31,'NA',OWC_2024
OWC_OW_2024_sonde-ph-mv_L2_v2-1.pdf,Plots of Jan 2024 sensor data for OWC-OW,,2024-01-01,2024-12-31,,OWC_2024
OWC_OW_2024_sonde-pressure_L2_v2-1.parquet,Year 2024 sensor data for OW plot at OWC site,,2024-01-01,2024-12-31,'NA',OWC_2024
OWC_OW_2024_sonde-pressure_L2_v2-1.pdf,Plots of Jan 2024 sensor data for OWC-OW,,2024-01-01,2024-12-31,,OWC_2024
OWC_OW_2024_sonde-salinity_L2_v2-1.parquet,Year 2024 sensor data for OW plot at OWC site,,2024-01-01,2024-12-31,'NA',OWC_2024
OWC_OW_2024_sonde-salinity_L2_v2-1.pdf,Plots of Jan 2024 sensor data for OWC-OW,,2024-01-01,2024-12-31,,OWC_2024
OWC_OW_2024_sonde-spcond_L2_v2-1.parquet,Year 2024 sensor data for OW plot at OWC site,,2024-01-01,2024-12-31,'NA',OWC_2024
OWC_OW_2024_sonde-spcond_L2_v2-1.pdf,Plots of Jan 2024 sensor data for OWC-OW,,2024-01-01,2024-12-31,,OWC_2024
OWC_OW_2024_sonde-tds_L2_v2-1.parquet,Year 2024 sensor data for OW plot at OWC site,,2024-01-01,2024-12-31,'NA',OWC_2024
OWC_OW_2024_sonde-tds_L2_v2-1.pdf,Plots of Jan 2024 sensor data for OWC-OW,,2024-01-01,2024-12-31,,OWC_2024
OWC_OW_2024_sonde-temp_L2_v2-1.parquet,Year 2024 sensor data for OW plot at OWC site,,2024-01-01,2024-12-31,'NA',OWC_2024
OWC_OW_2024_sonde-temp_L2_v2-1.pdf,Plots of Jan 2024 sensor data for OWC-OW,,2024-01-01,2024-12-31,,OWC_2024
OWC_OW_2024_sonde-tss_L2_v2-1.parquet,Year 2024 sensor data for OW plot at OWC site,,2024-01-01,2024-12-31,'NA',OWC_2024
OWC_OW_2024_sonde-tss_L2_v2-1.pdf,Plots of Jan 2024 sensor data for OWC-OW,,2024-01-01,2024-12-31,,OWC_2024
OWC_OW_2024_sonde-turb-raw_L2_v2-1.parquet,Year 2024 sensor data for OW plot at OWC site,,2024-01-01,2024-12-31,'NA',OWC_2024
OWC_OW_2024_sonde-turb-raw_L2_v2-1.pdf,Plots of Jan 2024 sensor data for OWC-OW,,2024-01-01,2024-12-31,,OWC_2024
OWC_OW_2024_sonde-turbidity_L2_v2-1.parquet,Year 2024 sensor data for OW plot at OWC site,,2024-01-01,2024-12-31,'NA',OWC_2024
OWC_OW_2024_sonde-turbidity_L2_v2-1.pdf,Plots of Jan 2024 sensor data for OWC-OW,,2024-01-01,2024-12-31,,OWC_2024
OWC_OW_2024_sonde-vpos_L2_v2-1.parquet,Year 2024 sensor data for OW plot at OWC site,,2024-01-01,2024-12-31,'NA',OWC_2024
OWC_OW_2024_sonde-vpos_L2_v2-1.pdf,Plots of Jan 2024 sensor data for OWC-OW,,2024-01-01,2024-12-31,,OWC_2024
OWC_OW_2024_sonde-wipercur_L2_v2-1.parquet,Year 2024 sensor data for OW plot at OWC site,,2024-01-01,2024-12-31,'NA',OWC_2024
OWC_OW_2024_sonde-wipercur_L2_v2-1.pdf,Plots of Jan 2024 sensor data for OWC-OW,,2024-01-01,2024-12-31,,OWC_2024
OWC_OW_2024_sonde-wiperpos_L2_v2-1.parquet,Year 2024 sensor data for OW plot at OWC site,,2024-01-01,2024-12-31,'NA',OWC_2024
OWC_OW_2024_sonde-wiperpos_L2_v2-1.pdf,Plots of Jan 2024 sensor data for OWC-OW,,2024-01-01,2024-12-31,,OWC_2024
OWC_TR_2024_battery-voltage_L2_v2-1.parquet,Year 2024 sensor data for TR plot at OWC site,,2024-01-01,2024-12-31,'NA',OWC_2024
OWC_TR_2024_battery-voltage_L2_v2-1.pdf,Plots of Jan 2024 sensor data for OWC-TR,,2024-01-01,2024-12-31,,OWC_2024
OWC_TR_2024_gw-act-cond_L2_v2-1.parquet,Year 2024 sensor data for TR plot at OWC site,,2024-01-01,2024-12-31,'NA',OWC_2024
OWC_TR_2024_gw-act-cond_L2_v2-1.pdf,Plots of Jan 2024 sensor data for OWC-TR,,2024-01-01,2024-12-31,,OWC_2024
OWC_TR_2024_gw-bar-pressure_L2_v2-1.parquet,Year 2024 sensor data for TR plot at OWC site,,2024-01-01,2024-12-31,'NA',OWC_2024
OWC_TR_2024_gw-bar-pressure_L2_v2-1.pdf,Plots of Jan 2024 sensor data for OWC-TR,,2024-01-01,2024-12-31,,OWC_2024
OWC_TR_2024_gw-battery_L2_v2-1.parquet,Year 2024 sensor data for TR plot at OWC site,,2024-01-01,2024-12-31,'NA',OWC_2024
OWC_TR_2024_gw-battery_L2_v2-1.pdf,Plots of Jan 2024 sensor data for OWC-TR,,2024-01-01,2024-12-31,,OWC_2024
OWC_TR_2024_gw-density_L2_v2-1.parquet,Year 2024 sensor data for TR plot at OWC site,,2024-01-01,2024-12-31,'NA',OWC_2024
OWC_TR_2024_gw-density_L2_v2-1.pdf,Plots of Jan 2024 sensor data for OWC-TR,,2024-01-01,2024-12-31,,OWC_2024
OWC_TR_2024_gw-depth_L2_v2-1.parquet,Year 2024 sensor data for TR plot at OWC site,,2024-01-01,2024-12-31,'NA',OWC_2024
OWC_TR_2024_gw-depth_L2_v2-1.pdf,Plots of Jan 2024 sensor data for OWC-TR,,2024-01-01,2024-12-31,,OWC_2024
OWC_TR_2024_gw-part-pressure_L2_v2-1.parquet,Year 2024 sensor data for TR plot at OWC site,,2024-01-01,2024-12-31,'NA',OWC_2024
OWC_TR_2024_gw-part-pressure_L2_v2-1.pdf,Plots of Jan 2024 sensor data for OWC-TR,,2024-01-01,2024-12-31,,OWC_2024
OWC_TR_2024_gw-perc-sat_L2_v2-1.parquet,Year 2024 sensor data for TR plot at OWC site,,2024-01-01,2024-12-31,'NA',OWC_2024
OWC_TR_2024_gw-perc-sat_L2_v2-1.pdf,Plots of Jan 2024 sensor data for OWC-TR,,2024-01-01,2024-12-31,,OWC_2024
OWC_TR_2024_gw-ph_L2_v2-1.parquet,Year 2024 sensor data for TR plot at OWC site,,2024-01-01,2024-12-31,'NA',OWC_2024
OWC_TR_2024_gw-ph_L2_v2-1.pdf,Plots of Jan 2024 sensor data for OWC-TR,,2024-01-01,2024-12-31,,OWC_2024
OWC_TR_2024_gw-ph-mv_L2_v2-1.parquet,Year 2024 sensor data for TR plot at OWC site,,2024-01-01,2024-12-31,'NA',OWC_2024
OWC_TR_2024_gw-ph-mv_L2_v2-1.pdf,Plots of Jan 2024 sensor data for OWC-TR,,2024-01-01,2024-12-31,,OWC_2024
OWC_TR_2024_gw-ph-orp_L2_v2-1.parquet,Year 2024 sensor data for TR plot at OWC site,,2024-01-01,2024-12-31,'NA',OWC_2024
OWC_TR_2024_gw-ph-orp_L2_v2-1.pdf,Plots of Jan 2024 sensor data for OWC-TR,,2024-01-01,2024-12-31,,OWC_2024
OWC_TR_2024_gw-pressure-vented_L2_v2-1.parquet,Year 2024 sensor data for TR plot at OWC site,,2024-01-01,2024-12-31,'NA',OWC_2024
OWC_TR_2024_gw-pressure-vented_L2_v2-1.pdf,Plots of Jan 2024 sensor data for OWC-TR,,2024-01-01,2024-12-31,,OWC_2024
OWC_TR_2024_gw-rdo-conc_L2_v2-1.parquet,Year 2024 sensor data for TR plot at OWC site,,2024-01-01,2024-12-31,'NA',OWC_2024
OWC_TR_2024_gw-rdo-conc_L2_v2-1.pdf,Plots of Jan 2024 sensor data for OWC-TR,,2024-01-01,2024-12-31,,OWC_2024
OWC_TR_2024_gw-resistivity_L2_v2-1.parquet,Year 2024 sensor data for TR plot at OWC site,,2024-01-01,2024-12-31,'NA',OWC_2024
OWC_TR_2024_gw-resistivity_L2_v2-1.pdf,Plots of Jan 2024 sensor data for OWC-TR,,2024-01-01,2024-12-31,,OWC_2024
OWC_TR_2024_gw-salinity_L2_v2-1.parquet,Year 2024 sensor data for TR plot at OWC site,,2024-01-01,2024-12-31,'NA',OWC_2024
OWC_TR_2024_gw-salinity_L2_v2-1.pdf,Plots of Jan 2024 sensor data for OWC-TR,,2024-01-01,2024-12-31,,OWC_2024
OWC_TR_2024_gw-spec-cond_L2_v2-1.parquet,Year 2024 sensor data for TR plot at OWC site,,2024-01-01,2024-12-31,'NA',OWC_2024
OWC_TR_2024_gw-spec-cond_L2_v2-1.pdf,Plots of Jan 2024 sensor data for OWC-TR,,2024-01-01,2024-12-31,,OWC_2024
OWC_TR_2024_gw-tds_L2_v2-1.parquet,Year 2024 sensor data for TR plot at OWC site,,2024-01-01,2024-12-31,'NA',OWC_2024
OWC_TR_2024_gw-tds_L2_v2-1.pdf,Plots of Jan 2024 sensor data for OWC-TR,,2024-01-01,2024-12-31,,OWC_2024
OWC_TR_2024_gw-temperature_L2_v2-1.parquet,Year 2024 sensor data for TR plot at OWC site,,2024-01-01,2024-12-31,'NA',OWC_2024
OWC_TR_2024_gw-temperature_L2_v2-1.pdf,Plots of Jan 2024 sensor data for OWC-TR,,2024-01-01,2024-12-31,,OWC_2024
OWC_TR_2024_gw-voltage-ext_L2_v2-1.parquet,Year 2024 sensor data for TR plot at OWC site,,2024-01-01,2024-12-31,'NA',OWC_2024
OWC_TR_2024_gw-voltage-ext_L2_v2-1.pdf,Plots of Jan 2024 sensor data for OWC-TR,,2024-01-01,2024-12-31,,OWC_2024
OWC_TR_2024_gw-wl-below-surface_L2_v2-1.parquet,Year 2024 sensor data for TR plot at OWC site,,2024-01-01,2024-12-31,'NA',OWC_2024
OWC_TR_2024_gw-wl-below-surface_L2_v2-1.pdf,Plots of Jan 2024 sensor data for OWC-TR,,2024-01-01,2024-12-31,,OWC_2024
OWC_TR_2024_sapflow-3.5cm_L2_v2-1.parquet,Year 2024 sensor data for TR plot at OWC site,,2024-01-01,2024-12-31,'NA',OWC_2024
OWC_TR_2024_sapflow-3.5cm_L2_v2-1.pdf,Plots of Jan 2024 sensor data for OWC-TR,,2024-01-01,2024-12-31,,OWC_2024
OWC_TR_2024_soil-EC-10cm_L2_v2-1.parquet,Year 2024 sensor data for TR plot at OWC site,,2024-01-01,2024-12-31,'NA',OWC_2024
OWC_TR_2024_soil-EC-10cm_L2_v2-1.pdf,Plots of Jan 2024 sensor data for OWC-TR,,2024-01-01,2024-12-31,,OWC_2024
OWC_TR_2024_soil-EC-30cm_L2_v2-1.parquet,Year 2024 sensor data for TR plot at OWC site,,2024-01-01,2024-12-31,'NA',OWC_2024
OWC_TR_2024_soil-EC-30cm_L2_v2-1.pdf,Plots of Jan 2024 sensor data for OWC-TR,,2024-01-01,2024-12-31,,OWC_2024
OWC_TR_2024_soil-salinity-10cm_L2_v2-1.parquet,Year 2024 sensor data for TR plot at OWC site,,2024-01-01,2024-12-31,'NA',OWC_2024
OWC_TR_2024_soil-salinity-10cm_L2_v2-1.pdf,Plots of Jan 2024 sensor data for OWC-TR,,2024-01-01,2024-12-31,,OWC_2024
OWC_TR_2024_soil-salinity-30cm_L2_v2-1.parquet,Year 2024 sensor data for TR plot at OWC site,,2024-01-01,2024-12-31,'NA',OWC_2024
OWC_TR_2024_soil-salinity-30cm_L2_v2-1.pdf,Plots of Jan 2024 sensor data for OWC-TR,,2024-01-01,2024-12-31,,OWC_2024
OWC_TR_2024_soil-temp-10cm_L2_v2-1.parquet,Year 2024 sensor data for TR plot at OWC site,,2024-01-01,2024-12-31,'NA',OWC_2024
OWC_TR_2024_soil-temp-10cm_L2_v2-1.pdf,Plots of Jan 2024 sensor data for OWC-TR,,2024-01-01,2024-12-31,,OWC_2024
OWC_TR_2024_soil-temp-30cm_L2_v2-1.parquet,Year 2024 sensor data for TR plot at OWC site,,2024-01-01,2024-12-31,'NA',OWC_2024
OWC_TR_2024_soil-temp-30cm_L2_v2-1.pdf,Plots of Jan 2024 sensor data for OWC-TR,,2024-01-01,2024-12-31,,OWC_2024
OWC_TR_2024_soil-vwc-10cm_L2_v2-1.parquet,Year 2024 sensor data for TR plot at OWC site,,2024-01-01,2024-12-31,'NA',OWC_2024
OWC_TR_2024_soil-vwc-10cm_L2_v2-1.pdf,Plots of Jan 2024 sensor data for OWC-TR,,2024-01-01,2024-12-31,,OWC_2024
OWC_TR_2024_soil-vwc-30cm_L2_v2-1.parquet,Year 2024 sensor data for TR plot at OWC site,,2024-01-01,2024-12-31,'NA',OWC_2024
OWC_TR_2024_soil-vwc-30cm_L2_v2-1.pdf,Plots of Jan 2024 sensor data for OWC-TR,,2024-01-01,2024-12-31,,OWC_2024
OWC_TR_2024_solar-voltage_L2_v2-1.parquet,Year 2024 sensor data for TR plot at OWC site,,2024-01-01,2024-12-31,'NA',OWC_2024
OWC_TR_2024_solar-voltage_L2_v2-1.pdf,Plots of Jan 2024 sensor data for OWC-TR,,2024-01-01,2024-12-31,,OWC_2024
OWC_UP_2024_battery-voltage_L2_v2-1.parquet,Year 2024 sensor data for UP plot at OWC site,,2024-01-01,2024-12-31,'NA',OWC_2024
OWC_UP_2024_battery-voltage_L2_v2-1.pdf,Plots of Jan 2024 sensor data for OWC-UP,,2024-01-01,2024-12-31,,OWC_2024
OWC_UP_2024_sapflow-3.5cm_L2_v2-1.parquet,Year 2024 sensor data for UP plot at OWC site,,2024-01-01,2024-12-31,'NA',OWC_2024
OWC_UP_2024_sapflow-3.5cm_L2_v2-1.pdf,Plots of Jan 2024 sensor data for OWC-UP,,2024-01-01,2024-12-31,,OWC_2024
OWC_UP_2024_soil-EC-10cm_L2_v2-1.parquet,Year 2024 sensor data for UP plot at OWC site,,2024-01-01,2024-12-31,'NA',OWC_2024
OWC_UP_2024_soil-EC-10cm_L2_v2-1.pdf,Plots of Jan 2024 sensor data for OWC-UP,,2024-01-01,2024-12-31,,OWC_2024
OWC_UP_2024_soil-EC-30cm_L2_v2-1.parquet,Year 2024 sensor data for UP plot at OWC site,,2024-01-01,2024-12-31,'NA',OWC_2024
OWC_UP_2024_soil-EC-30cm_L2_v2-1.pdf,Plots of Jan 2024 sensor data for OWC-UP,,2024-01-01,2024-12-31,,OWC_2024
OWC_UP_2024_soil-salinity-10cm_L2_v2-1.parquet,Year 2024 sensor data for UP plot at OWC site,,2024-01-01,2024-12-31,'NA',OWC_2024
OWC_UP_2024_soil-salinity-10cm_L2_v2-1.pdf,Plots of Jan 2024 sensor data for OWC-UP,,2024-01-01,2024-12-31,,OWC_2024
OWC_UP_2024_soil-salinity-30cm_L2_v2-1.parquet,Year 2024 sensor data for UP plot at OWC site,,2024-01-01,2024-12-31,'NA',OWC_2024
OWC_UP_2024_soil-salinity-30cm_L2_v2-1.pdf,Plots of Jan 2024 sensor data for OWC-UP,,2024-01-01,2024-12-31,,OWC_2024
OWC_UP_2024_soil-temp-10cm_L2_v2-1.parquet,Year 2024 sensor data for UP plot at OWC site,,2024-01-01,2024-12-31,'NA',OWC_2024
OWC_UP_2024_soil-temp-10cm_L2_v2-1.pdf,Plots of Jan 2024 sensor data for OWC-UP,,2024-01-01,2024-12-31,,OWC_2024
OWC_UP_2024_soil-temp-30cm_L2_v2-1.parquet,Year 2024 sensor data for UP plot at OWC site,,2024-01-01,2024-12-31,'NA',OWC_2024
OWC_UP_2024_soil-temp-30cm_L2_v2-1.pdf,Plots of Jan 2024 sensor data for OWC-UP,,2024-01-01,2024-12-31,,OWC_2024
OWC_UP_2024_soil-vwc-10cm_L2_v2-1.parquet,Year 2024 sensor data for UP plot at OWC site,,2024-01-01,2024-12-31,'NA',OWC_2024
OWC_UP_2024_soil-vwc-10cm_L2_v2-1.pdf,Plots of Jan 2024 sensor data for OWC-UP,,2024-01-01,2024-12-31,,OWC_2024
OWC_UP_2024_soil-vwc-30cm_L2_v2-1.parquet,Year 2024 sensor data for UP plot at OWC site,,2024-01-01,2024-12-31,'NA',OWC_2024
OWC_UP_2024_soil-vwc-30cm_L2_v2-1.pdf,Plots of Jan 2024 sensor data for OWC-UP,,2024-01-01,2024-12-31,,OWC_2024
OWC_UP_2024_solar-voltage_L2_v2-1.parquet,Year 2024 sensor data for UP plot at OWC site,,2024-01-01,2024-12-31,'NA',OWC_2024
OWC_UP_2024_solar-voltage_L2_v2-1.pdf,Plots of Jan 2024 sensor data for OWC-UP,,2024-01-01,2024-12-31,,OWC_2024
OWC_W_2024_battery-voltage_L2_v2-1.parquet,Year 2024 sensor data for W plot at OWC site,,2024-01-01,2024-12-31,'NA',OWC_2024
OWC_W_2024_battery-voltage_L2_v2-1.pdf,Plots of Jan 2024 sensor data for OWC-W,,2024-01-01,2024-12-31,,OWC_2024
OWC_W_2024_gw-act-cond_L2_v2-1.parquet,Year 2024 sensor data for W plot at OWC site,,2024-01-01,2024-12-31,'NA',OWC_2024
OWC_W_2024_gw-act-cond_L2_v2-1.pdf,Plots of Jan 2024 sensor data for OWC-W,,2024-01-01,2024-12-31,,OWC_2024
OWC_W_2024_gw-bar-pressure_L2_v2-1.parquet,Year 2024 sensor data for W plot at OWC site,,2024-01-01,2024-12-31,'NA',OWC_2024
OWC_W_2024_gw-bar-pressure_L2_v2-1.pdf,Plots of Jan 2024 sensor data for OWC-W,,2024-01-01,2024-12-31,,OWC_2024
OWC_W_2024_gw-battery_L2_v2-1.parquet,Year 2024 sensor data for W plot at OWC site,,2024-01-01,2024-12-31,'NA',OWC_2024
OWC_W_2024_gw-battery_L2_v2-1.pdf,Plots of Jan 2024 sensor data for OWC-W,,2024-01-01,2024-12-31,,OWC_2024
OWC_W_2024_gw-density_L2_v2-1.parquet,Year 2024 sensor data for W plot at OWC site,,2024-01-01,2024-12-31,'NA',OWC_2024
OWC_W_2024_gw-density_L2_v2-1.pdf,Plots of Jan 2024 sensor data for OWC-W,,2024-01-01,2024-12-31,,OWC_2024
OWC_W_2024_gw-depth_L2_v2-1.parquet,Year 2024 sensor data for W plot at OWC site,,2024-01-01,2024-12-31,'NA',OWC_2024
OWC_W_2024_gw-depth_L2_v2-1.pdf,Plots of Jan 2024 sensor data for OWC-W,,2024-01-01,2024-12-31,,OWC_2024
OWC_W_2024_gw-part-pressure_L2_v2-1.parquet,Year 2024 sensor data for W plot at OWC site,,2024-01-01,2024-12-31,'NA',OWC_2024
OWC_W_2024_gw-part-pressure_L2_v2-1.pdf,Plots of Jan 2024 sensor data for OWC-W,,2024-01-01,2024-12-31,,OWC_2024
OWC_W_2024_gw-perc-sat_L2_v2-1.parquet,Year 2024 sensor data for W plot at OWC site,,2024-01-01,2024-12-31,'NA',OWC_2024
OWC_W_2024_gw-perc-sat_L2_v2-1.pdf,Plots of Jan 2024 sensor data for OWC-W,,2024-01-01,2024-12-31,,OWC_2024
OWC_W_2024_gw-ph_L2_v2-1.parquet,Year 2024 sensor data for W plot at OWC site,,2024-01-01,2024-12-31,'NA',OWC_2024
OWC_W_2024_gw-ph_L2_v2-1.pdf,Plots of Jan 2024 sensor data for OWC-W,,2024-01-01,2024-12-31,,OWC_2024
OWC_W_2024_gw-ph-mv_L2_v2-1.parquet,Year 2024 sensor data for W plot at OWC site,,2024-01-01,2024-12-31,'NA',OWC_2024
OWC_W_2024_gw-ph-mv_L2_v2-1.pdf,Plots of Jan 2024 sensor data for OWC-W,,2024-01-01,2024-12-31,,OWC_2024
OWC_W_2024_gw-ph-orp_L2_v2-1.parquet,Year 2024 sensor data for W plot at OWC site,,2024-01-01,2024-12-31,'NA',OWC_2024
OWC_W_2024_gw-ph-orp_L2_v2-1.pdf,Plots of Jan 2024 sensor data for OWC-W,,2024-01-01,2024-12-31,,OWC_2024
OWC_W_2024_gw-pressure-vented_L2_v2-1.parquet,Year 2024 sensor data for W plot at OWC site,,2024-01-01,2024-12-31,'NA',OWC_2024
OWC_W_2024_gw-pressure-vented_L2_v2-1.pdf,Plots of Jan 2024 sensor data for OWC-W,,2024-01-01,2024-12-31,,OWC_2024
OWC_W_2024_gw-rdo-conc_L2_v2-1.parquet,Year 2024 sensor data for W plot at OWC site,,2024-01-01,2024-12-31,'NA',OWC_2024
OWC_W_2024_gw-rdo-conc_L2_v2-1.pdf,Plots of Jan 2024 sensor data for OWC-W,,2024-01-01,2024-12-31,,OWC_2024
OWC_W_2024_gw-resistivity_L2_v2-1.parquet,Year 2024 sensor data for W plot at OWC site,,2024-01-01,2024-12-31,'NA',OWC_2024
OWC_W_2024_gw-resistivity_L2_v2-1.pdf,Plots of Jan 2024 sensor data for OWC-W,,2024-01-01,2024-12-31,,OWC_2024
OWC_W_2024_gw-salinity_L2_v2-1.parquet,Year 2024 sensor data for W plot at OWC site,,2024-01-01,2024-12-31,'NA',OWC_2024
OWC_W_2024_gw-salinity_L2_v2-1.pdf,Plots of Jan 2024 sensor data for OWC-W,,2024-01-01,2024-12-31,,OWC_2024
OWC_W_2024_gw-spec-cond_L2_v2-1.parquet,Year 2024 sensor data for W plot at OWC site,,2024-01-01,2024-12-31,'NA',OWC_2024
OWC_W_2024_gw-spec-cond_L2_v2-1.pdf,Plots of Jan 2024 sensor data for OWC-W,,2024-01-01,2024-12-31,,OWC_2024
OWC_W_2024_gw-tds_L2_v2-1.parquet,Year 2024 sensor data for W plot at OWC site,,2024-01-01,2024-12-31,'NA',OWC_2024
OWC_W_2024_gw-tds_L2_v2-1.pdf,Plots of Jan 2024 sensor data for OWC-W,,2024-01-01,2024-12-31,,OWC_2024
OWC_W_2024_gw-temperature_L2_v2-1.parquet,Year 2024 sensor data for W plot at OWC site,,2024-01-01,2024-12-31,'NA',OWC_2024
OWC_W_2024_gw-temperature_L2_v2-1.pdf,Plots of Jan 2024 sensor data for OWC-W,,2024-01-01,2024-12-31,,OWC_2024
OWC_W_2024_gw-voltage-ext_L2_v2-1.parquet,Year 2024 sensor data for W plot at OWC site,,2024-01-01,2024-12-31,'NA',OWC_2024
OWC_W_2024_gw-voltage-ext_L2_v2-1.pdf,Plots of Jan 2024 sensor data for OWC-W,,2024-01-01,2024-12-31,,OWC_2024
OWC_W_2024_soil-EC-10cm_L2_v2-1.parquet,Year 2024 sensor data for W plot at OWC site,,2024-01-01,2024-12-31,'NA',OWC_2024
OWC_W_2024_soil-EC-10cm_L2_v2-1.pdf,Plots of Jan 2024 sensor data for OWC-W,,2024-01-01,2024-12-31,,OWC_2024
OWC_W_2024_soil-EC-30cm_L2_v2-1.parquet,Year 2024 sensor data for W plot at OWC site,,2024-01-01,2024-12-31,'NA',OWC_2024
OWC_W_2024_soil-EC-30cm_L2_v2-1.pdf,Plots of Jan 2024 sensor data for OWC-W,,2024-01-01,2024-12-31,,OWC_2024
OWC_W_2024_soil-salinity-10cm_L2_v2-1.parquet,Year 2024 sensor data for W plot at OWC site,,2024-01-01,2024-12-31,'NA',OWC_2024
OWC_W_2024_soil-salinity-10cm_L2_v2-1.pdf,Plots of Jan 2024 sensor data for OWC-W,,2024-01-01,2024-12-31,,OWC_2024
OWC_W_2024_soil-salinity-30cm_L2_v2-1.parquet,Year 2024 sensor data for W plot at OWC site,,2024-01-01,2024-12-31,'NA',OWC_2024
OWC_W_2024_soil-salinity-30cm_L2_v2-1.pdf,Plots of Jan 2024 sensor data for OWC-W,,2024-01-01,2024-12-31,,OWC_2024
OWC_W_2024_soil-temp-10cm_L2_v2-1.parquet,Year 2024 sensor data for W plot at OWC site,,2024-01-01,2024-12-31,'NA',OWC_2024
OWC_W_2024_soil-temp-10cm_L2_v2-1.pdf,Plots of Jan 2024 sensor data for OWC-W,,2024-01-01,2024-12-31,,OWC_2024
OWC_W_2024_soil-temp-30cm_L2_v2-1.parquet,Year 2024 sensor data for W plot at OWC site,,2024-01-01,2024-12-31,'NA',OWC_2024
OWC_W_2024_soil-temp-30cm_L2_v2-1.pdf,Plots of Jan 2024 sensor data for OWC-W,,2024-01-01,2024-12-31,,OWC_2024
OWC_W_2024_soil-vwc-10cm_L2_v2-1.parquet,Year 2024 sensor data for W plot at OWC site,,2024-01-01,2024-12-31,'NA',OWC_2024
OWC_W_2024_soil-vwc-10cm_L2_v2-1.pdf,Plots of Jan 2024 sensor data for OWC-W,,2024-01-01,2024-12-31,,OWC_2024
OWC_W_2024_soil-vwc-30cm_L2_v2-1.parquet,Year 2024 sensor data for W plot at OWC site,,2024-01-01,2024-12-31,'NA',OWC_2024
OWC_W_2024_soil-vwc-30cm_L2_v2-1.pdf,Plots of Jan 2024 sensor data for OWC-W,,2024-01-01,2024-12-31,,OWC_2024
OWC_W_2024_solar-voltage_L2_v2-1.parquet,Year 2024 sensor data for W plot at OWC site,,2024-01-01,2024-12-31,'NA',OWC_2024
OWC_W_2024_solar-voltage_L2_v2-1.pdf,Plots of Jan 2024 sensor data for OWC-W,,2024-01-01,2024-12-31,,OWC_2024
OWC_W_2024_wx-barpress15_L2_v2-1.parquet,Year 2024 sensor data for W plot at OWC site,,2024-01-01,2024-12-31,'NA',OWC_2024
OWC_W_2024_wx-barpress15_L2_v2-1.pdf,Plots of Jan 2024 sensor data for OWC-W,,2024-01-01,2024-12-31,,OWC_2024
OWC_W_2024_wx-bpmax15_L2_v2-1.parquet,Year 2024 sensor data for W plot at OWC site,,2024-01-01,2024-12-31,'NA',OWC_2024
OWC_W_2024_wx-bpmax15_L2_v2-1.pdf,Plots of Jan 2024 sensor data for OWC-W,,2024-01-01,2024-12-31,,OWC_2024
OWC_W_2024_wx-bpmin15_L2_v2-1.parquet,Year 2024 sensor data for W plot at OWC site,,2024-01-01,2024-12-31,'NA',OWC_2024
OWC_W_2024_wx-bpmin15_L2_v2-1.pdf,Plots of Jan 2024 sensor data for OWC-W,,2024-01-01,2024-12-31,,OWC_2024
OWC_W_2024_wx-dist-min15_L2_v2-1.parquet,Year 2024 sensor data for W plot at OWC site,,2024-01-01,2024-12-31,'NA',OWC_2024
OWC_W_2024_wx-dist-min15_L2_v2-1.pdf,Plots of Jan 2024 sensor data for OWC-W,,2024-01-01,2024-12-31,,OWC_2024
OWC_W_2024_wx-invalid-wind15_L2_v2-1.parquet,Year 2024 sensor data for W plot at OWC site,,2024-01-01,2024-12-31,'NA',OWC_2024
OWC_W_2024_wx-invalid-wind15_L2_v2-1.pdf,Plots of Jan 2024 sensor data for OWC-W,,2024-01-01,2024-12-31,,OWC_2024
OWC_W_2024_wx-maxws15_L2_v2-1.parquet,Year 2024 sensor data for W plot at OWC site,,2024-01-01,2024-12-31,'NA',OWC_2024
OWC_W_2024_wx-maxws15_L2_v2-1.pdf,Plots of Jan 2024 sensor data for OWC-W,,2024-01-01,2024-12-31,,OWC_2024
OWC_W_2024_wx-maxws24_L2_v2-1.parquet,Year 2024 sensor data for W plot at OWC site,,2024-01-01,2024-12-31,'NA',OWC_2024
OWC_W_2024_wx-maxws24_L2_v2-1.pdf,Plots of Jan 2024 sensor data for OWC-W,,2024-01-01,2024-12-31,,OWC_2024
OWC_W_2024_wx-par-den15_L2_v2-1.parquet,Year 2024 sensor data for W plot at OWC site,,2024-01-01,2024-12-31,'NA',OWC_2024
OWC_W_2024_wx-par-den15_L2_v2-1.pdf,Plots of Jan 2024 sensor data for OWC-W,,2024-01-01,2024-12-31,,OWC_2024
OWC_W_2024_wx-par-den24_L2_v2-1.parquet,Year 2024 sensor data for W plot at OWC site,,2024-01-01,2024-12-31,'NA',OWC_2024
OWC_W_2024_wx-par-den24_L2_v2-1.pdf,Plots of Jan 2024 sensor data for OWC-W,,2024-01-01,2024-12-31,,OWC_2024
OWC_W_2024_wx-par-tot15_L2_v2-1.parquet,Year 2024 sensor data for W plot at OWC site,,2024-01-01,2024-12-31,'NA',OWC_2024
OWC_W_2024_wx-par-tot15_L2_v2-1.pdf,Plots of Jan 2024 sensor data for OWC-W,,2024-01-01,2024-12-31,,OWC_2024
OWC_W_2024_wx-par-tot24_L2_v2-1.parquet,Year 2024 sensor data for W plot at OWC site,,2024-01-01,2024-12-31,'NA',OWC_2024
OWC_W_2024_wx-par-tot24_L2_v2-1.pdf,Plots of Jan 2024 sensor data for OWC-W,,2024-01-01,2024-12-31,,OWC_2024
OWC_W_2024_wx-rain15_L2_v2-1.parquet,Year 2024 sensor data for W plot at OWC site,,2024-01-01,2024-12-31,'NA',OWC_2024
OWC_W_2024_wx-rain15_L2_v2-1.pdf,Plots of Jan 2024 sensor data for OWC-W,,2024-01-01,2024-12-31,,OWC_2024
OWC_W_2024_wx-rain24_L2_v2-1.parquet,Year 2024 sensor data for W plot at OWC site,,2024-01-01,2024-12-31,'NA',OWC_2024
OWC_W_2024_wx-rain24_L2_v2-1.pdf,Plots of Jan 2024 sensor data for OWC-W,,2024-01-01,2024-12-31,,OWC_2024
OWC_W_2024_wx-rh15_L2_v2-1.parquet,Year 2024 sensor data for W plot at OWC site,,2024-01-01,2024-12-31,'NA',OWC_2024
OWC_W_2024_wx-rh15_L2_v2-1.pdf,Plots of Jan 2024 sensor data for OWC-W,,2024-01-01,2024-12-31,,OWC_2024
OWC_W_2024_wx-rh24_L2_v2-1.parquet,Year 2024 sensor data for W plot at OWC site,,2024-01-01,2024-12-31,'NA',OWC_2024
OWC_W_2024_wx-rh24_L2_v2-1.pdf,Plots of Jan 2024 sensor data for OWC-W,,2024-01-01,2024-12-31,,OWC_2024
OWC_W_2024_wx-rht15_L2_v2-1.parquet,Year 2024 sensor data for W plot at OWC site,,2024-01-01,2024-12-31,'NA',OWC_2024
OWC_W_2024_wx-rht15_L2_v2-1.pdf,Plots of Jan 2024 sensor data for OWC-W,,2024-01-01,2024-12-31,,OWC_2024
OWC_W_2024_wx-rht24_L2_v2-1.parquet,Year 2024 sensor data for W plot at OWC site,,2024-01-01,2024-12-31,'NA',OWC_2024
OWC_W_2024_wx-rht24_L2_v2-1.pdf,Plots of Jan 2024 sensor data for OWC-W,,2024-01-01,2024-12-31,,OWC_2024
OWC_W_2024_wx-rhtmax24_L2_v2-1.parquet,Year 2024 sensor data for W plot at OWC site,,2024-01-01,2024-12-31,'NA',OWC_2024
OWC_W_2024_wx-rhtmax24_L2_v2-1.pdf,Plots of Jan 2024 sensor data for OWC-W,,2024-01-01,2024-12-31,,OWC_2024
OWC_W_2024_wx-rhtmin24_L2_v2-1.parquet,Year 2024 sensor data for W plot at OWC site,,2024-01-01,2024-12-31,'NA',OWC_2024
OWC_W_2024_wx-rhtmin24_L2_v2-1.pdf,Plots of Jan 2024 sensor data for OWC-W,,2024-01-01,2024-12-31,,OWC_2024
OWC_W_2024_wx-slr-fd15_L2_v2-1.parquet,Year 2024 sensor data for W plot at OWC site,,2024-01-01,2024-12-31,'NA',OWC_2024
OWC_W_2024_wx-slr-fd15_L2_v2-1.pdf,Plots of Jan 2024 sensor data for OWC-W,,2024-01-01,2024-12-31,,OWC_2024
OWC_W_2024_wx-slr-fd24_L2_v2-1.parquet,Year 2024 sensor data for W plot at OWC site,,2024-01-01,2024-12-31,'NA',OWC_2024
OWC_W_2024_wx-slr-fd24_L2_v2-1.pdf,Plots of Jan 2024 sensor data for OWC-W,,2024-01-01,2024-12-31,,OWC_2024
OWC_W_2024_wx-slr-tf15_L2_v2-1.parquet,Year 2024 sensor data for W plot at OWC site,,2024-01-01,2024-12-31,'NA',OWC_2024
OWC_W_2024_wx-slr-tf15_L2_v2-1.pdf,Plots of Jan 2024 sensor data for OWC-W,,2024-01-01,2024-12-31,,OWC_2024
OWC_W_2024_wx-slr-tf24_L2_v2-1.parquet,Year 2024 sensor data for W plot at OWC site,,2024-01-01,2024-12-31,'NA',OWC_2024
OWC_W_2024_wx-slr-tf24_L2_v2-1.pdf,Plots of Jan 2024 sensor data for OWC-W,,2024-01-01,2024-12-31,,OWC_2024
OWC_W_2024_wx-strikes15_L2_v2-1.parquet,Year 2024 sensor data for W plot at OWC site,,2024-01-01,2024-12-31,'NA',OWC_2024
OWC_W_2024_wx-strikes15_L2_v2-1.pdf,Plots of Jan 2024 sensor data for OWC-W,,2024-01-01,2024-12-31,,OWC_2024
OWC_W_2024_wx-tempavg15_L2_v2-1.parquet,Year 2024 sensor data for W plot at OWC site,,2024-01-01,2024-12-31,'NA',OWC_2024
OWC_W_2024_wx-tempavg15_L2_v2-1.pdf,Plots of Jan 2024 sensor data for OWC-W,,2024-01-01,2024-12-31,,OWC_2024
OWC_W_2024_wx-tempavg24_L2_v2-1.parquet,Year 2024 sensor data for W plot at OWC site,,2024-01-01,2024-12-31,'NA',OWC_2024
OWC_W_2024_wx-tempavg24_L2_v2-1.pdf,Plots of Jan 2024 sensor data for OWC-W,,2024-01-01,2024-12-31,,OWC_2024
OWC_W_2024_wx-tempmax15_L2_v2-1.parquet,Year 2024 sensor data for W plot at OWC site,,2024-01-01,2024-12-31,'NA',OWC_2024
OWC_W_2024_wx-tempmax15_L2_v2-1.pdf,Plots of Jan 2024 sensor data for OWC-W,,2024-01-01,2024-12-31,,OWC_2024
OWC_W_2024_wx-tempmax24_L2_v2-1.parquet,Year 2024 sensor data for W plot at OWC site,,2024-01-01,2024-12-31,'NA',OWC_2024
OWC_W_2024_wx-tempmax24_L2_v2-1.pdf,Plots of Jan 2024 sensor data for OWC-W,,2024-01-01,2024-12-31,,OWC_2024
OWC_W_2024_wx-tempmin15_L2_v2-1.parquet,Year 2024 sensor data for W plot at OWC site,,2024-01-01,2024-12-31,'NA',OWC_2024
OWC_W_2024_wx-tempmin15_L2_v2-1.pdf,Plots of Jan 2024 sensor data for OWC-W,,2024-01-01,2024-12-31,,OWC_2024
OWC_W_2024_wx-tempmin24_L2_v2-1.parquet,Year 2024 sensor data for W plot at OWC site,,2024-01-01,2024-12-31,'NA',OWC_2024
OWC_W_2024_wx-tempmin24_L2_v2-1.pdf,Plots of Jan 2024 sensor data for OWC-W,,2024-01-01,2024-12-31,,OWC_2024
OWC_W_2024_wx-tilt-ns15_L2_v2-1.parquet,Year 2024 sensor data for W plot at OWC site,,2024-01-01,2024-12-31,'NA',OWC_2024
OWC_W_2024_wx-tilt-ns15_L2_v2-1.pdf,Plots of Jan 2024 sensor data for OWC-W,,2024-01-01,2024-12-31,,OWC_2024
OWC_W_2024_wx-tilt-ns24_L2_v2-1.parquet,Year 2024 sensor data for W plot at OWC site,,2024-01-01,2024-12-31,'NA',OWC_2024
OWC_W_2024_wx-tilt-ns24_L2_v2-1.pdf,Plots of Jan 2024 sensor data for OWC-W,,2024-01-01,2024-12-31,,OWC_2024
OWC_W_2024_wx-tilt-we15_L2_v2-1.parquet,Year 2024 sensor data for W plot at OWC site,,2024-01-01,2024-12-31,'NA',OWC_2024
OWC_W_2024_wx-tilt-we15_L2_v2-1.pdf,Plots of Jan 2024 sensor data for OWC-W,,2024-01-01,2024-12-31,,OWC_2024
OWC_W_2024_wx-tilt-we24_L2_v2-1.parquet,Year 2024 sensor data for W plot at OWC site,,2024-01-01,2024-12-31,'NA',OWC_2024
OWC_W_2024_wx-tilt-we24_L2_v2-1.pdf,Plots of Jan 2024 sensor data for OWC-W,,2024-01-01,2024-12-31,,OWC_2024
OWC_W_2024_wx-vappress15_L2_v2-1.parquet,Year 2024 sensor data for W plot at OWC site,,2024-01-01,2024-12-31,'NA',OWC_2024
OWC_W_2024_wx-vappress15_L2_v2-1.pdf,Plots of Jan 2024 sensor data for OWC-W,,2024-01-01,2024-12-31,,OWC_2024
OWC_W_2024_wx-vappress24_L2_v2-1.parquet,Year 2024 sensor data for W plot at OWC site,,2024-01-01,2024-12-31,'NA',OWC_2024
OWC_W_2024_wx-vappress24_L2_v2-1.pdf,Plots of Jan 2024 sensor data for OWC-W,,2024-01-01,2024-12-31,,OWC_2024
OWC_W_2024_wx-winddir-sd115_L2_v2-1.parquet,Year 2024 sensor data for W plot at OWC site,,2024-01-01,2024-12-31,'NA',OWC_2024
OWC_W_2024_wx-winddir-sd115_L2_v2-1.pdf,Plots of Jan 2024 sensor data for OWC-W,,2024-01-01,2024-12-31,,OWC_2024
OWC_W_2024_wx-winddir15_L2_v2-1.parquet,Year 2024 sensor data for W plot at OWC site,,2024-01-01,2024-12-31,'NA',OWC_2024
OWC_W_2024_wx-winddir15_L2_v2-1.pdf,Plots of Jan 2024 sensor data for OWC-W,,2024-01-01,2024-12-31,,OWC_2024
OWC_W_2024_wx-winderrors24_L2_v2-1.parquet,Year 2024 sensor data for W plot at OWC site,,2024-01-01,2024-12-31,'NA',OWC_2024
OWC_W_2024_wx-winderrors24_L2_v2-1.pdf,Plots of Jan 2024 sensor data for OWC-W,,2024-01-01,2024-12-31,,OWC_2024
OWC_W_2024_wx-windspeed15_L2_v2-1.parquet,Year 2024 sensor data for W plot at OWC site,,2024-01-01,2024-12-31,'NA',OWC_2024
OWC_W_2024_wx-windspeed15_L2_v2-1.pdf,Plots of Jan 2024 sensor data for OWC-W,,2024-01-01,2024-12-31,,OWC_2024
OWC_WTE_2024_gw-act-cond_L2_v2-1.parquet,Year 2024 sensor data for WTE plot at OWC site,,2024-01-01,2024-12-31,'NA',OWC_2024
OWC_WTE_2024_gw-act-cond_L2_v2-1.pdf,Plots of Jan 2024 sensor data for OWC-WTE,,2024-01-01,2024-12-31,,OWC_2024
OWC_WTE_2024_gw-bar-pressure_L2_v2-1.parquet,Year 2024 sensor data for WTE plot at OWC site,,2024-01-01,2024-12-31,'NA',OWC_2024
OWC_WTE_2024_gw-bar-pressure_L2_v2-1.pdf,Plots of Jan 2024 sensor data for OWC-WTE,,2024-01-01,2024-12-31,,OWC_2024
OWC_WTE_2024_gw-battery_L2_v2-1.parquet,Year 2024 sensor data for WTE plot at OWC site,,2024-01-01,2024-12-31,'NA',OWC_2024
OWC_WTE_2024_gw-battery_L2_v2-1.pdf,Plots of Jan 2024 sensor data for OWC-WTE,,2024-01-01,2024-12-31,,OWC_2024
OWC_WTE_2024_gw-density_L2_v2-1.parquet,Year 2024 sensor data for WTE plot at OWC site,,2024-01-01,2024-12-31,'NA',OWC_2024
OWC_WTE_2024_gw-density_L2_v2-1.pdf,Plots of Jan 2024 sensor data for OWC-WTE,,2024-01-01,2024-12-31,,OWC_2024
OWC_WTE_2024_gw-depth_L2_v2-1.parquet,Year 2024 sensor data for WTE plot at OWC site,,2024-01-01,2024-12-31,'NA',OWC_2024
OWC_WTE_2024_gw-depth_L2_v2-1.pdf,Plots of Jan 2024 sensor data for OWC-WTE,,2024-01-01,2024-12-31,,OWC_2024
OWC_WTE_2024_gw-part-pressure_L2_v2-1.parquet,Year 2024 sensor data for WTE plot at OWC site,,2024-01-01,2024-12-31,'NA',OWC_2024
OWC_WTE_2024_gw-part-pressure_L2_v2-1.pdf,Plots of Jan 2024 sensor data for OWC-WTE,,2024-01-01,2024-12-31,,OWC_2024
OWC_WTE_2024_gw-perc-sat_L2_v2-1.parquet,Year 2024 sensor data for WTE plot at OWC site,,2024-01-01,2024-12-31,'NA',OWC_2024
OWC_WTE_2024_gw-perc-sat_L2_v2-1.pdf,Plots of Jan 2024 sensor data for OWC-WTE,,2024-01-01,2024-12-31,,OWC_2024
OWC_WTE_2024_gw-ph_L2_v2-1.parquet,Year 2024 sensor data for WTE plot at OWC site,,2024-01-01,2024-12-31,'NA',OWC_2024
OWC_WTE_2024_gw-ph_L2_v2-1.pdf,Plots of Jan 2024 sensor data for OWC-WTE,,2024-01-01,2024-12-31,,OWC_2024
OWC_WTE_2024_gw-ph-mv_L2_v2-1.parquet,Year 2024 sensor data for WTE plot at OWC site,,2024-01-01,2024-12-31,'NA',OWC_2024
OWC_WTE_2024_gw-ph-mv_L2_v2-1.pdf,Plots of Jan 2024 sensor data for OWC-WTE,,2024-01-01,2024-12-31,,OWC_2024
OWC_WTE_2024_gw-ph-orp_L2_v2-1.parquet,Year 2024 sensor data for WTE plot at OWC site,,2024-01-01,2024-12-31,'NA',OWC_2024
OWC_WTE_2024_gw-ph-orp_L2_v2-1.pdf,Plots of Jan 2024 sensor data for OWC-WTE,,2024-01-01,2024-12-31,,OWC_2024
OWC_WTE_2024_gw-pressure-vented_L2_v2-1.parquet,Year 2024 sensor data for WTE plot at OWC site,,2024-01-01,2024-12-31,'NA',OWC_2024
OWC_WTE_2024_gw-pressure-vented_L2_v2-1.pdf,Plots of Jan 2024 sensor data for OWC-WTE,,2024-01-01,2024-12-31,,OWC_2024
OWC_WTE_2024_gw-rdo-conc_L2_v2-1.parquet,Year 2024 sensor data for WTE plot at OWC site,,2024-01-01,2024-12-31,'NA',OWC_2024
OWC_WTE_2024_gw-rdo-conc_L2_v2-1.pdf,Plots of Jan 2024 sensor data for OWC-WTE,,2024-01-01,2024-12-31,,OWC_2024
OWC_WTE_2024_gw-resistivity_L2_v2-1.parquet,Year 2024 sensor data for WTE plot at OWC site,,2024-01-01,2024-12-31,'NA',OWC_2024
OWC_WTE_2024_gw-resistivity_L2_v2-1.pdf,Plots of Jan 2024 sensor data for OWC-WTE,,2024-01-01,2024-12-31,,OWC_2024
OWC_WTE_2024_gw-salinity_L2_v2-1.parquet,Year 2024 sensor data for WTE plot at OWC site,,2024-01-01,2024-12-31,'NA',OWC_2024
OWC_WTE_2024_gw-salinity_L2_v2-1.pdf,Plots of Jan 2024 sensor data for OWC-WTE,,2024-01-01,2024-12-31,,OWC_2024
OWC_WTE_2024_gw-spec-cond_L2_v2-1.parquet,Year 2024 sensor data for WTE plot at OWC site,,2024-01-01,2024-12-31,'NA',OWC_2024
OWC_WTE_2024_gw-spec-cond_L2_v2-1.pdf,Plots of Jan 2024 sensor data for OWC-WTE,,2024-01-01,2024-12-31,,OWC_2024
OWC_WTE_2024_gw-tds_L2_v2-1.parquet,Year 2024 sensor data for WTE plot at OWC site,,2024-01-01,2024-12-31,'NA',OWC_2024
OWC_WTE_2024_gw-tds_L2_v2-1.pdf,Plots of Jan 2024 sensor data for OWC-WTE,,2024-01-01,2024-12-31,,OWC_2024
OWC_WTE_2024_gw-temperature_L2_v2-1.parquet,Year 2024 sensor data for WTE plot at OWC site,,2024-01-01,2024-12-31,'NA',OWC_2024
OWC_WTE_2024_gw-temperature_L2_v2-1.pdf,Plots of Jan 2024 sensor data for OWC-WTE,,2024-01-01,2024-12-31,,OWC_2024
OWC_WTE_2024_gw-voltage-ext_L2_v2-1.parquet,Year 2024 sensor data for WTE plot at OWC site,,2024-01-01,2024-12-31,'NA',OWC_2024
OWC_WTE_2024_gw-voltage-ext_L2_v2-1.pdf,Plots of Jan 2024 sensor data for OWC-WTE,,2024-01-01,2024-12-31,,OWC_2024
OWC_2025_L2_v2-1_metadata.txt,Metadata for all data files in OWC_2025 folder,,,,,OWC_2025
OWC_OW_2025_battery-voltage_L2_v2-1.parquet,Year 2025 sensor data for OW plot at OWC site,,2025-01-01,2025-12-31,'NA',OWC_2025
OWC_OW_2025_battery-voltage_L2_v2-1.pdf,Plots of Jan 2025 sensor data for OWC-OW,,2025-01-01,2025-12-31,,OWC_2025
OWC_OW_2025_sonde-bga-pc_L2_v2-1.parquet,Year 2025 sensor data for OW plot at OWC site,,2025-01-01,2025-12-31,'NA',OWC_2025
OWC_OW_2025_sonde-bga-pc_L2_v2-1.pdf,Plots of Jan 2025 sensor data for OWC-OW,,2025-01-01,2025-12-31,,OWC_2025
OWC_OW_2025_sonde-bga-pc-raw_L2_v2-1.parquet,Year 2025 sensor data for OW plot at OWC site,,2025-01-01,2025-12-31,'NA',OWC_2025
OWC_OW_2025_sonde-bga-pc-raw_L2_v2-1.pdf,Plots of Jan 2025 sensor data for OWC-OW,,2025-01-01,2025-12-31,,OWC_2025
OWC_OW_2025_sonde-cable_L2_v2-1.parquet,Year 2025 sensor data for OW plot at OWC site,,2025-01-01,2025-12-31,'NA',OWC_2025
OWC_OW_2025_sonde-cable_L2_v2-1.pdf,Plots of Jan 2025 sensor data for OWC-OW,,2025-01-01,2025-12-31,,OWC_2025
OWC_OW_2025_sonde-chl-cells_L2_v2-1.parquet,Year 2025 sensor data for OW plot at OWC site,,2025-01-01,2025-12-31,'NA',OWC_2025
OWC_OW_2025_sonde-chl-cells_L2_v2-1.pdf,Plots of Jan 2025 sensor data for OWC-OW,,2025-01-01,2025-12-31,,OWC_2025
OWC_OW_2025_sonde-chl-raw_L2_v2-1.parquet,Year 2025 sensor data for OW plot at OWC site,,2025-01-01,2025-12-31,'NA',OWC_2025
OWC_OW_2025_sonde-chl-raw_L2_v2-1.pdf,Plots of Jan 2025 sensor data for OWC-OW,,2025-01-01,2025-12-31,,OWC_2025
OWC_OW_2025_sonde-chl-rfu_L2_v2-1.parquet,Year 2025 sensor data for OW plot at OWC site,,2025-01-01,2025-12-31,'NA',OWC_2025
OWC_OW_2025_sonde-chl-rfu_L2_v2-1.pdf,Plots of Jan 2025 sensor data for OWC-OW,,2025-01-01,2025-12-31,,OWC_2025
OWC_OW_2025_sonde-chlorophyl_L2_v2-1.parquet,Year 2025 sensor data for OW plot at OWC site,,2025-01-01,2025-12-31,'NA',OWC_2025
OWC_OW_2025_sonde-chlorophyl_L2_v2-1.pdf,Plots of Jan 2025 sensor data for OWC-OW,,2025-01-01,2025-12-31,,OWC_2025
OWC_OW_2025_sonde-conductivity_L2_v2-1.parquet,Year 2025 sensor data for OW plot at OWC site,,2025-01-01,2025-12-31,'NA',OWC_2025
OWC_OW_2025_sonde-conductivity_L2_v2-1.pdf,Plots of Jan 2025 sensor data for OWC-OW,,2025-01-01,2025-12-31,,OWC_2025
OWC_OW_2025_sonde-fdom_L2_v2-1.parquet,Year 2025 sensor data for OW plot at OWC site,,2025-01-01,2025-12-31,'NA',OWC_2025
OWC_OW_2025_sonde-fdom_L2_v2-1.pdf,Plots of Jan 2025 sensor data for OWC-OW,,2025-01-01,2025-12-31,,OWC_2025
OWC_OW_2025_sonde-fdom-rfu_L2_v2-1.parquet,Year 2025 sensor data for OW plot at OWC site,,2025-01-01,2025-12-31,'NA',OWC_2025
OWC_OW_2025_sonde-fdom-rfu_L2_v2-1.pdf,Plots of Jan 2025 sensor data for OWC-OW,,2025-01-01,2025-12-31,,OWC_2025
OWC_OW_2025_sonde-nlf-cond_L2_v2-1.parquet,Year 2025 sensor data for OW plot at OWC site,,2025-01-01,2025-12-31,'NA',OWC_2025
OWC_OW_2025_sonde-nlf-cond_L2_v2-1.pdf,Plots of Jan 2025 sensor data for OWC-OW,,2025-01-01,2025-12-31,,OWC_2025
OWC_OW_2025_sonde-odo-local_L2_v2-1.parquet,Year 2025 sensor data for OW plot at OWC site,,2025-01-01,2025-12-31,'NA',OWC_2025
OWC_OW_2025_sonde-odo-local_L2_v2-1.pdf,Plots of Jan 2025 sensor data for OWC-OW,,2025-01-01,2025-12-31,,OWC_2025
OWC_OW_2025_sonde-odo-mgl_L2_v2-1.parquet,Year 2025 sensor data for OW plot at OWC site,,2025-01-01,2025-12-31,'NA',OWC_2025
OWC_OW_2025_sonde-odo-mgl_L2_v2-1.pdf,Plots of Jan 2025 sensor data for OWC-OW,,2025-01-01,2025-12-31,,OWC_2025
OWC_OW_2025_sonde-odo-sat_L2_v2-1.parquet,Year 2025 sensor data for OW plot at OWC site,,2025-01-01,2025-12-31,'NA',OWC_2025
OWC_OW_2025_sonde-odo-sat_L2_v2-1.pdf,Plots of Jan 2025 sensor data for OWC-OW,,2025-01-01,2025-12-31,,OWC_2025
OWC_OW_2025_sonde-ph_L2_v2-1.parquet,Year 2025 sensor data for OW plot at OWC site,,2025-01-01,2025-12-31,'NA',OWC_2025
OWC_OW_2025_sonde-ph_L2_v2-1.pdf,Plots of Jan 2025 sensor data for OWC-OW,,2025-01-01,2025-12-31,,OWC_2025
OWC_OW_2025_sonde-ph-mv_L2_v2-1.parquet,Year 2025 sensor data for OW plot at OWC site,,2025-01-01,2025-12-31,'NA',OWC_2025
OWC_OW_2025_sonde-ph-mv_L2_v2-1.pdf,Plots of Jan 2025 sensor data for OWC-OW,,2025-01-01,2025-12-31,,OWC_2025
OWC_OW_2025_sonde-pressure_L2_v2-1.parquet,Year 2025 sensor data for OW plot at OWC site,,2025-01-01,2025-12-31,'NA',OWC_2025
OWC_OW_2025_sonde-pressure_L2_v2-1.pdf,Plots of Jan 2025 sensor data for OWC-OW,,2025-01-01,2025-12-31,,OWC_2025
OWC_OW_2025_sonde-rhodamine_L2_v2-1.parquet,Year 2025 sensor data for OW plot at OWC site,,2025-01-01,2025-12-31,'NA',OWC_2025
OWC_OW_2025_sonde-rhodamine_L2_v2-1.pdf,Plots of Jan 2025 sensor data for OWC-OW,,2025-01-01,2025-12-31,,OWC_2025
OWC_OW_2025_sonde-salinity_L2_v2-1.parquet,Year 2025 sensor data for OW plot at OWC site,,2025-01-01,2025-12-31,'NA',OWC_2025
OWC_OW_2025_sonde-salinity_L2_v2-1.pdf,Plots of Jan 2025 sensor data for OWC-OW,,2025-01-01,2025-12-31,,OWC_2025
OWC_OW_2025_sonde-spcond_L2_v2-1.parquet,Year 2025 sensor data for OW plot at OWC site,,2025-01-01,2025-12-31,'NA',OWC_2025
OWC_OW_2025_sonde-spcond_L2_v2-1.pdf,Plots of Jan 2025 sensor data for OWC-OW,,2025-01-01,2025-12-31,,OWC_2025
OWC_OW_2025_sonde-tal_L2_v2-1.parquet,Year 2025 sensor data for OW plot at OWC site,,2025-01-01,2025-12-31,'NA',OWC_2025
OWC_OW_2025_sonde-tal_L2_v2-1.pdf,Plots of Jan 2025 sensor data for OWC-OW,,2025-01-01,2025-12-31,,OWC_2025
OWC_OW_2025_sonde-temp_L2_v2-1.parquet,Year 2025 sensor data for OW plot at OWC site,,2025-01-01,2025-12-31,'NA',OWC_2025
OWC_OW_2025_sonde-temp_L2_v2-1.pdf,Plots of Jan 2025 sensor data for OWC-OW,,2025-01-01,2025-12-31,,OWC_2025
OWC_OW_2025_sonde-wipercur_L2_v2-1.parquet,Year 2025 sensor data for OW plot at OWC site,,2025-01-01,2025-12-31,'NA',OWC_2025
OWC_OW_2025_sonde-wipercur_L2_v2-1.pdf,Plots of Jan 2025 sensor data for OWC-OW,,2025-01-01,2025-12-31,,OWC_2025
OWC_OW_2025_sonde-wiperpos_L2_v2-1.parquet,Year 2025 sensor data for OW plot at OWC site,,2025-01-01,2025-12-31,'NA',OWC_2025
OWC_OW_2025_sonde-wiperpos_L2_v2-1.pdf,Plots of Jan 2025 sensor data for OWC-OW,,2025-01-01,2025-12-31,,OWC_2025
OWC_TR_2025_battery-voltage_L2_v2-1.parquet,Year 2025 sensor data for TR plot at OWC site,,2025-01-01,2025-12-31,'NA',OWC_2025
OWC_TR_2025_battery-voltage_L2_v2-1.pdf,Plots of Jan 2025 sensor data for OWC-TR,,2025-01-01,2025-12-31,,OWC_2025
OWC_TR_2025_gw-act-cond_L2_v2-1.parquet,Year 2025 sensor data for TR plot at OWC site,,2025-01-01,2025-12-31,'NA',OWC_2025
OWC_TR_2025_gw-act-cond_L2_v2-1.pdf,Plots of Jan 2025 sensor data for OWC-TR,,2025-01-01,2025-12-31,,OWC_2025
OWC_TR_2025_gw-bar-pressure_L2_v2-1.parquet,Year 2025 sensor data for TR plot at OWC site,,2025-01-01,2025-12-31,'NA',OWC_2025
OWC_TR_2025_gw-bar-pressure_L2_v2-1.pdf,Plots of Jan 2025 sensor data for OWC-TR,,2025-01-01,2025-12-31,,OWC_2025
OWC_TR_2025_gw-battery_L2_v2-1.parquet,Year 2025 sensor data for TR plot at OWC site,,2025-01-01,2025-12-31,'NA',OWC_2025
OWC_TR_2025_gw-battery_L2_v2-1.pdf,Plots of Jan 2025 sensor data for OWC-TR,,2025-01-01,2025-12-31,,OWC_2025
OWC_TR_2025_gw-density_L2_v2-1.parquet,Year 2025 sensor data for TR plot at OWC site,,2025-01-01,2025-12-31,'NA',OWC_2025
OWC_TR_2025_gw-density_L2_v2-1.pdf,Plots of Jan 2025 sensor data for OWC-TR,,2025-01-01,2025-12-31,,OWC_2025
OWC_TR_2025_gw-depth_L2_v2-1.parquet,Year 2025 sensor data for TR plot at OWC site,,2025-01-01,2025-12-31,'NA',OWC_2025
OWC_TR_2025_gw-depth_L2_v2-1.pdf,Plots of Jan 2025 sensor data for OWC-TR,,2025-01-01,2025-12-31,,OWC_2025
OWC_TR_2025_gw-part-pressure_L2_v2-1.parquet,Year 2025 sensor data for TR plot at OWC site,,2025-01-01,2025-12-31,'NA',OWC_2025
OWC_TR_2025_gw-part-pressure_L2_v2-1.pdf,Plots of Jan 2025 sensor data for OWC-TR,,2025-01-01,2025-12-31,,OWC_2025
OWC_TR_2025_gw-perc-sat_L2_v2-1.parquet,Year 2025 sensor data for TR plot at OWC site,,2025-01-01,2025-12-31,'NA',OWC_2025
OWC_TR_2025_gw-perc-sat_L2_v2-1.pdf,Plots of Jan 2025 sensor data for OWC-TR,,2025-01-01,2025-12-31,,OWC_2025
OWC_TR_2025_gw-ph_L2_v2-1.parquet,Year 2025 sensor data for TR plot at OWC site,,2025-01-01,2025-12-31,'NA',OWC_2025
OWC_TR_2025_gw-ph_L2_v2-1.pdf,Plots of Jan 2025 sensor data for OWC-TR,,2025-01-01,2025-12-31,,OWC_2025
OWC_TR_2025_gw-ph-mv_L2_v2-1.parquet,Year 2025 sensor data for TR plot at OWC site,,2025-01-01,2025-12-31,'NA',OWC_2025
OWC_TR_2025_gw-ph-mv_L2_v2-1.pdf,Plots of Jan 2025 sensor data for OWC-TR,,2025-01-01,2025-12-31,,OWC_2025
OWC_TR_2025_gw-ph-orp_L2_v2-1.parquet,Year 2025 sensor data for TR plot at OWC site,,2025-01-01,2025-12-31,'NA',OWC_2025
OWC_TR_2025_gw-ph-orp_L2_v2-1.pdf,Plots of Jan 2025 sensor data for OWC-TR,,2025-01-01,2025-12-31,,OWC_2025
OWC_TR_2025_gw-pressure-vented_L2_v2-1.parquet,Year 2025 sensor data for TR plot at OWC site,,2025-01-01,2025-12-31,'NA',OWC_2025
OWC_TR_2025_gw-pressure-vented_L2_v2-1.pdf,Plots of Jan 2025 sensor data for OWC-TR,,2025-01-01,2025-12-31,,OWC_2025
OWC_TR_2025_gw-rdo-conc_L2_v2-1.parquet,Year 2025 sensor data for TR plot at OWC site,,2025-01-01,2025-12-31,'NA',OWC_2025
OWC_TR_2025_gw-rdo-conc_L2_v2-1.pdf,Plots of Jan 2025 sensor data for OWC-TR,,2025-01-01,2025-12-31,,OWC_2025
OWC_TR_2025_gw-resistivity_L2_v2-1.parquet,Year 2025 sensor data for TR plot at OWC site,,2025-01-01,2025-12-31,'NA',OWC_2025
OWC_TR_2025_gw-resistivity_L2_v2-1.pdf,Plots of Jan 2025 sensor data for OWC-TR,,2025-01-01,2025-12-31,,OWC_2025
OWC_TR_2025_gw-salinity_L2_v2-1.parquet,Year 2025 sensor data for TR plot at OWC site,,2025-01-01,2025-12-31,'NA',OWC_2025
OWC_TR_2025_gw-salinity_L2_v2-1.pdf,Plots of Jan 2025 sensor data for OWC-TR,,2025-01-01,2025-12-31,,OWC_2025
OWC_TR_2025_gw-spec-cond_L2_v2-1.parquet,Year 2025 sensor data for TR plot at OWC site,,2025-01-01,2025-12-31,'NA',OWC_2025
OWC_TR_2025_gw-spec-cond_L2_v2-1.pdf,Plots of Jan 2025 sensor data for OWC-TR,,2025-01-01,2025-12-31,,OWC_2025
OWC_TR_2025_gw-tds_L2_v2-1.parquet,Year 2025 sensor data for TR plot at OWC site,,2025-01-01,2025-12-31,'NA',OWC_2025
OWC_TR_2025_gw-tds_L2_v2-1.pdf,Plots of Jan 2025 sensor data for OWC-TR,,2025-01-01,2025-12-31,,OWC_2025
OWC_TR_2025_gw-temperature_L2_v2-1.parquet,Year 2025 sensor data for TR plot at OWC site,,2025-01-01,2025-12-31,'NA',OWC_2025
OWC_TR_2025_gw-temperature_L2_v2-1.pdf,Plots of Jan 2025 sensor data for OWC-TR,,2025-01-01,2025-12-31,,OWC_2025
OWC_TR_2025_gw-voltage-ext_L2_v2-1.parquet,Year 2025 sensor data for TR plot at OWC site,,2025-01-01,2025-12-31,'NA',OWC_2025
OWC_TR_2025_gw-voltage-ext_L2_v2-1.pdf,Plots of Jan 2025 sensor data for OWC-TR,,2025-01-01,2025-12-31,,OWC_2025
OWC_TR_2025_gw-wl-below-surface_L2_v2-1.parquet,Year 2025 sensor data for TR plot at OWC site,,2025-01-01,2025-12-31,'NA',OWC_2025
OWC_TR_2025_gw-wl-below-surface_L2_v2-1.pdf,Plots of Jan 2025 sensor data for OWC-TR,,2025-01-01,2025-12-31,,OWC_2025
OWC_TR_2025_sapflow-3.5cm_L2_v2-1.parquet,Year 2025 sensor data for TR plot at OWC site,,2025-01-01,2025-12-31,'NA',OWC_2025
OWC_TR_2025_sapflow-3.5cm_L2_v2-1.pdf,Plots of Jan 2025 sensor data for OWC-TR,,2025-01-01,2025-12-31,,OWC_2025
OWC_TR_2025_soil-EC-10cm_L2_v2-1.parquet,Year 2025 sensor data for TR plot at OWC site,,2025-01-01,2025-12-31,'NA',OWC_2025
OWC_TR_2025_soil-EC-10cm_L2_v2-1.pdf,Plots of Jan 2025 sensor data for OWC-TR,,2025-01-01,2025-12-31,,OWC_2025
OWC_TR_2025_soil-EC-30cm_L2_v2-1.parquet,Year 2025 sensor data for TR plot at OWC site,,2025-01-01,2025-12-31,'NA',OWC_2025
OWC_TR_2025_soil-EC-30cm_L2_v2-1.pdf,Plots of Jan 2025 sensor data for OWC-TR,,2025-01-01,2025-12-31,,OWC_2025
OWC_TR_2025_soil-salinity-10cm_L2_v2-1.parquet,Year 2025 sensor data for TR plot at OWC site,,2025-01-01,2025-12-31,'NA',OWC_2025
OWC_TR_2025_soil-salinity-10cm_L2_v2-1.pdf,Plots of Jan 2025 sensor data for OWC-TR,,2025-01-01,2025-12-31,,OWC_2025
OWC_TR_2025_soil-salinity-30cm_L2_v2-1.parquet,Year 2025 sensor data for TR plot at OWC site,,2025-01-01,2025-12-31,'NA',OWC_2025
OWC_TR_2025_soil-salinity-30cm_L2_v2-1.pdf,Plots of Jan 2025 sensor data for OWC-TR,,2025-01-01,2025-12-31,,OWC_2025
OWC_TR_2025_soil-temp-10cm_L2_v2-1.parquet,Year 2025 sensor data for TR plot at OWC site,,2025-01-01,2025-12-31,'NA',OWC_2025
OWC_TR_2025_soil-temp-10cm_L2_v2-1.pdf,Plots of Jan 2025 sensor data for OWC-TR,,2025-01-01,2025-12-31,,OWC_2025
OWC_TR_2025_soil-temp-30cm_L2_v2-1.parquet,Year 2025 sensor data for TR plot at OWC site,,2025-01-01,2025-12-31,'NA',OWC_2025
OWC_TR_2025_soil-temp-30cm_L2_v2-1.pdf,Plots of Jan 2025 sensor data for OWC-TR,,2025-01-01,2025-12-31,,OWC_2025
OWC_TR_2025_soil-vwc-10cm_L2_v2-1.parquet,Year 2025 sensor data for TR plot at OWC site,,2025-01-01,2025-12-31,'NA',OWC_2025
OWC_TR_2025_soil-vwc-10cm_L2_v2-1.pdf,Plots of Jan 2025 sensor data for OWC-TR,,2025-01-01,2025-12-31,,OWC_2025
OWC_TR_2025_soil-vwc-30cm_L2_v2-1.parquet,Year 2025 sensor data for TR plot at OWC site,,2025-01-01,2025-12-31,'NA',OWC_2025
OWC_TR_2025_soil-vwc-30cm_L2_v2-1.pdf,Plots of Jan 2025 sensor data for OWC-TR,,2025-01-01,2025-12-31,,OWC_2025
OWC_TR_2025_solar-voltage_L2_v2-1.parquet,Year 2025 sensor data for TR plot at OWC site,,2025-01-01,2025-12-31,'NA',OWC_2025
OWC_TR_2025_solar-voltage_L2_v2-1.pdf,Plots of Jan 2025 sensor data for OWC-TR,,2025-01-01,2025-12-31,,OWC_2025
OWC_UP_2025_battery-voltage_L2_v2-1.parquet,Year 2025 sensor data for UP plot at OWC site,,2025-01-01,2025-12-31,'NA',OWC_2025
OWC_UP_2025_battery-voltage_L2_v2-1.pdf,Plots of Jan 2025 sensor data for OWC-UP,,2025-01-01,2025-12-31,,OWC_2025
OWC_UP_2025_sapflow-3.5cm_L2_v2-1.parquet,Year 2025 sensor data for UP plot at OWC site,,2025-01-01,2025-12-31,'NA',OWC_2025
OWC_UP_2025_sapflow-3.5cm_L2_v2-1.pdf,Plots of Jan 2025 sensor data for OWC-UP,,2025-01-01,2025-12-31,,OWC_2025
OWC_UP_2025_soil-EC-10cm_L2_v2-1.parquet,Year 2025 sensor data for UP plot at OWC site,,2025-01-01,2025-12-31,'NA',OWC_2025
OWC_UP_2025_soil-EC-10cm_L2_v2-1.pdf,Plots of Jan 2025 sensor data for OWC-UP,,2025-01-01,2025-12-31,,OWC_2025
OWC_UP_2025_soil-EC-30cm_L2_v2-1.parquet,Year 2025 sensor data for UP plot at OWC site,,2025-01-01,2025-12-31,'NA',OWC_2025
OWC_UP_2025_soil-EC-30cm_L2_v2-1.pdf,Plots of Jan 2025 sensor data for OWC-UP,,2025-01-01,2025-12-31,,OWC_2025
OWC_UP_2025_soil-salinity-10cm_L2_v2-1.parquet,Year 2025 sensor data for UP plot at OWC site,,2025-01-01,2025-12-31,'NA',OWC_2025
OWC_UP_2025_soil-salinity-10cm_L2_v2-1.pdf,Plots of Jan 2025 sensor data for OWC-UP,,2025-01-01,2025-12-31,,OWC_2025
OWC_UP_2025_soil-salinity-30cm_L2_v2-1.parquet,Year 2025 sensor data for UP plot at OWC site,,2025-01-01,2025-12-31,'NA',OWC_2025
OWC_UP_2025_soil-salinity-30cm_L2_v2-1.pdf,Plots of Jan 2025 sensor data for OWC-UP,,2025-01-01,2025-12-31,,OWC_2025
OWC_UP_2025_soil-temp-10cm_L2_v2-1.parquet,Year 2025 sensor data for UP plot at OWC site,,2025-01-01,2025-12-31,'NA',OWC_2025
OWC_UP_2025_soil-temp-10cm_L2_v2-1.pdf,Plots of Jan 2025 sensor data for OWC-UP,,2025-01-01,2025-12-31,,OWC_2025
OWC_UP_2025_soil-temp-30cm_L2_v2-1.parquet,Year 2025 sensor data for UP plot at OWC site,,2025-01-01,2025-12-31,'NA',OWC_2025
OWC_UP_2025_soil-temp-30cm_L2_v2-1.pdf,Plots of Jan 2025 sensor data for OWC-UP,,2025-01-01,2025-12-31,,OWC_2025
OWC_UP_2025_soil-vwc-10cm_L2_v2-1.parquet,Year 2025 sensor data for UP plot at OWC site,,2025-01-01,2025-12-31,'NA',OWC_2025
OWC_UP_2025_soil-vwc-10cm_L2_v2-1.pdf,Plots of Jan 2025 sensor data for OWC-UP,,2025-01-01,2025-12-31,,OWC_2025
OWC_UP_2025_soil-vwc-30cm_L2_v2-1.parquet,Year 2025 sensor data for UP plot at OWC site,,2025-01-01,2025-12-31,'NA',OWC_2025
OWC_UP_2025_soil-vwc-30cm_L2_v2-1.pdf,Plots of Jan 2025 sensor data for OWC-UP,,2025-01-01,2025-12-31,,OWC_2025
OWC_UP_2025_solar-voltage_L2_v2-1.parquet,Year 2025 sensor data for UP plot at OWC site,,2025-01-01,2025-12-31,'NA',OWC_2025
OWC_UP_2025_solar-voltage_L2_v2-1.pdf,Plots of Jan 2025 sensor data for OWC-UP,,2025-01-01,2025-12-31,,OWC_2025
OWC_W_2025_battery-voltage_L2_v2-1.parquet,Year 2025 sensor data for W plot at OWC site,,2025-01-01,2025-12-31,'NA',OWC_2025
OWC_W_2025_battery-voltage_L2_v2-1.pdf,Plots of Jan 2025 sensor data for OWC-W,,2025-01-01,2025-12-31,,OWC_2025
OWC_W_2025_gw-act-cond_L2_v2-1.parquet,Year 2025 sensor data for W plot at OWC site,,2025-01-01,2025-12-31,'NA',OWC_2025
OWC_W_2025_gw-act-cond_L2_v2-1.pdf,Plots of Jan 2025 sensor data for OWC-W,,2025-01-01,2025-12-31,,OWC_2025
OWC_W_2025_gw-bar-pressure_L2_v2-1.parquet,Year 2025 sensor data for W plot at OWC site,,2025-01-01,2025-12-31,'NA',OWC_2025
OWC_W_2025_gw-bar-pressure_L2_v2-1.pdf,Plots of Jan 2025 sensor data for OWC-W,,2025-01-01,2025-12-31,,OWC_2025
OWC_W_2025_gw-battery_L2_v2-1.parquet,Year 2025 sensor data for W plot at OWC site,,2025-01-01,2025-12-31,'NA',OWC_2025
OWC_W_2025_gw-battery_L2_v2-1.pdf,Plots of Jan 2025 sensor data for OWC-W,,2025-01-01,2025-12-31,,OWC_2025
OWC_W_2025_gw-density_L2_v2-1.parquet,Year 2025 sensor data for W plot at OWC site,,2025-01-01,2025-12-31,'NA',OWC_2025
OWC_W_2025_gw-density_L2_v2-1.pdf,Plots of Jan 2025 sensor data for OWC-W,,2025-01-01,2025-12-31,,OWC_2025
OWC_W_2025_gw-depth_L2_v2-1.parquet,Year 2025 sensor data for W plot at OWC site,,2025-01-01,2025-12-31,'NA',OWC_2025
OWC_W_2025_gw-depth_L2_v2-1.pdf,Plots of Jan 2025 sensor data for OWC-W,,2025-01-01,2025-12-31,,OWC_2025
OWC_W_2025_gw-part-pressure_L2_v2-1.parquet,Year 2025 sensor data for W plot at OWC site,,2025-01-01,2025-12-31,'NA',OWC_2025
OWC_W_2025_gw-part-pressure_L2_v2-1.pdf,Plots of Jan 2025 sensor data for OWC-W,,2025-01-01,2025-12-31,,OWC_2025
OWC_W_2025_gw-perc-sat_L2_v2-1.parquet,Year 2025 sensor data for W plot at OWC site,,2025-01-01,2025-12-31,'NA',OWC_2025
OWC_W_2025_gw-perc-sat_L2_v2-1.pdf,Plots of Jan 2025 sensor data for OWC-W,,2025-01-01,2025-12-31,,OWC_2025
OWC_W_2025_gw-ph_L2_v2-1.parquet,Year 2025 sensor data for W plot at OWC site,,2025-01-01,2025-12-31,'NA',OWC_2025
OWC_W_2025_gw-ph_L2_v2-1.pdf,Plots of Jan 2025 sensor data for OWC-W,,2025-01-01,2025-12-31,,OWC_2025
OWC_W_2025_gw-ph-mv_L2_v2-1.parquet,Year 2025 sensor data for W plot at OWC site,,2025-01-01,2025-12-31,'NA',OWC_2025
OWC_W_2025_gw-ph-mv_L2_v2-1.pdf,Plots of Jan 2025 sensor data for OWC-W,,2025-01-01,2025-12-31,,OWC_2025
OWC_W_2025_gw-ph-orp_L2_v2-1.parquet,Year 2025 sensor data for W plot at OWC site,,2025-01-01,2025-12-31,'NA',OWC_2025
OWC_W_2025_gw-ph-orp_L2_v2-1.pdf,Plots of Jan 2025 sensor data for OWC-W,,2025-01-01,2025-12-31,,OWC_2025
OWC_W_2025_gw-pressure-vented_L2_v2-1.parquet,Year 2025 sensor data for W plot at OWC site,,2025-01-01,2025-12-31,'NA',OWC_2025
OWC_W_2025_gw-pressure-vented_L2_v2-1.pdf,Plots of Jan 2025 sensor data for OWC-W,,2025-01-01,2025-12-31,,OWC_2025
OWC_W_2025_gw-rdo-conc_L2_v2-1.parquet,Year 2025 sensor data for W plot at OWC site,,2025-01-01,2025-12-31,'NA',OWC_2025
OWC_W_2025_gw-rdo-conc_L2_v2-1.pdf,Plots of Jan 2025 sensor data for OWC-W,,2025-01-01,2025-12-31,,OWC_2025
OWC_W_2025_gw-resistivity_L2_v2-1.parquet,Year 2025 sensor data for W plot at OWC site,,2025-01-01,2025-12-31,'NA',OWC_2025
OWC_W_2025_gw-resistivity_L2_v2-1.pdf,Plots of Jan 2025 sensor data for OWC-W,,2025-01-01,2025-12-31,,OWC_2025
OWC_W_2025_gw-salinity_L2_v2-1.parquet,Year 2025 sensor data for W plot at OWC site,,2025-01-01,2025-12-31,'NA',OWC_2025
OWC_W_2025_gw-salinity_L2_v2-1.pdf,Plots of Jan 2025 sensor data for OWC-W,,2025-01-01,2025-12-31,,OWC_2025
OWC_W_2025_gw-spec-cond_L2_v2-1.parquet,Year 2025 sensor data for W plot at OWC site,,2025-01-01,2025-12-31,'NA',OWC_2025
OWC_W_2025_gw-spec-cond_L2_v2-1.pdf,Plots of Jan 2025 sensor data for OWC-W,,2025-01-01,2025-12-31,,OWC_2025
OWC_W_2025_gw-tds_L2_v2-1.parquet,Year 2025 sensor data for W plot at OWC site,,2025-01-01,2025-12-31,'NA',OWC_2025
OWC_W_2025_gw-tds_L2_v2-1.pdf,Plots of Jan 2025 sensor data for OWC-W,,2025-01-01,2025-12-31,,OWC_2025
OWC_W_2025_gw-temperature_L2_v2-1.parquet,Year 2025 sensor data for W plot at OWC site,,2025-01-01,2025-12-31,'NA',OWC_2025
OWC_W_2025_gw-temperature_L2_v2-1.pdf,Plots of Jan 2025 sensor data for OWC-W,,2025-01-01,2025-12-31,,OWC_2025
OWC_W_2025_gw-voltage-ext_L2_v2-1.parquet,Year 2025 sensor data for W plot at OWC site,,2025-01-01,2025-12-31,'NA',OWC_2025
OWC_W_2025_gw-voltage-ext_L2_v2-1.pdf,Plots of Jan 2025 sensor data for OWC-W,,2025-01-01,2025-12-31,,OWC_2025
OWC_W_2025_soil-EC-10cm_L2_v2-1.parquet,Year 2025 sensor data for W plot at OWC site,,2025-01-01,2025-12-31,'NA',OWC_2025
OWC_W_2025_soil-EC-10cm_L2_v2-1.pdf,Plots of Jan 2025 sensor data for OWC-W,,2025-01-01,2025-12-31,,OWC_2025
OWC_W_2025_soil-EC-30cm_L2_v2-1.parquet,Year 2025 sensor data for W plot at OWC site,,2025-01-01,2025-12-31,'NA',OWC_2025
OWC_W_2025_soil-EC-30cm_L2_v2-1.pdf,Plots of Jan 2025 sensor data for OWC-W,,2025-01-01,2025-12-31,,OWC_2025
OWC_W_2025_soil-salinity-10cm_L2_v2-1.parquet,Year 2025 sensor data for W plot at OWC site,,2025-01-01,2025-12-31,'NA',OWC_2025
OWC_W_2025_soil-salinity-10cm_L2_v2-1.pdf,Plots of Jan 2025 sensor data for OWC-W,,2025-01-01,2025-12-31,,OWC_2025
OWC_W_2025_soil-salinity-30cm_L2_v2-1.parquet,Year 2025 sensor data for W plot at OWC site,,2025-01-01,2025-12-31,'NA',OWC_2025
OWC_W_2025_soil-salinity-30cm_L2_v2-1.pdf,Plots of Jan 2025 sensor data for OWC-W,,2025-01-01,2025-12-31,,OWC_2025
OWC_W_2025_soil-temp-10cm_L2_v2-1.parquet,Year 2025 sensor data for W plot at OWC site,,2025-01-01,2025-12-31,'NA',OWC_2025
OWC_W_2025_soil-temp-10cm_L2_v2-1.pdf,Plots of Jan 2025 sensor data for OWC-W,,2025-01-01,2025-12-31,,OWC_2025
OWC_W_2025_soil-temp-30cm_L2_v2-1.parquet,Year 2025 sensor data for W plot at OWC site,,2025-01-01,2025-12-31,'NA',OWC_2025
OWC_W_2025_soil-temp-30cm_L2_v2-1.pdf,Plots of Jan 2025 sensor data for OWC-W,,2025-01-01,2025-12-31,,OWC_2025
OWC_W_2025_soil-vwc-10cm_L2_v2-1.parquet,Year 2025 sensor data for W plot at OWC site,,2025-01-01,2025-12-31,'NA',OWC_2025
OWC_W_2025_soil-vwc-10cm_L2_v2-1.pdf,Plots of Jan 2025 sensor data for OWC-W,,2025-01-01,2025-12-31,,OWC_2025
OWC_W_2025_soil-vwc-30cm_L2_v2-1.parquet,Year 2025 sensor data for W plot at OWC site,,2025-01-01,2025-12-31,'NA',OWC_2025
OWC_W_2025_soil-vwc-30cm_L2_v2-1.pdf,Plots of Jan 2025 sensor data for OWC-W,,2025-01-01,2025-12-31,,OWC_2025
OWC_W_2025_solar-voltage_L2_v2-1.parquet,Year 2025 sensor data for W plot at OWC site,,2025-01-01,2025-12-31,'NA',OWC_2025
OWC_W_2025_solar-voltage_L2_v2-1.pdf,Plots of Jan 2025 sensor data for OWC-W,,2025-01-01,2025-12-31,,OWC_2025
OWC_W_2025_wx-barpress15_L2_v2-1.parquet,Year 2025 sensor data for W plot at OWC site,,2025-01-01,2025-12-31,'NA',OWC_2025
OWC_W_2025_wx-barpress15_L2_v2-1.pdf,Plots of Jan 2025 sensor data for OWC-W,,2025-01-01,2025-12-31,,OWC_2025
OWC_W_2025_wx-bpmax15_L2_v2-1.parquet,Year 2025 sensor data for W plot at OWC site,,2025-01-01,2025-12-31,'NA',OWC_2025
OWC_W_2025_wx-bpmax15_L2_v2-1.pdf,Plots of Jan 2025 sensor data for OWC-W,,2025-01-01,2025-12-31,,OWC_2025
OWC_W_2025_wx-bpmin15_L2_v2-1.parquet,Year 2025 sensor data for W plot at OWC site,,2025-01-01,2025-12-31,'NA',OWC_2025
OWC_W_2025_wx-bpmin15_L2_v2-1.pdf,Plots of Jan 2025 sensor data for OWC-W,,2025-01-01,2025-12-31,,OWC_2025
OWC_W_2025_wx-dist-min15_L2_v2-1.parquet,Year 2025 sensor data for W plot at OWC site,,2025-01-01,2025-12-31,'NA',OWC_2025
OWC_W_2025_wx-dist-min15_L2_v2-1.pdf,Plots of Jan 2025 sensor data for OWC-W,,2025-01-01,2025-12-31,,OWC_2025
OWC_W_2025_wx-invalid-wind15_L2_v2-1.parquet,Year 2025 sensor data for W plot at OWC site,,2025-01-01,2025-12-31,'NA',OWC_2025
OWC_W_2025_wx-invalid-wind15_L2_v2-1.pdf,Plots of Jan 2025 sensor data for OWC-W,,2025-01-01,2025-12-31,,OWC_2025
OWC_W_2025_wx-maxws15_L2_v2-1.parquet,Year 2025 sensor data for W plot at OWC site,,2025-01-01,2025-12-31,'NA',OWC_2025
OWC_W_2025_wx-maxws15_L2_v2-1.pdf,Plots of Jan 2025 sensor data for OWC-W,,2025-01-01,2025-12-31,,OWC_2025
OWC_W_2025_wx-maxws24_L2_v2-1.parquet,Year 2025 sensor data for W plot at OWC site,,2025-01-01,2025-12-31,'NA',OWC_2025
OWC_W_2025_wx-maxws24_L2_v2-1.pdf,Plots of Jan 2025 sensor data for OWC-W,,2025-01-01,2025-12-31,,OWC_2025
OWC_W_2025_wx-par-den15_L2_v2-1.parquet,Year 2025 sensor data for W plot at OWC site,,2025-01-01,2025-12-31,'NA',OWC_2025
OWC_W_2025_wx-par-den15_L2_v2-1.pdf,Plots of Jan 2025 sensor data for OWC-W,,2025-01-01,2025-12-31,,OWC_2025
OWC_W_2025_wx-par-den24_L2_v2-1.parquet,Year 2025 sensor data for W plot at OWC site,,2025-01-01,2025-12-31,'NA',OWC_2025
OWC_W_2025_wx-par-den24_L2_v2-1.pdf,Plots of Jan 2025 sensor data for OWC-W,,2025-01-01,2025-12-31,,OWC_2025
OWC_W_2025_wx-par-tot15_L2_v2-1.parquet,Year 2025 sensor data for W plot at OWC site,,2025-01-01,2025-12-31,'NA',OWC_2025
OWC_W_2025_wx-par-tot15_L2_v2-1.pdf,Plots of Jan 2025 sensor data for OWC-W,,2025-01-01,2025-12-31,,OWC_2025
OWC_W_2025_wx-par-tot24_L2_v2-1.parquet,Year 2025 sensor data for W plot at OWC site,,2025-01-01,2025-12-31,'NA',OWC_2025
OWC_W_2025_wx-par-tot24_L2_v2-1.pdf,Plots of Jan 2025 sensor data for OWC-W,,2025-01-01,2025-12-31,,OWC_2025
OWC_W_2025_wx-rain15_L2_v2-1.parquet,Year 2025 sensor data for W plot at OWC site,,2025-01-01,2025-12-31,'NA',OWC_2025
OWC_W_2025_wx-rain15_L2_v2-1.pdf,Plots of Jan 2025 sensor data for OWC-W,,2025-01-01,2025-12-31,,OWC_2025
OWC_W_2025_wx-rain24_L2_v2-1.parquet,Year 2025 sensor data for W plot at OWC site,,2025-01-01,2025-12-31,'NA',OWC_2025
OWC_W_2025_wx-rain24_L2_v2-1.pdf,Plots of Jan 2025 sensor data for OWC-W,,2025-01-01,2025-12-31,,OWC_2025
OWC_W_2025_wx-rh15_L2_v2-1.parquet,Year 2025 sensor data for W plot at OWC site,,2025-01-01,2025-12-31,'NA',OWC_2025
OWC_W_2025_wx-rh15_L2_v2-1.pdf,Plots of Jan 2025 sensor data for OWC-W,,2025-01-01,2025-12-31,,OWC_2025
OWC_W_2025_wx-rh24_L2_v2-1.parquet,Year 2025 sensor data for W plot at OWC site,,2025-01-01,2025-12-31,'NA',OWC_2025
OWC_W_2025_wx-rh24_L2_v2-1.pdf,Plots of Jan 2025 sensor data for OWC-W,,2025-01-01,2025-12-31,,OWC_2025
OWC_W_2025_wx-rht15_L2_v2-1.parquet,Year 2025 sensor data for W plot at OWC site,,2025-01-01,2025-12-31,'NA',OWC_2025
OWC_W_2025_wx-rht15_L2_v2-1.pdf,Plots of Jan 2025 sensor data for OWC-W,,2025-01-01,2025-12-31,,OWC_2025
OWC_W_2025_wx-rht24_L2_v2-1.parquet,Year 2025 sensor data for W plot at OWC site,,2025-01-01,2025-12-31,'NA',OWC_2025
OWC_W_2025_wx-rht24_L2_v2-1.pdf,Plots of Jan 2025 sensor data for OWC-W,,2025-01-01,2025-12-31,,OWC_2025
OWC_W_2025_wx-rhtmax24_L2_v2-1.parquet,Year 2025 sensor data for W plot at OWC site,,2025-01-01,2025-12-31,'NA',OWC_2025
OWC_W_2025_wx-rhtmax24_L2_v2-1.pdf,Plots of Jan 2025 sensor data for OWC-W,,2025-01-01,2025-12-31,,OWC_2025
OWC_W_2025_wx-rhtmin24_L2_v2-1.parquet,Year 2025 sensor data for W plot at OWC site,,2025-01-01,2025-12-31,'NA',OWC_2025
OWC_W_2025_wx-rhtmin24_L2_v2-1.pdf,Plots of Jan 2025 sensor data for OWC-W,,2025-01-01,2025-12-31,,OWC_2025
OWC_W_2025_wx-slr-fd15_L2_v2-1.parquet,Year 2025 sensor data for W plot at OWC site,,2025-01-01,2025-12-31,'NA',OWC_2025
OWC_W_2025_wx-slr-fd15_L2_v2-1.pdf,Plots of Jan 2025 sensor data for OWC-W,,2025-01-01,2025-12-31,,OWC_2025
OWC_W_2025_wx-slr-fd24_L2_v2-1.parquet,Year 2025 sensor data for W plot at OWC site,,2025-01-01,2025-12-31,'NA',OWC_2025
OWC_W_2025_wx-slr-fd24_L2_v2-1.pdf,Plots of Jan 2025 sensor data for OWC-W,,2025-01-01,2025-12-31,,OWC_2025
OWC_W_2025_wx-slr-tf15_L2_v2-1.parquet,Year 2025 sensor data for W plot at OWC site,,2025-01-01,2025-12-31,'NA',OWC_2025
OWC_W_2025_wx-slr-tf15_L2_v2-1.pdf,Plots of Jan 2025 sensor data for OWC-W,,2025-01-01,2025-12-31,,OWC_2025
OWC_W_2025_wx-slr-tf24_L2_v2-1.parquet,Year 2025 sensor data for W plot at OWC site,,2025-01-01,2025-12-31,'NA',OWC_2025
OWC_W_2025_wx-slr-tf24_L2_v2-1.pdf,Plots of Jan 2025 sensor data for OWC-W,,2025-01-01,2025-12-31,,OWC_2025
OWC_W_2025_wx-strikes15_L2_v2-1.parquet,Year 2025 sensor data for W plot at OWC site,,2025-01-01,2025-12-31,'NA',OWC_2025
OWC_W_2025_wx-strikes15_L2_v2-1.pdf,Plots of Jan 2025 sensor data for OWC-W,,2025-01-01,2025-12-31,,OWC_2025
OWC_W_2025_wx-tempavg15_L2_v2-1.parquet,Year 2025 sensor data for W plot at OWC site,,2025-01-01,2025-12-31,'NA',OWC_2025
OWC_W_2025_wx-tempavg15_L2_v2-1.pdf,Plots of Jan 2025 sensor data for OWC-W,,2025-01-01,2025-12-31,,OWC_2025
OWC_W_2025_wx-tempavg24_L2_v2-1.parquet,Year 2025 sensor data for W plot at OWC site,,2025-01-01,2025-12-31,'NA',OWC_2025
OWC_W_2025_wx-tempavg24_L2_v2-1.pdf,Plots of Jan 2025 sensor data for OWC-W,,2025-01-01,2025-12-31,,OWC_2025
OWC_W_2025_wx-tempmax15_L2_v2-1.parquet,Year 2025 sensor data for W plot at OWC site,,2025-01-01,2025-12-31,'NA',OWC_2025
OWC_W_2025_wx-tempmax15_L2_v2-1.pdf,Plots of Jan 2025 sensor data for OWC-W,,2025-01-01,2025-12-31,,OWC_2025
OWC_W_2025_wx-tempmax24_L2_v2-1.parquet,Year 2025 sensor data for W plot at OWC site,,2025-01-01,2025-12-31,'NA',OWC_2025
OWC_W_2025_wx-tempmax24_L2_v2-1.pdf,Plots of Jan 2025 sensor data for OWC-W,,2025-01-01,2025-12-31,,OWC_2025
OWC_W_2025_wx-tempmin15_L2_v2-1.parquet,Year 2025 sensor data for W plot at OWC site,,2025-01-01,2025-12-31,'NA',OWC_2025
OWC_W_2025_wx-tempmin15_L2_v2-1.pdf,Plots of Jan 2025 sensor data for OWC-W,,2025-01-01,2025-12-31,,OWC_2025
OWC_W_2025_wx-tempmin24_L2_v2-1.parquet,Year 2025 sensor data for W plot at OWC site,,2025-01-01,2025-12-31,'NA',OWC_2025
OWC_W_2025_wx-tempmin24_L2_v2-1.pdf,Plots of Jan 2025 sensor data for OWC-W,,2025-01-01,2025-12-31,,OWC_2025
OWC_W_2025_wx-tilt-ns15_L2_v2-1.parquet,Year 2025 sensor data for W plot at OWC site,,2025-01-01,2025-12-31,'NA',OWC_2025
OWC_W_2025_wx-tilt-ns15_L2_v2-1.pdf,Plots of Jan 2025 sensor data for OWC-W,,2025-01-01,2025-12-31,,OWC_2025
OWC_W_2025_wx-tilt-ns24_L2_v2-1.parquet,Year 2025 sensor data for W plot at OWC site,,2025-01-01,2025-12-31,'NA',OWC_2025
OWC_W_2025_wx-tilt-ns24_L2_v2-1.pdf,Plots of Jan 2025 sensor data for OWC-W,,2025-01-01,2025-12-31,,OWC_2025
OWC_W_2025_wx-tilt-we15_L2_v2-1.parquet,Year 2025 sensor data for W plot at OWC site,,2025-01-01,2025-12-31,'NA',OWC_2025
OWC_W_2025_wx-tilt-we15_L2_v2-1.pdf,Plots of Jan 2025 sensor data for OWC-W,,2025-01-01,2025-12-31,,OWC_2025
OWC_W_2025_wx-tilt-we24_L2_v2-1.parquet,Year 2025 sensor data for W plot at OWC site,,2025-01-01,2025-12-31,'NA',OWC_2025
OWC_W_2025_wx-tilt-we24_L2_v2-1.pdf,Plots of Jan 2025 sensor data for OWC-W,,2025-01-01,2025-12-31,,OWC_2025
OWC_W_2025_wx-vappress15_L2_v2-1.parquet,Year 2025 sensor data for W plot at OWC site,,2025-01-01,2025-12-31,'NA',OWC_2025
OWC_W_2025_wx-vappress15_L2_v2-1.pdf,Plots of Jan 2025 sensor data for OWC-W,,2025-01-01,2025-12-31,,OWC_2025
OWC_W_2025_wx-vappress24_L2_v2-1.parquet,Year 2025 sensor data for W plot at OWC site,,2025-01-01,2025-12-31,'NA',OWC_2025
OWC_W_2025_wx-vappress24_L2_v2-1.pdf,Plots of Jan 2025 sensor data for OWC-W,,2025-01-01,2025-12-31,,OWC_2025
OWC_W_2025_wx-winddir-sd115_L2_v2-1.parquet,Year 2025 sensor data for W plot at OWC site,,2025-01-01,2025-12-31,'NA',OWC_2025
OWC_W_2025_wx-winddir-sd115_L2_v2-1.pdf,Plots of Jan 2025 sensor data for OWC-W,,2025-01-01,2025-12-31,,OWC_2025
OWC_W_2025_wx-winddir15_L2_v2-1.parquet,Year 2025 sensor data for W plot at OWC site,,2025-01-01,2025-12-31,'NA',OWC_2025
OWC_W_2025_wx-winddir15_L2_v2-1.pdf,Plots of Jan 2025 sensor data for OWC-W,,2025-01-01,2025-12-31,,OWC_2025
OWC_W_2025_wx-winderrors24_L2_v2-1.parquet,Year 2025 sensor data for W plot at OWC site,,2025-01-01,2025-12-31,'NA',OWC_2025
OWC_W_2025_wx-winderrors24_L2_v2-1.pdf,Plots of Jan 2025 sensor data for OWC-W,,2025-01-01,2025-12-31,,OWC_2025
OWC_W_2025_wx-windspeed15_L2_v2-1.parquet,Year 2025 sensor data for W plot at OWC site,,2025-01-01,2025-12-31,'NA',OWC_2025
OWC_W_2025_wx-windspeed15_L2_v2-1.pdf,Plots of Jan 2025 sensor data for OWC-W,,2025-01-01,2025-12-31,,OWC_2025
OWC_WTE_2025_gw-act-cond_L2_v2-1.parquet,Year 2025 sensor data for WTE plot at OWC site,,2025-01-01,2025-12-31,'NA',OWC_2025
OWC_WTE_2025_gw-act-cond_L2_v2-1.pdf,Plots of Jan 2025 sensor data for OWC-WTE,,2025-01-01,2025-12-31,,OWC_2025
OWC_WTE_2025_gw-bar-pressure_L2_v2-1.parquet,Year 2025 sensor data for WTE plot at OWC site,,2025-01-01,2025-12-31,'NA',OWC_2025
OWC_WTE_2025_gw-bar-pressure_L2_v2-1.pdf,Plots of Jan 2025 sensor data for OWC-WTE,,2025-01-01,2025-12-31,,OWC_2025
OWC_WTE_2025_gw-battery_L2_v2-1.parquet,Year 2025 sensor data for WTE plot at OWC site,,2025-01-01,2025-12-31,'NA',OWC_2025
OWC_WTE_2025_gw-battery_L2_v2-1.pdf,Plots of Jan 2025 sensor data for OWC-WTE,,2025-01-01,2025-12-31,,OWC_2025
OWC_WTE_2025_gw-density_L2_v2-1.parquet,Year 2025 sensor data for WTE plot at OWC site,,2025-01-01,2025-12-31,'NA',OWC_2025
OWC_WTE_2025_gw-density_L2_v2-1.pdf,Plots of Jan 2025 sensor data for OWC-WTE,,2025-01-01,2025-12-31,,OWC_2025
OWC_WTE_2025_gw-depth_L2_v2-1.parquet,Year 2025 sensor data for WTE plot at OWC site,,2025-01-01,2025-12-31,'NA',OWC_2025
OWC_WTE_2025_gw-depth_L2_v2-1.pdf,Plots of Jan 2025 sensor data for OWC-WTE,,2025-01-01,2025-12-31,,OWC_2025
OWC_WTE_2025_gw-part-pressure_L2_v2-1.parquet,Year 2025 sensor data for WTE plot at OWC site,,2025-01-01,2025-12-31,'NA',OWC_2025
OWC_WTE_2025_gw-part-pressure_L2_v2-1.pdf,Plots of Jan 2025 sensor data for OWC-WTE,,2025-01-01,2025-12-31,,OWC_2025
OWC_WTE_2025_gw-perc-sat_L2_v2-1.parquet,Year 2025 sensor data for WTE plot at OWC site,,2025-01-01,2025-12-31,'NA',OWC_2025
OWC_WTE_2025_gw-perc-sat_L2_v2-1.pdf,Plots of Jan 2025 sensor data for OWC-WTE,,2025-01-01,2025-12-31,,OWC_2025
OWC_WTE_2025_gw-ph_L2_v2-1.parquet,Year 2025 sensor data for WTE plot at OWC site,,2025-01-01,2025-12-31,'NA',OWC_2025
OWC_WTE_2025_gw-ph_L2_v2-1.pdf,Plots of Jan 2025 sensor data for OWC-WTE,,2025-01-01,2025-12-31,,OWC_2025
OWC_WTE_2025_gw-ph-mv_L2_v2-1.parquet,Year 2025 sensor data for WTE plot at OWC site,,2025-01-01,2025-12-31,'NA',OWC_2025
OWC_WTE_2025_gw-ph-mv_L2_v2-1.pdf,Plots of Jan 2025 sensor data for OWC-WTE,,2025-01-01,2025-12-31,,OWC_2025
OWC_WTE_2025_gw-ph-orp_L2_v2-1.parquet,Year 2025 sensor data for WTE plot at OWC site,,2025-01-01,2025-12-31,'NA',OWC_2025
OWC_WTE_2025_gw-ph-orp_L2_v2-1.pdf,Plots of Jan 2025 sensor data for OWC-WTE,,2025-01-01,2025-12-31,,OWC_2025
OWC_WTE_2025_gw-pressure-vented_L2_v2-1.parquet,Year 2025 sensor data for WTE plot at OWC site,,2025-01-01,2025-12-31,'NA',OWC_2025
OWC_WTE_2025_gw-pressure-vented_L2_v2-1.pdf,Plots of Jan 2025 sensor data for OWC-WTE,,2025-01-01,2025-12-31,,OWC_2025
OWC_WTE_2025_gw-rdo-conc_L2_v2-1.parquet,Year 2025 sensor data for WTE plot at OWC site,,2025-01-01,2025-12-31,'NA',OWC_2025
OWC_WTE_2025_gw-rdo-conc_L2_v2-1.pdf,Plots of Jan 2025 sensor data for OWC-WTE,,2025-01-01,2025-12-31,,OWC_2025
OWC_WTE_2025_gw-resistivity_L2_v2-1.parquet,Year 2025 sensor data for WTE plot at OWC site,,2025-01-01,2025-12-31,'NA',OWC_2025
OWC_WTE_2025_gw-resistivity_L2_v2-1.pdf,Plots of Jan 2025 sensor data for OWC-WTE,,2025-01-01,2025-12-31,,OWC_2025
OWC_WTE_2025_gw-salinity_L2_v2-1.parquet,Year 2025 sensor data for WTE plot at OWC site,,2025-01-01,2025-12-31,'NA',OWC_2025
OWC_WTE_2025_gw-salinity_L2_v2-1.pdf,Plots of Jan 2025 sensor data for OWC-WTE,,2025-01-01,2025-12-31,,OWC_2025
OWC_WTE_2025_gw-spec-cond_L2_v2-1.parquet,Year 2025 sensor data for WTE plot at OWC site,,2025-01-01,2025-12-31,'NA',OWC_2025
OWC_WTE_2025_gw-spec-cond_L2_v2-1.pdf,Plots of Jan 2025 sensor data for OWC-WTE,,2025-01-01,2025-12-31,,OWC_2025
OWC_WTE_2025_gw-tds_L2_v2-1.parquet,Year 2025 sensor data for WTE plot at OWC site,,2025-01-01,2025-12-31,'NA',OWC_2025
OWC_WTE_2025_gw-tds_L2_v2-1.pdf,Plots of Jan 2025 sensor data for OWC-WTE,,2025-01-01,2025-12-31,,OWC_2025
OWC_WTE_2025_gw-temperature_L2_v2-1.parquet,Year 2025 sensor data for WTE plot at OWC site,,2025-01-01,2025-12-31,'NA',OWC_2025
OWC_WTE_2025_gw-temperature_L2_v2-1.pdf,Plots of Jan 2025 sensor data for OWC-WTE,,2025-01-01,2025-12-31,,OWC_2025
OWC_WTE_2025_gw-voltage-ext_L2_v2-1.parquet,Year 2025 sensor data for WTE plot at OWC site,,2025-01-01,2025-12-31,'NA',OWC_2025
OWC_WTE_2025_gw-voltage-ext_L2_v2-1.pdf,Plots of Jan 2025 sensor data for OWC-WTE,,2025-01-01,2025-12-31,,OWC_2025
PTR_2022_L2_v2-1_metadata.txt,Metadata for all data files in PTR_2022 folder,,,,,PTR_2022
PTR_TR_2022_gw-act-cond_L2_v2-1.parquet,Year 2022 sensor data for TR plot at PTR site,,2022-01-01,2022-12-31,'NA',PTR_2022
PTR_TR_2022_gw-act-cond_L2_v2-1.pdf,Plots of Jan 2022 sensor data for PTR-TR,,2022-01-01,2022-12-31,,PTR_2022
PTR_TR_2022_gw-bar-pressure_L2_v2-1.parquet,Year 2022 sensor data for TR plot at PTR site,,2022-01-01,2022-12-31,'NA',PTR_2022
PTR_TR_2022_gw-bar-pressure_L2_v2-1.pdf,Plots of Jan 2022 sensor data for PTR-TR,,2022-01-01,2022-12-31,,PTR_2022
PTR_TR_2022_gw-battery_L2_v2-1.parquet,Year 2022 sensor data for TR plot at PTR site,,2022-01-01,2022-12-31,'NA',PTR_2022
PTR_TR_2022_gw-battery_L2_v2-1.pdf,Plots of Jan 2022 sensor data for PTR-TR,,2022-01-01,2022-12-31,,PTR_2022
PTR_TR_2022_gw-density_L2_v2-1.parquet,Year 2022 sensor data for TR plot at PTR site,,2022-01-01,2022-12-31,'NA',PTR_2022
PTR_TR_2022_gw-density_L2_v2-1.pdf,Plots of Jan 2022 sensor data for PTR-TR,,2022-01-01,2022-12-31,,PTR_2022
PTR_TR_2022_gw-depth_L2_v2-1.parquet,Year 2022 sensor data for TR plot at PTR site,,2022-01-01,2022-12-31,'NA',PTR_2022
PTR_TR_2022_gw-depth_L2_v2-1.pdf,Plots of Jan 2022 sensor data for PTR-TR,,2022-01-01,2022-12-31,,PTR_2022
PTR_TR_2022_gw-part-pressure_L2_v2-1.parquet,Year 2022 sensor data for TR plot at PTR site,,2022-01-01,2022-12-31,'NA',PTR_2022
PTR_TR_2022_gw-part-pressure_L2_v2-1.pdf,Plots of Jan 2022 sensor data for PTR-TR,,2022-01-01,2022-12-31,,PTR_2022
PTR_TR_2022_gw-perc-sat_L2_v2-1.parquet,Year 2022 sensor data for TR plot at PTR site,,2022-01-01,2022-12-31,'NA',PTR_2022
PTR_TR_2022_gw-perc-sat_L2_v2-1.pdf,Plots of Jan 2022 sensor data for PTR-TR,,2022-01-01,2022-12-31,,PTR_2022
PTR_TR_2022_gw-ph_L2_v2-1.parquet,Year 2022 sensor data for TR plot at PTR site,,2022-01-01,2022-12-31,'NA',PTR_2022
PTR_TR_2022_gw-ph_L2_v2-1.pdf,Plots of Jan 2022 sensor data for PTR-TR,,2022-01-01,2022-12-31,,PTR_2022
PTR_TR_2022_gw-ph-mv_L2_v2-1.parquet,Year 2022 sensor data for TR plot at PTR site,,2022-01-01,2022-12-31,'NA',PTR_2022
PTR_TR_2022_gw-ph-mv_L2_v2-1.pdf,Plots of Jan 2022 sensor data for PTR-TR,,2022-01-01,2022-12-31,,PTR_2022
PTR_TR_2022_gw-ph-orp_L2_v2-1.parquet,Year 2022 sensor data for TR plot at PTR site,,2022-01-01,2022-12-31,'NA',PTR_2022
PTR_TR_2022_gw-ph-orp_L2_v2-1.pdf,Plots of Jan 2022 sensor data for PTR-TR,,2022-01-01,2022-12-31,,PTR_2022
PTR_TR_2022_gw-pressure-vented_L2_v2-1.parquet,Year 2022 sensor data for TR plot at PTR site,,2022-01-01,2022-12-31,'NA',PTR_2022
PTR_TR_2022_gw-pressure-vented_L2_v2-1.pdf,Plots of Jan 2022 sensor data for PTR-TR,,2022-01-01,2022-12-31,,PTR_2022
PTR_TR_2022_gw-rdo-conc_L2_v2-1.parquet,Year 2022 sensor data for TR plot at PTR site,,2022-01-01,2022-12-31,'NA',PTR_2022
PTR_TR_2022_gw-rdo-conc_L2_v2-1.pdf,Plots of Jan 2022 sensor data for PTR-TR,,2022-01-01,2022-12-31,,PTR_2022
PTR_TR_2022_gw-resistivity_L2_v2-1.parquet,Year 2022 sensor data for TR plot at PTR site,,2022-01-01,2022-12-31,'NA',PTR_2022
PTR_TR_2022_gw-resistivity_L2_v2-1.pdf,Plots of Jan 2022 sensor data for PTR-TR,,2022-01-01,2022-12-31,,PTR_2022
PTR_TR_2022_gw-salinity_L2_v2-1.parquet,Year 2022 sensor data for TR plot at PTR site,,2022-01-01,2022-12-31,'NA',PTR_2022
PTR_TR_2022_gw-salinity_L2_v2-1.pdf,Plots of Jan 2022 sensor data for PTR-TR,,2022-01-01,2022-12-31,,PTR_2022
PTR_TR_2022_gw-spec-cond_L2_v2-1.parquet,Year 2022 sensor data for TR plot at PTR site,,2022-01-01,2022-12-31,'NA',PTR_2022
PTR_TR_2022_gw-spec-cond_L2_v2-1.pdf,Plots of Jan 2022 sensor data for PTR-TR,,2022-01-01,2022-12-31,,PTR_2022
PTR_TR_2022_gw-tds_L2_v2-1.parquet,Year 2022 sensor data for TR plot at PTR site,,2022-01-01,2022-12-31,'NA',PTR_2022
PTR_TR_2022_gw-tds_L2_v2-1.pdf,Plots of Jan 2022 sensor data for PTR-TR,,2022-01-01,2022-12-31,,PTR_2022
PTR_TR_2022_gw-temperature_L2_v2-1.parquet,Year 2022 sensor data for TR plot at PTR site,,2022-01-01,2022-12-31,'NA',PTR_2022
PTR_TR_2022_gw-temperature_L2_v2-1.pdf,Plots of Jan 2022 sensor data for PTR-TR,,2022-01-01,2022-12-31,,PTR_2022
PTR_TR_2022_gw-voltage-ext_L2_v2-1.parquet,Year 2022 sensor data for TR plot at PTR site,,2022-01-01,2022-12-31,'NA',PTR_2022
PTR_TR_2022_gw-voltage-ext_L2_v2-1.pdf,Plots of Jan 2022 sensor data for PTR-TR,,2022-01-01,2022-12-31,,PTR_2022
PTR_TR_2022_gw-wl-below-surface_L2_v2-1.parquet,Year 2022 sensor data for TR plot at PTR site,,2022-01-01,2022-12-31,'NA',PTR_2022
PTR_TR_2022_gw-wl-below-surface_L2_v2-1.pdf,Plots of Jan 2022 sensor data for PTR-TR,,2022-01-01,2022-12-31,,PTR_2022
PTR_TR_2022_sapflow-3.5cm_L2_v2-1.parquet,Year 2022 sensor data for TR plot at PTR site,,2022-01-01,2022-12-31,'NA',PTR_2022
PTR_TR_2022_sapflow-3.5cm_L2_v2-1.pdf,Plots of Jan 2022 sensor data for PTR-TR,,2022-01-01,2022-12-31,,PTR_2022
PTR_TR_2022_sapflow-5cm_L2_v2-1.parquet,Year 2022 sensor data for TR plot at PTR site,,2022-01-01,2022-12-31,'NA',PTR_2022
PTR_TR_2022_sapflow-5cm_L2_v2-1.pdf,Plots of Jan 2022 sensor data for PTR-TR,,2022-01-01,2022-12-31,,PTR_2022
PTR_TR_2022_soil-EC-10cm_L2_v2-1.parquet,Year 2022 sensor data for TR plot at PTR site,,2022-01-01,2022-12-31,'NA',PTR_2022
PTR_TR_2022_soil-EC-10cm_L2_v2-1.pdf,Plots of Jan 2022 sensor data for PTR-TR,,2022-01-01,2022-12-31,,PTR_2022
PTR_TR_2022_soil-EC-30cm_L2_v2-1.parquet,Year 2022 sensor data for TR plot at PTR site,,2022-01-01,2022-12-31,'NA',PTR_2022
PTR_TR_2022_soil-EC-30cm_L2_v2-1.pdf,Plots of Jan 2022 sensor data for PTR-TR,,2022-01-01,2022-12-31,,PTR_2022
PTR_TR_2022_soil-salinity-10cm_L2_v2-1.parquet,Year 2022 sensor data for TR plot at PTR site,,2022-01-01,2022-12-31,'NA',PTR_2022
PTR_TR_2022_soil-salinity-10cm_L2_v2-1.pdf,Plots of Jan 2022 sensor data for PTR-TR,,2022-01-01,2022-12-31,,PTR_2022
PTR_TR_2022_soil-salinity-30cm_L2_v2-1.parquet,Year 2022 sensor data for TR plot at PTR site,,2022-01-01,2022-12-31,'NA',PTR_2022
PTR_TR_2022_soil-salinity-30cm_L2_v2-1.pdf,Plots of Jan 2022 sensor data for PTR-TR,,2022-01-01,2022-12-31,,PTR_2022
PTR_TR_2022_soil-temp-10cm_L2_v2-1.parquet,Year 2022 sensor data for TR plot at PTR site,,2022-01-01,2022-12-31,'NA',PTR_2022
PTR_TR_2022_soil-temp-10cm_L2_v2-1.pdf,Plots of Jan 2022 sensor data for PTR-TR,,2022-01-01,2022-12-31,,PTR_2022
PTR_TR_2022_soil-temp-30cm_L2_v2-1.parquet,Year 2022 sensor data for TR plot at PTR site,,2022-01-01,2022-12-31,'NA',PTR_2022
PTR_TR_2022_soil-temp-30cm_L2_v2-1.pdf,Plots of Jan 2022 sensor data for PTR-TR,,2022-01-01,2022-12-31,,PTR_2022
PTR_TR_2022_soil-vwc-10cm_L2_v2-1.parquet,Year 2022 sensor data for TR plot at PTR site,,2022-01-01,2022-12-31,'NA',PTR_2022
PTR_TR_2022_soil-vwc-10cm_L2_v2-1.pdf,Plots of Jan 2022 sensor data for PTR-TR,,2022-01-01,2022-12-31,,PTR_2022
PTR_TR_2022_soil-vwc-30cm_L2_v2-1.parquet,Year 2022 sensor data for TR plot at PTR site,,2022-01-01,2022-12-31,'NA',PTR_2022
PTR_TR_2022_soil-vwc-30cm_L2_v2-1.pdf,Plots of Jan 2022 sensor data for PTR-TR,,2022-01-01,2022-12-31,,PTR_2022
PTR_UP_2022_gw-bar-pressure_L2_v2-1.parquet,Year 2022 sensor data for UP plot at PTR site,,2022-01-01,2022-12-31,'NA',PTR_2022
PTR_UP_2022_gw-bar-pressure_L2_v2-1.pdf,Plots of Jan 2022 sensor data for PTR-UP,,2022-01-01,2022-12-31,,PTR_2022
PTR_UP_2022_gw-density_L2_v2-1.parquet,Year 2022 sensor data for UP plot at PTR site,,2022-01-01,2022-12-31,'NA',PTR_2022
PTR_UP_2022_gw-density_L2_v2-1.pdf,Plots of Jan 2022 sensor data for PTR-UP,,2022-01-01,2022-12-31,,PTR_2022
PTR_UP_2022_gw-ph_L2_v2-1.parquet,Year 2022 sensor data for UP plot at PTR site,,2022-01-01,2022-12-31,'NA',PTR_2022
PTR_UP_2022_gw-ph_L2_v2-1.pdf,Plots of Jan 2022 sensor data for PTR-UP,,2022-01-01,2022-12-31,,PTR_2022
PTR_UP_2022_gw-ph-orp_L2_v2-1.parquet,Year 2022 sensor data for UP plot at PTR site,,2022-01-01,2022-12-31,'NA',PTR_2022
PTR_UP_2022_gw-ph-orp_L2_v2-1.pdf,Plots of Jan 2022 sensor data for PTR-UP,,2022-01-01,2022-12-31,,PTR_2022
PTR_UP_2022_gw-pressure-vented_L2_v2-1.parquet,Year 2022 sensor data for UP plot at PTR site,,2022-01-01,2022-12-31,'NA',PTR_2022
PTR_UP_2022_gw-pressure-vented_L2_v2-1.pdf,Plots of Jan 2022 sensor data for PTR-UP,,2022-01-01,2022-12-31,,PTR_2022
PTR_UP_2022_gw-rdo-conc_L2_v2-1.parquet,Year 2022 sensor data for UP plot at PTR site,,2022-01-01,2022-12-31,'NA',PTR_2022
PTR_UP_2022_gw-rdo-conc_L2_v2-1.pdf,Plots of Jan 2022 sensor data for PTR-UP,,2022-01-01,2022-12-31,,PTR_2022
PTR_UP_2022_gw-salinity_L2_v2-1.parquet,Year 2022 sensor data for UP plot at PTR site,,2022-01-01,2022-12-31,'NA',PTR_2022
PTR_UP_2022_gw-salinity_L2_v2-1.pdf,Plots of Jan 2022 sensor data for PTR-UP,,2022-01-01,2022-12-31,,PTR_2022
PTR_UP_2022_gw-temperature_L2_v2-1.parquet,Year 2022 sensor data for UP plot at PTR site,,2022-01-01,2022-12-31,'NA',PTR_2022
PTR_UP_2022_gw-temperature_L2_v2-1.pdf,Plots of Jan 2022 sensor data for PTR-UP,,2022-01-01,2022-12-31,,PTR_2022
PTR_UP_2022_gw-wl-below-surface_L2_v2-1.parquet,Year 2022 sensor data for UP plot at PTR site,,2022-01-01,2022-12-31,'NA',PTR_2022
PTR_UP_2022_gw-wl-below-surface_L2_v2-1.pdf,Plots of Jan 2022 sensor data for PTR-UP,,2022-01-01,2022-12-31,,PTR_2022
PTR_UP_2022_sapflow-3.5cm_L2_v2-1.parquet,Year 2022 sensor data for UP plot at PTR site,,2022-01-01,2022-12-31,'NA',PTR_2022
PTR_UP_2022_sapflow-3.5cm_L2_v2-1.pdf,Plots of Jan 2022 sensor data for PTR-UP,,2022-01-01,2022-12-31,,PTR_2022
PTR_UP_2022_sapflow-5cm_L2_v2-1.parquet,Year 2022 sensor data for UP plot at PTR site,,2022-01-01,2022-12-31,'NA',PTR_2022
PTR_UP_2022_sapflow-5cm_L2_v2-1.pdf,Plots of Jan 2022 sensor data for PTR-UP,,2022-01-01,2022-12-31,,PTR_2022
PTR_UP_2022_soil-EC-10cm_L2_v2-1.parquet,Year 2022 sensor data for UP plot at PTR site,,2022-01-01,2022-12-31,'NA',PTR_2022
PTR_UP_2022_soil-EC-10cm_L2_v2-1.pdf,Plots of Jan 2022 sensor data for PTR-UP,,2022-01-01,2022-12-31,,PTR_2022
PTR_UP_2022_soil-EC-30cm_L2_v2-1.parquet,Year 2022 sensor data for UP plot at PTR site,,2022-01-01,2022-12-31,'NA',PTR_2022
PTR_UP_2022_soil-EC-30cm_L2_v2-1.pdf,Plots of Jan 2022 sensor data for PTR-UP,,2022-01-01,2022-12-31,,PTR_2022
PTR_UP_2022_soil-salinity-10cm_L2_v2-1.parquet,Year 2022 sensor data for UP plot at PTR site,,2022-01-01,2022-12-31,'NA',PTR_2022
PTR_UP_2022_soil-salinity-10cm_L2_v2-1.pdf,Plots of Jan 2022 sensor data for PTR-UP,,2022-01-01,2022-12-31,,PTR_2022
PTR_UP_2022_soil-salinity-30cm_L2_v2-1.parquet,Year 2022 sensor data for UP plot at PTR site,,2022-01-01,2022-12-31,'NA',PTR_2022
PTR_UP_2022_soil-salinity-30cm_L2_v2-1.pdf,Plots of Jan 2022 sensor data for PTR-UP,,2022-01-01,2022-12-31,,PTR_2022
PTR_UP_2022_soil-temp-10cm_L2_v2-1.parquet,Year 2022 sensor data for UP plot at PTR site,,2022-01-01,2022-12-31,'NA',PTR_2022
PTR_UP_2022_soil-temp-10cm_L2_v2-1.pdf,Plots of Jan 2022 sensor data for PTR-UP,,2022-01-01,2022-12-31,,PTR_2022
PTR_UP_2022_soil-temp-30cm_L2_v2-1.parquet,Year 2022 sensor data for UP plot at PTR site,,2022-01-01,2022-12-31,'NA',PTR_2022
PTR_UP_2022_soil-temp-30cm_L2_v2-1.pdf,Plots of Jan 2022 sensor data for PTR-UP,,2022-01-01,2022-12-31,,PTR_2022
PTR_UP_2022_soil-vwc-10cm_L2_v2-1.parquet,Year 2022 sensor data for UP plot at PTR site,,2022-01-01,2022-12-31,'NA',PTR_2022
PTR_UP_2022_soil-vwc-10cm_L2_v2-1.pdf,Plots of Jan 2022 sensor data for PTR-UP,,2022-01-01,2022-12-31,,PTR_2022
PTR_UP_2022_soil-vwc-30cm_L2_v2-1.parquet,Year 2022 sensor data for UP plot at PTR site,,2022-01-01,2022-12-31,'NA',PTR_2022
PTR_UP_2022_soil-vwc-30cm_L2_v2-1.pdf,Plots of Jan 2022 sensor data for PTR-UP,,2022-01-01,2022-12-31,,PTR_2022
PTR_W_2022_battery-voltage_L2_v2-1.parquet,Year 2022 sensor data for W plot at PTR site,,2022-01-01,2022-12-31,'NA',PTR_2022
PTR_W_2022_battery-voltage_L2_v2-1.pdf,Plots of Jan 2022 sensor data for PTR-W,,2022-01-01,2022-12-31,,PTR_2022
PTR_W_2022_gw-act-cond_L2_v2-1.parquet,Year 2022 sensor data for W plot at PTR site,,2022-01-01,2022-12-31,'NA',PTR_2022
PTR_W_2022_gw-act-cond_L2_v2-1.pdf,Plots of Jan 2022 sensor data for PTR-W,,2022-01-01,2022-12-31,,PTR_2022
PTR_W_2022_gw-bar-pressure_L2_v2-1.parquet,Year 2022 sensor data for W plot at PTR site,,2022-01-01,2022-12-31,'NA',PTR_2022
PTR_W_2022_gw-bar-pressure_L2_v2-1.pdf,Plots of Jan 2022 sensor data for PTR-W,,2022-01-01,2022-12-31,,PTR_2022
PTR_W_2022_gw-battery_L2_v2-1.parquet,Year 2022 sensor data for W plot at PTR site,,2022-01-01,2022-12-31,'NA',PTR_2022
PTR_W_2022_gw-battery_L2_v2-1.pdf,Plots of Jan 2022 sensor data for PTR-W,,2022-01-01,2022-12-31,,PTR_2022
PTR_W_2022_gw-density_L2_v2-1.parquet,Year 2022 sensor data for W plot at PTR site,,2022-01-01,2022-12-31,'NA',PTR_2022
PTR_W_2022_gw-density_L2_v2-1.pdf,Plots of Jan 2022 sensor data for PTR-W,,2022-01-01,2022-12-31,,PTR_2022
PTR_W_2022_gw-depth_L2_v2-1.parquet,Year 2022 sensor data for W plot at PTR site,,2022-01-01,2022-12-31,'NA',PTR_2022
PTR_W_2022_gw-depth_L2_v2-1.pdf,Plots of Jan 2022 sensor data for PTR-W,,2022-01-01,2022-12-31,,PTR_2022
PTR_W_2022_gw-part-pressure_L2_v2-1.parquet,Year 2022 sensor data for W plot at PTR site,,2022-01-01,2022-12-31,'NA',PTR_2022
PTR_W_2022_gw-part-pressure_L2_v2-1.pdf,Plots of Jan 2022 sensor data for PTR-W,,2022-01-01,2022-12-31,,PTR_2022
PTR_W_2022_gw-perc-sat_L2_v2-1.parquet,Year 2022 sensor data for W plot at PTR site,,2022-01-01,2022-12-31,'NA',PTR_2022
PTR_W_2022_gw-perc-sat_L2_v2-1.pdf,Plots of Jan 2022 sensor data for PTR-W,,2022-01-01,2022-12-31,,PTR_2022
PTR_W_2022_gw-ph_L2_v2-1.parquet,Year 2022 sensor data for W plot at PTR site,,2022-01-01,2022-12-31,'NA',PTR_2022
PTR_W_2022_gw-ph_L2_v2-1.pdf,Plots of Jan 2022 sensor data for PTR-W,,2022-01-01,2022-12-31,,PTR_2022
PTR_W_2022_gw-ph-mv_L2_v2-1.parquet,Year 2022 sensor data for W plot at PTR site,,2022-01-01,2022-12-31,'NA',PTR_2022
PTR_W_2022_gw-ph-mv_L2_v2-1.pdf,Plots of Jan 2022 sensor data for PTR-W,,2022-01-01,2022-12-31,,PTR_2022
PTR_W_2022_gw-ph-orp_L2_v2-1.parquet,Year 2022 sensor data for W plot at PTR site,,2022-01-01,2022-12-31,'NA',PTR_2022
PTR_W_2022_gw-ph-orp_L2_v2-1.pdf,Plots of Jan 2022 sensor data for PTR-W,,2022-01-01,2022-12-31,,PTR_2022
PTR_W_2022_gw-pressure-vented_L2_v2-1.parquet,Year 2022 sensor data for W plot at PTR site,,2022-01-01,2022-12-31,'NA',PTR_2022
PTR_W_2022_gw-pressure-vented_L2_v2-1.pdf,Plots of Jan 2022 sensor data for PTR-W,,2022-01-01,2022-12-31,,PTR_2022
PTR_W_2022_gw-rdo-conc_L2_v2-1.parquet,Year 2022 sensor data for W plot at PTR site,,2022-01-01,2022-12-31,'NA',PTR_2022
PTR_W_2022_gw-rdo-conc_L2_v2-1.pdf,Plots of Jan 2022 sensor data for PTR-W,,2022-01-01,2022-12-31,,PTR_2022
PTR_W_2022_gw-resistivity_L2_v2-1.parquet,Year 2022 sensor data for W plot at PTR site,,2022-01-01,2022-12-31,'NA',PTR_2022
PTR_W_2022_gw-resistivity_L2_v2-1.pdf,Plots of Jan 2022 sensor data for PTR-W,,2022-01-01,2022-12-31,,PTR_2022
PTR_W_2022_gw-salinity_L2_v2-1.parquet,Year 2022 sensor data for W plot at PTR site,,2022-01-01,2022-12-31,'NA',PTR_2022
PTR_W_2022_gw-salinity_L2_v2-1.pdf,Plots of Jan 2022 sensor data for PTR-W,,2022-01-01,2022-12-31,,PTR_2022
PTR_W_2022_gw-spec-cond_L2_v2-1.parquet,Year 2022 sensor data for W plot at PTR site,,2022-01-01,2022-12-31,'NA',PTR_2022
PTR_W_2022_gw-spec-cond_L2_v2-1.pdf,Plots of Jan 2022 sensor data for PTR-W,,2022-01-01,2022-12-31,,PTR_2022
PTR_W_2022_gw-tds_L2_v2-1.parquet,Year 2022 sensor data for W plot at PTR site,,2022-01-01,2022-12-31,'NA',PTR_2022
PTR_W_2022_gw-tds_L2_v2-1.pdf,Plots of Jan 2022 sensor data for PTR-W,,2022-01-01,2022-12-31,,PTR_2022
PTR_W_2022_gw-temperature_L2_v2-1.parquet,Year 2022 sensor data for W plot at PTR site,,2022-01-01,2022-12-31,'NA',PTR_2022
PTR_W_2022_gw-temperature_L2_v2-1.pdf,Plots of Jan 2022 sensor data for PTR-W,,2022-01-01,2022-12-31,,PTR_2022
PTR_W_2022_gw-voltage-ext_L2_v2-1.parquet,Year 2022 sensor data for W plot at PTR site,,2022-01-01,2022-12-31,'NA',PTR_2022
PTR_W_2022_gw-voltage-ext_L2_v2-1.pdf,Plots of Jan 2022 sensor data for PTR-W,,2022-01-01,2022-12-31,,PTR_2022
PTR_W_2022_gw-wl-below-surface_L2_v2-1.parquet,Year 2022 sensor data for W plot at PTR site,,2022-01-01,2022-12-31,'NA',PTR_2022
PTR_W_2022_gw-wl-below-surface_L2_v2-1.pdf,Plots of Jan 2022 sensor data for PTR-W,,2022-01-01,2022-12-31,,PTR_2022
PTR_W_2022_soil-EC-10cm_L2_v2-1.parquet,Year 2022 sensor data for W plot at PTR site,,2022-01-01,2022-12-31,'NA',PTR_2022
PTR_W_2022_soil-EC-10cm_L2_v2-1.pdf,Plots of Jan 2022 sensor data for PTR-W,,2022-01-01,2022-12-31,,PTR_2022
PTR_W_2022_soil-EC-30cm_L2_v2-1.parquet,Year 2022 sensor data for W plot at PTR site,,2022-01-01,2022-12-31,'NA',PTR_2022
PTR_W_2022_soil-EC-30cm_L2_v2-1.pdf,Plots of Jan 2022 sensor data for PTR-W,,2022-01-01,2022-12-31,,PTR_2022
PTR_W_2022_soil-salinity-10cm_L2_v2-1.parquet,Year 2022 sensor data for W plot at PTR site,,2022-01-01,2022-12-31,'NA',PTR_2022
PTR_W_2022_soil-salinity-10cm_L2_v2-1.pdf,Plots of Jan 2022 sensor data for PTR-W,,2022-01-01,2022-12-31,,PTR_2022
PTR_W_2022_soil-salinity-30cm_L2_v2-1.parquet,Year 2022 sensor data for W plot at PTR site,,2022-01-01,2022-12-31,'NA',PTR_2022
PTR_W_2022_soil-salinity-30cm_L2_v2-1.pdf,Plots of Jan 2022 sensor data for PTR-W,,2022-01-01,2022-12-31,,PTR_2022
PTR_W_2022_soil-temp-10cm_L2_v2-1.parquet,Year 2022 sensor data for W plot at PTR site,,2022-01-01,2022-12-31,'NA',PTR_2022
PTR_W_2022_soil-temp-10cm_L2_v2-1.pdf,Plots of Jan 2022 sensor data for PTR-W,,2022-01-01,2022-12-31,,PTR_2022
PTR_W_2022_soil-temp-30cm_L2_v2-1.parquet,Year 2022 sensor data for W plot at PTR site,,2022-01-01,2022-12-31,'NA',PTR_2022
PTR_W_2022_soil-temp-30cm_L2_v2-1.pdf,Plots of Jan 2022 sensor data for PTR-W,,2022-01-01,2022-12-31,,PTR_2022
PTR_W_2022_soil-vwc-10cm_L2_v2-1.parquet,Year 2022 sensor data for W plot at PTR site,,2022-01-01,2022-12-31,'NA',PTR_2022
PTR_W_2022_soil-vwc-10cm_L2_v2-1.pdf,Plots of Jan 2022 sensor data for PTR-W,,2022-01-01,2022-12-31,,PTR_2022
PTR_W_2022_soil-vwc-30cm_L2_v2-1.parquet,Year 2022 sensor data for W plot at PTR site,,2022-01-01,2022-12-31,'NA',PTR_2022
PTR_W_2022_soil-vwc-30cm_L2_v2-1.pdf,Plots of Jan 2022 sensor data for PTR-W,,2022-01-01,2022-12-31,,PTR_2022
PTR_W_2022_wx-barpress15_L2_v2-1.parquet,Year 2022 sensor data for W plot at PTR site,,2022-01-01,2022-12-31,'NA',PTR_2022
PTR_W_2022_wx-barpress15_L2_v2-1.pdf,Plots of Jan 2022 sensor data for PTR-W,,2022-01-01,2022-12-31,,PTR_2022
PTR_W_2022_wx-bpmax15_L2_v2-1.parquet,Year 2022 sensor data for W plot at PTR site,,2022-01-01,2022-12-31,'NA',PTR_2022
PTR_W_2022_wx-bpmax15_L2_v2-1.pdf,Plots of Jan 2022 sensor data for PTR-W,,2022-01-01,2022-12-31,,PTR_2022
PTR_W_2022_wx-bpmin15_L2_v2-1.parquet,Year 2022 sensor data for W plot at PTR site,,2022-01-01,2022-12-31,'NA',PTR_2022
PTR_W_2022_wx-bpmin15_L2_v2-1.pdf,Plots of Jan 2022 sensor data for PTR-W,,2022-01-01,2022-12-31,,PTR_2022
PTR_W_2022_wx-dist-min15_L2_v2-1.parquet,Year 2022 sensor data for W plot at PTR site,,2022-01-01,2022-12-31,'NA',PTR_2022
PTR_W_2022_wx-dist-min15_L2_v2-1.pdf,Plots of Jan 2022 sensor data for PTR-W,,2022-01-01,2022-12-31,,PTR_2022
PTR_W_2022_wx-invalid-wind15_L2_v2-1.parquet,Year 2022 sensor data for W plot at PTR site,,2022-01-01,2022-12-31,'NA',PTR_2022
PTR_W_2022_wx-invalid-wind15_L2_v2-1.pdf,Plots of Jan 2022 sensor data for PTR-W,,2022-01-01,2022-12-31,,PTR_2022
PTR_W_2022_wx-maxws15_L2_v2-1.parquet,Year 2022 sensor data for W plot at PTR site,,2022-01-01,2022-12-31,'NA',PTR_2022
PTR_W_2022_wx-maxws15_L2_v2-1.pdf,Plots of Jan 2022 sensor data for PTR-W,,2022-01-01,2022-12-31,,PTR_2022
PTR_W_2022_wx-maxws24_L2_v2-1.parquet,Year 2022 sensor data for W plot at PTR site,,2022-01-01,2022-12-31,'NA',PTR_2022
PTR_W_2022_wx-maxws24_L2_v2-1.pdf,Plots of Jan 2022 sensor data for PTR-W,,2022-01-01,2022-12-31,,PTR_2022
PTR_W_2022_wx-par-den15_L2_v2-1.parquet,Year 2022 sensor data for W plot at PTR site,,2022-01-01,2022-12-31,'NA',PTR_2022
PTR_W_2022_wx-par-den15_L2_v2-1.pdf,Plots of Jan 2022 sensor data for PTR-W,,2022-01-01,2022-12-31,,PTR_2022
PTR_W_2022_wx-par-den24_L2_v2-1.parquet,Year 2022 sensor data for W plot at PTR site,,2022-01-01,2022-12-31,'NA',PTR_2022
PTR_W_2022_wx-par-den24_L2_v2-1.pdf,Plots of Jan 2022 sensor data for PTR-W,,2022-01-01,2022-12-31,,PTR_2022
PTR_W_2022_wx-par-tot15_L2_v2-1.parquet,Year 2022 sensor data for W plot at PTR site,,2022-01-01,2022-12-31,'NA',PTR_2022
PTR_W_2022_wx-par-tot15_L2_v2-1.pdf,Plots of Jan 2022 sensor data for PTR-W,,2022-01-01,2022-12-31,,PTR_2022
PTR_W_2022_wx-par-tot24_L2_v2-1.parquet,Year 2022 sensor data for W plot at PTR site,,2022-01-01,2022-12-31,'NA',PTR_2022
PTR_W_2022_wx-par-tot24_L2_v2-1.pdf,Plots of Jan 2022 sensor data for PTR-W,,2022-01-01,2022-12-31,,PTR_2022
PTR_W_2022_wx-rain15_L2_v2-1.parquet,Year 2022 sensor data for W plot at PTR site,,2022-01-01,2022-12-31,'NA',PTR_2022
PTR_W_2022_wx-rain15_L2_v2-1.pdf,Plots of Jan 2022 sensor data for PTR-W,,2022-01-01,2022-12-31,,PTR_2022
PTR_W_2022_wx-rain24_L2_v2-1.parquet,Year 2022 sensor data for W plot at PTR site,,2022-01-01,2022-12-31,'NA',PTR_2022
PTR_W_2022_wx-rain24_L2_v2-1.pdf,Plots of Jan 2022 sensor data for PTR-W,,2022-01-01,2022-12-31,,PTR_2022
PTR_W_2022_wx-rh15_L2_v2-1.parquet,Year 2022 sensor data for W plot at PTR site,,2022-01-01,2022-12-31,'NA',PTR_2022
PTR_W_2022_wx-rh15_L2_v2-1.pdf,Plots of Jan 2022 sensor data for PTR-W,,2022-01-01,2022-12-31,,PTR_2022
PTR_W_2022_wx-rh24_L2_v2-1.parquet,Year 2022 sensor data for W plot at PTR site,,2022-01-01,2022-12-31,'NA',PTR_2022
PTR_W_2022_wx-rh24_L2_v2-1.pdf,Plots of Jan 2022 sensor data for PTR-W,,2022-01-01,2022-12-31,,PTR_2022
PTR_W_2022_wx-rht15_L2_v2-1.parquet,Year 2022 sensor data for W plot at PTR site,,2022-01-01,2022-12-31,'NA',PTR_2022
PTR_W_2022_wx-rht15_L2_v2-1.pdf,Plots of Jan 2022 sensor data for PTR-W,,2022-01-01,2022-12-31,,PTR_2022
PTR_W_2022_wx-rht24_L2_v2-1.parquet,Year 2022 sensor data for W plot at PTR site,,2022-01-01,2022-12-31,'NA',PTR_2022
PTR_W_2022_wx-rht24_L2_v2-1.pdf,Plots of Jan 2022 sensor data for PTR-W,,2022-01-01,2022-12-31,,PTR_2022
PTR_W_2022_wx-rhtmax24_L2_v2-1.parquet,Year 2022 sensor data for W plot at PTR site,,2022-01-01,2022-12-31,'NA',PTR_2022
PTR_W_2022_wx-rhtmax24_L2_v2-1.pdf,Plots of Jan 2022 sensor data for PTR-W,,2022-01-01,2022-12-31,,PTR_2022
PTR_W_2022_wx-rhtmin24_L2_v2-1.parquet,Year 2022 sensor data for W plot at PTR site,,2022-01-01,2022-12-31,'NA',PTR_2022
PTR_W_2022_wx-rhtmin24_L2_v2-1.pdf,Plots of Jan 2022 sensor data for PTR-W,,2022-01-01,2022-12-31,,PTR_2022
PTR_W_2022_wx-slr-fd15_L2_v2-1.parquet,Year 2022 sensor data for W plot at PTR site,,2022-01-01,2022-12-31,'NA',PTR_2022
PTR_W_2022_wx-slr-fd15_L2_v2-1.pdf,Plots of Jan 2022 sensor data for PTR-W,,2022-01-01,2022-12-31,,PTR_2022
PTR_W_2022_wx-slr-fd24_L2_v2-1.parquet,Year 2022 sensor data for W plot at PTR site,,2022-01-01,2022-12-31,'NA',PTR_2022
PTR_W_2022_wx-slr-fd24_L2_v2-1.pdf,Plots of Jan 2022 sensor data for PTR-W,,2022-01-01,2022-12-31,,PTR_2022
PTR_W_2022_wx-slr-tf15_L2_v2-1.parquet,Year 2022 sensor data for W plot at PTR site,,2022-01-01,2022-12-31,'NA',PTR_2022
PTR_W_2022_wx-slr-tf15_L2_v2-1.pdf,Plots of Jan 2022 sensor data for PTR-W,,2022-01-01,2022-12-31,,PTR_2022
PTR_W_2022_wx-slr-tf24_L2_v2-1.parquet,Year 2022 sensor data for W plot at PTR site,,2022-01-01,2022-12-31,'NA',PTR_2022
PTR_W_2022_wx-slr-tf24_L2_v2-1.pdf,Plots of Jan 2022 sensor data for PTR-W,,2022-01-01,2022-12-31,,PTR_2022
PTR_W_2022_wx-strikes15_L2_v2-1.parquet,Year 2022 sensor data for W plot at PTR site,,2022-01-01,2022-12-31,'NA',PTR_2022
PTR_W_2022_wx-strikes15_L2_v2-1.pdf,Plots of Jan 2022 sensor data for PTR-W,,2022-01-01,2022-12-31,,PTR_2022
PTR_W_2022_wx-tempavg15_L2_v2-1.parquet,Year 2022 sensor data for W plot at PTR site,,2022-01-01,2022-12-31,'NA',PTR_2022
PTR_W_2022_wx-tempavg15_L2_v2-1.pdf,Plots of Jan 2022 sensor data for PTR-W,,2022-01-01,2022-12-31,,PTR_2022
PTR_W_2022_wx-tempavg24_L2_v2-1.parquet,Year 2022 sensor data for W plot at PTR site,,2022-01-01,2022-12-31,'NA',PTR_2022
PTR_W_2022_wx-tempavg24_L2_v2-1.pdf,Plots of Jan 2022 sensor data for PTR-W,,2022-01-01,2022-12-31,,PTR_2022
PTR_W_2022_wx-tempmax15_L2_v2-1.parquet,Year 2022 sensor data for W plot at PTR site,,2022-01-01,2022-12-31,'NA',PTR_2022
PTR_W_2022_wx-tempmax15_L2_v2-1.pdf,Plots of Jan 2022 sensor data for PTR-W,,2022-01-01,2022-12-31,,PTR_2022
PTR_W_2022_wx-tempmax24_L2_v2-1.parquet,Year 2022 sensor data for W plot at PTR site,,2022-01-01,2022-12-31,'NA',PTR_2022
PTR_W_2022_wx-tempmax24_L2_v2-1.pdf,Plots of Jan 2022 sensor data for PTR-W,,2022-01-01,2022-12-31,,PTR_2022
PTR_W_2022_wx-tempmin15_L2_v2-1.parquet,Year 2022 sensor data for W plot at PTR site,,2022-01-01,2022-12-31,'NA',PTR_2022
PTR_W_2022_wx-tempmin15_L2_v2-1.pdf,Plots of Jan 2022 sensor data for PTR-W,,2022-01-01,2022-12-31,,PTR_2022
PTR_W_2022_wx-tempmin24_L2_v2-1.parquet,Year 2022 sensor data for W plot at PTR site,,2022-01-01,2022-12-31,'NA',PTR_2022
PTR_W_2022_wx-tempmin24_L2_v2-1.pdf,Plots of Jan 2022 sensor data for PTR-W,,2022-01-01,2022-12-31,,PTR_2022
PTR_W_2022_wx-tilt-ns15_L2_v2-1.parquet,Year 2022 sensor data for W plot at PTR site,,2022-01-01,2022-12-31,'NA',PTR_2022
PTR_W_2022_wx-tilt-ns15_L2_v2-1.pdf,Plots of Jan 2022 sensor data for PTR-W,,2022-01-01,2022-12-31,,PTR_2022
PTR_W_2022_wx-tilt-ns24_L2_v2-1.parquet,Year 2022 sensor data for W plot at PTR site,,2022-01-01,2022-12-31,'NA',PTR_2022
PTR_W_2022_wx-tilt-ns24_L2_v2-1.pdf,Plots of Jan 2022 sensor data for PTR-W,,2022-01-01,2022-12-31,,PTR_2022
PTR_W_2022_wx-tilt-we15_L2_v2-1.parquet,Year 2022 sensor data for W plot at PTR site,,2022-01-01,2022-12-31,'NA',PTR_2022
PTR_W_2022_wx-tilt-we15_L2_v2-1.pdf,Plots of Jan 2022 sensor data for PTR-W,,2022-01-01,2022-12-31,,PTR_2022
PTR_W_2022_wx-tilt-we24_L2_v2-1.parquet,Year 2022 sensor data for W plot at PTR site,,2022-01-01,2022-12-31,'NA',PTR_2022
PTR_W_2022_wx-tilt-we24_L2_v2-1.pdf,Plots of Jan 2022 sensor data for PTR-W,,2022-01-01,2022-12-31,,PTR_2022
PTR_W_2022_wx-vappress15_L2_v2-1.parquet,Year 2022 sensor data for W plot at PTR site,,2022-01-01,2022-12-31,'NA',PTR_2022
PTR_W_2022_wx-vappress15_L2_v2-1.pdf,Plots of Jan 2022 sensor data for PTR-W,,2022-01-01,2022-12-31,,PTR_2022
PTR_W_2022_wx-vappress24_L2_v2-1.parquet,Year 2022 sensor data for W plot at PTR site,,2022-01-01,2022-12-31,'NA',PTR_2022
PTR_W_2022_wx-vappress24_L2_v2-1.pdf,Plots of Jan 2022 sensor data for PTR-W,,2022-01-01,2022-12-31,,PTR_2022
PTR_W_2022_wx-winddir-sd115_L2_v2-1.parquet,Year 2022 sensor data for W plot at PTR site,,2022-01-01,2022-12-31,'NA',PTR_2022
PTR_W_2022_wx-winddir-sd115_L2_v2-1.pdf,Plots of Jan 2022 sensor data for PTR-W,,2022-01-01,2022-12-31,,PTR_2022
PTR_W_2022_wx-winddir15_L2_v2-1.parquet,Year 2022 sensor data for W plot at PTR site,,2022-01-01,2022-12-31,'NA',PTR_2022
PTR_W_2022_wx-winddir15_L2_v2-1.pdf,Plots of Jan 2022 sensor data for PTR-W,,2022-01-01,2022-12-31,,PTR_2022
PTR_W_2022_wx-winderrors24_L2_v2-1.parquet,Year 2022 sensor data for W plot at PTR site,,2022-01-01,2022-12-31,'NA',PTR_2022
PTR_W_2022_wx-winderrors24_L2_v2-1.pdf,Plots of Jan 2022 sensor data for PTR-W,,2022-01-01,2022-12-31,,PTR_2022
PTR_W_2022_wx-windspeed15_L2_v2-1.parquet,Year 2022 sensor data for W plot at PTR site,,2022-01-01,2022-12-31,'NA',PTR_2022
PTR_W_2022_wx-windspeed15_L2_v2-1.pdf,Plots of Jan 2022 sensor data for PTR-W,,2022-01-01,2022-12-31,,PTR_2022
PTR_2023_L2_v2-1_metadata.txt,Metadata for all data files in PTR_2023 folder,,,,,PTR_2023
PTR_TR_2023_battery-voltage_L2_v2-1.parquet,Year 2023 sensor data for TR plot at PTR site,,2023-01-01,2023-12-31,'NA',PTR_2023
PTR_TR_2023_battery-voltage_L2_v2-1.pdf,Plots of Jan 2023 sensor data for PTR-TR,,2023-01-01,2023-12-31,,PTR_2023
PTR_TR_2023_gw-act-cond_L2_v2-1.parquet,Year 2023 sensor data for TR plot at PTR site,,2023-01-01,2023-12-31,'NA',PTR_2023
PTR_TR_2023_gw-act-cond_L2_v2-1.pdf,Plots of Jan 2023 sensor data for PTR-TR,,2023-01-01,2023-12-31,,PTR_2023
PTR_TR_2023_gw-bar-pressure_L2_v2-1.parquet,Year 2023 sensor data for TR plot at PTR site,,2023-01-01,2023-12-31,'NA',PTR_2023
PTR_TR_2023_gw-bar-pressure_L2_v2-1.pdf,Plots of Jan 2023 sensor data for PTR-TR,,2023-01-01,2023-12-31,,PTR_2023
PTR_TR_2023_gw-battery_L2_v2-1.parquet,Year 2023 sensor data for TR plot at PTR site,,2023-01-01,2023-12-31,'NA',PTR_2023
PTR_TR_2023_gw-battery_L2_v2-1.pdf,Plots of Jan 2023 sensor data for PTR-TR,,2023-01-01,2023-12-31,,PTR_2023
PTR_TR_2023_gw-density_L2_v2-1.parquet,Year 2023 sensor data for TR plot at PTR site,,2023-01-01,2023-12-31,'NA',PTR_2023
PTR_TR_2023_gw-density_L2_v2-1.pdf,Plots of Jan 2023 sensor data for PTR-TR,,2023-01-01,2023-12-31,,PTR_2023
PTR_TR_2023_gw-depth_L2_v2-1.parquet,Year 2023 sensor data for TR plot at PTR site,,2023-01-01,2023-12-31,'NA',PTR_2023
PTR_TR_2023_gw-depth_L2_v2-1.pdf,Plots of Jan 2023 sensor data for PTR-TR,,2023-01-01,2023-12-31,,PTR_2023
PTR_TR_2023_gw-part-pressure_L2_v2-1.parquet,Year 2023 sensor data for TR plot at PTR site,,2023-01-01,2023-12-31,'NA',PTR_2023
PTR_TR_2023_gw-part-pressure_L2_v2-1.pdf,Plots of Jan 2023 sensor data for PTR-TR,,2023-01-01,2023-12-31,,PTR_2023
PTR_TR_2023_gw-perc-sat_L2_v2-1.parquet,Year 2023 sensor data for TR plot at PTR site,,2023-01-01,2023-12-31,'NA',PTR_2023
PTR_TR_2023_gw-perc-sat_L2_v2-1.pdf,Plots of Jan 2023 sensor data for PTR-TR,,2023-01-01,2023-12-31,,PTR_2023
PTR_TR_2023_gw-ph_L2_v2-1.parquet,Year 2023 sensor data for TR plot at PTR site,,2023-01-01,2023-12-31,'NA',PTR_2023
PTR_TR_2023_gw-ph_L2_v2-1.pdf,Plots of Jan 2023 sensor data for PTR-TR,,2023-01-01,2023-12-31,,PTR_2023
PTR_TR_2023_gw-ph-mv_L2_v2-1.parquet,Year 2023 sensor data for TR plot at PTR site,,2023-01-01,2023-12-31,'NA',PTR_2023
PTR_TR_2023_gw-ph-mv_L2_v2-1.pdf,Plots of Jan 2023 sensor data for PTR-TR,,2023-01-01,2023-12-31,,PTR_2023
PTR_TR_2023_gw-ph-orp_L2_v2-1.parquet,Year 2023 sensor data for TR plot at PTR site,,2023-01-01,2023-12-31,'NA',PTR_2023
PTR_TR_2023_gw-ph-orp_L2_v2-1.pdf,Plots of Jan 2023 sensor data for PTR-TR,,2023-01-01,2023-12-31,,PTR_2023
PTR_TR_2023_gw-pressure-vented_L2_v2-1.parquet,Year 2023 sensor data for TR plot at PTR site,,2023-01-01,2023-12-31,'NA',PTR_2023
PTR_TR_2023_gw-pressure-vented_L2_v2-1.pdf,Plots of Jan 2023 sensor data for PTR-TR,,2023-01-01,2023-12-31,,PTR_2023
PTR_TR_2023_gw-rdo-conc_L2_v2-1.parquet,Year 2023 sensor data for TR plot at PTR site,,2023-01-01,2023-12-31,'NA',PTR_2023
PTR_TR_2023_gw-rdo-conc_L2_v2-1.pdf,Plots of Jan 2023 sensor data for PTR-TR,,2023-01-01,2023-12-31,,PTR_2023
PTR_TR_2023_gw-resistivity_L2_v2-1.parquet,Year 2023 sensor data for TR plot at PTR site,,2023-01-01,2023-12-31,'NA',PTR_2023
PTR_TR_2023_gw-resistivity_L2_v2-1.pdf,Plots of Jan 2023 sensor data for PTR-TR,,2023-01-01,2023-12-31,,PTR_2023
PTR_TR_2023_gw-salinity_L2_v2-1.parquet,Year 2023 sensor data for TR plot at PTR site,,2023-01-01,2023-12-31,'NA',PTR_2023
PTR_TR_2023_gw-salinity_L2_v2-1.pdf,Plots of Jan 2023 sensor data for PTR-TR,,2023-01-01,2023-12-31,,PTR_2023
PTR_TR_2023_gw-spec-cond_L2_v2-1.parquet,Year 2023 sensor data for TR plot at PTR site,,2023-01-01,2023-12-31,'NA',PTR_2023
PTR_TR_2023_gw-spec-cond_L2_v2-1.pdf,Plots of Jan 2023 sensor data for PTR-TR,,2023-01-01,2023-12-31,,PTR_2023
PTR_TR_2023_gw-tds_L2_v2-1.parquet,Year 2023 sensor data for TR plot at PTR site,,2023-01-01,2023-12-31,'NA',PTR_2023
PTR_TR_2023_gw-tds_L2_v2-1.pdf,Plots of Jan 2023 sensor data for PTR-TR,,2023-01-01,2023-12-31,,PTR_2023
PTR_TR_2023_gw-temperature_L2_v2-1.parquet,Year 2023 sensor data for TR plot at PTR site,,2023-01-01,2023-12-31,'NA',PTR_2023
PTR_TR_2023_gw-temperature_L2_v2-1.pdf,Plots of Jan 2023 sensor data for PTR-TR,,2023-01-01,2023-12-31,,PTR_2023
PTR_TR_2023_gw-voltage-ext_L2_v2-1.parquet,Year 2023 sensor data for TR plot at PTR site,,2023-01-01,2023-12-31,'NA',PTR_2023
PTR_TR_2023_gw-voltage-ext_L2_v2-1.pdf,Plots of Jan 2023 sensor data for PTR-TR,,2023-01-01,2023-12-31,,PTR_2023
PTR_TR_2023_gw-wl-below-surface_L2_v2-1.parquet,Year 2023 sensor data for TR plot at PTR site,,2023-01-01,2023-12-31,'NA',PTR_2023
PTR_TR_2023_gw-wl-below-surface_L2_v2-1.pdf,Plots of Jan 2023 sensor data for PTR-TR,,2023-01-01,2023-12-31,,PTR_2023
PTR_TR_2023_sapflow-3.5cm_L2_v2-1.parquet,Year 2023 sensor data for TR plot at PTR site,,2023-01-01,2023-12-31,'NA',PTR_2023
PTR_TR_2023_sapflow-3.5cm_L2_v2-1.pdf,Plots of Jan 2023 sensor data for PTR-TR,,2023-01-01,2023-12-31,,PTR_2023
PTR_TR_2023_sapflow-5cm_L2_v2-1.parquet,Year 2023 sensor data for TR plot at PTR site,,2023-01-01,2023-12-31,'NA',PTR_2023
PTR_TR_2023_sapflow-5cm_L2_v2-1.pdf,Plots of Jan 2023 sensor data for PTR-TR,,2023-01-01,2023-12-31,,PTR_2023
PTR_TR_2023_soil-EC-10cm_L2_v2-1.parquet,Year 2023 sensor data for TR plot at PTR site,,2023-01-01,2023-12-31,'NA',PTR_2023
PTR_TR_2023_soil-EC-10cm_L2_v2-1.pdf,Plots of Jan 2023 sensor data for PTR-TR,,2023-01-01,2023-12-31,,PTR_2023
PTR_TR_2023_soil-EC-30cm_L2_v2-1.parquet,Year 2023 sensor data for TR plot at PTR site,,2023-01-01,2023-12-31,'NA',PTR_2023
PTR_TR_2023_soil-EC-30cm_L2_v2-1.pdf,Plots of Jan 2023 sensor data for PTR-TR,,2023-01-01,2023-12-31,,PTR_2023
PTR_TR_2023_soil-salinity-10cm_L2_v2-1.parquet,Year 2023 sensor data for TR plot at PTR site,,2023-01-01,2023-12-31,'NA',PTR_2023
PTR_TR_2023_soil-salinity-10cm_L2_v2-1.pdf,Plots of Jan 2023 sensor data for PTR-TR,,2023-01-01,2023-12-31,,PTR_2023
PTR_TR_2023_soil-salinity-30cm_L2_v2-1.parquet,Year 2023 sensor data for TR plot at PTR site,,2023-01-01,2023-12-31,'NA',PTR_2023
PTR_TR_2023_soil-salinity-30cm_L2_v2-1.pdf,Plots of Jan 2023 sensor data for PTR-TR,,2023-01-01,2023-12-31,,PTR_2023
PTR_TR_2023_soil-temp-10cm_L2_v2-1.parquet,Year 2023 sensor data for TR plot at PTR site,,2023-01-01,2023-12-31,'NA',PTR_2023
PTR_TR_2023_soil-temp-10cm_L2_v2-1.pdf,Plots of Jan 2023 sensor data for PTR-TR,,2023-01-01,2023-12-31,,PTR_2023
PTR_TR_2023_soil-temp-30cm_L2_v2-1.parquet,Year 2023 sensor data for TR plot at PTR site,,2023-01-01,2023-12-31,'NA',PTR_2023
PTR_TR_2023_soil-temp-30cm_L2_v2-1.pdf,Plots of Jan 2023 sensor data for PTR-TR,,2023-01-01,2023-12-31,,PTR_2023
PTR_TR_2023_soil-vwc-10cm_L2_v2-1.parquet,Year 2023 sensor data for TR plot at PTR site,,2023-01-01,2023-12-31,'NA',PTR_2023
PTR_TR_2023_soil-vwc-10cm_L2_v2-1.pdf,Plots of Jan 2023 sensor data for PTR-TR,,2023-01-01,2023-12-31,,PTR_2023
PTR_TR_2023_soil-vwc-30cm_L2_v2-1.parquet,Year 2023 sensor data for TR plot at PTR site,,2023-01-01,2023-12-31,'NA',PTR_2023
PTR_TR_2023_soil-vwc-30cm_L2_v2-1.pdf,Plots of Jan 2023 sensor data for PTR-TR,,2023-01-01,2023-12-31,,PTR_2023
PTR_TR_2023_solar-voltage_L2_v2-1.parquet,Year 2023 sensor data for TR plot at PTR site,,2023-01-01,2023-12-31,'NA',PTR_2023
PTR_TR_2023_solar-voltage_L2_v2-1.pdf,Plots of Jan 2023 sensor data for PTR-TR,,2023-01-01,2023-12-31,,PTR_2023
PTR_UP_2023_battery-voltage_L2_v2-1.parquet,Year 2023 sensor data for UP plot at PTR site,,2023-01-01,2023-12-31,'NA',PTR_2023
PTR_UP_2023_battery-voltage_L2_v2-1.pdf,Plots of Jan 2023 sensor data for PTR-UP,,2023-01-01,2023-12-31,,PTR_2023
PTR_UP_2023_gw-bar-pressure_L2_v2-1.parquet,Year 2023 sensor data for UP plot at PTR site,,2023-01-01,2023-12-31,'NA',PTR_2023
PTR_UP_2023_gw-bar-pressure_L2_v2-1.pdf,Plots of Jan 2023 sensor data for PTR-UP,,2023-01-01,2023-12-31,,PTR_2023
PTR_UP_2023_gw-density_L2_v2-1.parquet,Year 2023 sensor data for UP plot at PTR site,,2023-01-01,2023-12-31,'NA',PTR_2023
PTR_UP_2023_gw-density_L2_v2-1.pdf,Plots of Jan 2023 sensor data for PTR-UP,,2023-01-01,2023-12-31,,PTR_2023
PTR_UP_2023_gw-ph_L2_v2-1.parquet,Year 2023 sensor data for UP plot at PTR site,,2023-01-01,2023-12-31,'NA',PTR_2023
PTR_UP_2023_gw-ph_L2_v2-1.pdf,Plots of Jan 2023 sensor data for PTR-UP,,2023-01-01,2023-12-31,,PTR_2023
PTR_UP_2023_gw-ph-orp_L2_v2-1.parquet,Year 2023 sensor data for UP plot at PTR site,,2023-01-01,2023-12-31,'NA',PTR_2023
PTR_UP_2023_gw-ph-orp_L2_v2-1.pdf,Plots of Jan 2023 sensor data for PTR-UP,,2023-01-01,2023-12-31,,PTR_2023
PTR_UP_2023_gw-pressure-vented_L2_v2-1.parquet,Year 2023 sensor data for UP plot at PTR site,,2023-01-01,2023-12-31,'NA',PTR_2023
PTR_UP_2023_gw-pressure-vented_L2_v2-1.pdf,Plots of Jan 2023 sensor data for PTR-UP,,2023-01-01,2023-12-31,,PTR_2023
PTR_UP_2023_gw-rdo-conc_L2_v2-1.parquet,Year 2023 sensor data for UP plot at PTR site,,2023-01-01,2023-12-31,'NA',PTR_2023
PTR_UP_2023_gw-rdo-conc_L2_v2-1.pdf,Plots of Jan 2023 sensor data for PTR-UP,,2023-01-01,2023-12-31,,PTR_2023
PTR_UP_2023_gw-salinity_L2_v2-1.parquet,Year 2023 sensor data for UP plot at PTR site,,2023-01-01,2023-12-31,'NA',PTR_2023
PTR_UP_2023_gw-salinity_L2_v2-1.pdf,Plots of Jan 2023 sensor data for PTR-UP,,2023-01-01,2023-12-31,,PTR_2023
PTR_UP_2023_gw-temperature_L2_v2-1.parquet,Year 2023 sensor data for UP plot at PTR site,,2023-01-01,2023-12-31,'NA',PTR_2023
PTR_UP_2023_gw-temperature_L2_v2-1.pdf,Plots of Jan 2023 sensor data for PTR-UP,,2023-01-01,2023-12-31,,PTR_2023
PTR_UP_2023_gw-wl-below-surface_L2_v2-1.parquet,Year 2023 sensor data for UP plot at PTR site,,2023-01-01,2023-12-31,'NA',PTR_2023
PTR_UP_2023_gw-wl-below-surface_L2_v2-1.pdf,Plots of Jan 2023 sensor data for PTR-UP,,2023-01-01,2023-12-31,,PTR_2023
PTR_UP_2023_sapflow-3.5cm_L2_v2-1.parquet,Year 2023 sensor data for UP plot at PTR site,,2023-01-01,2023-12-31,'NA',PTR_2023
PTR_UP_2023_sapflow-3.5cm_L2_v2-1.pdf,Plots of Jan 2023 sensor data for PTR-UP,,2023-01-01,2023-12-31,,PTR_2023
PTR_UP_2023_sapflow-5cm_L2_v2-1.parquet,Year 2023 sensor data for UP plot at PTR site,,2023-01-01,2023-12-31,'NA',PTR_2023
PTR_UP_2023_sapflow-5cm_L2_v2-1.pdf,Plots of Jan 2023 sensor data for PTR-UP,,2023-01-01,2023-12-31,,PTR_2023
PTR_UP_2023_soil-EC-10cm_L2_v2-1.parquet,Year 2023 sensor data for UP plot at PTR site,,2023-01-01,2023-12-31,'NA',PTR_2023
PTR_UP_2023_soil-EC-10cm_L2_v2-1.pdf,Plots of Jan 2023 sensor data for PTR-UP,,2023-01-01,2023-12-31,,PTR_2023
PTR_UP_2023_soil-EC-30cm_L2_v2-1.parquet,Year 2023 sensor data for UP plot at PTR site,,2023-01-01,2023-12-31,'NA',PTR_2023
PTR_UP_2023_soil-EC-30cm_L2_v2-1.pdf,Plots of Jan 2023 sensor data for PTR-UP,,2023-01-01,2023-12-31,,PTR_2023
PTR_UP_2023_soil-salinity-10cm_L2_v2-1.parquet,Year 2023 sensor data for UP plot at PTR site,,2023-01-01,2023-12-31,'NA',PTR_2023
PTR_UP_2023_soil-salinity-10cm_L2_v2-1.pdf,Plots of Jan 2023 sensor data for PTR-UP,,2023-01-01,2023-12-31,,PTR_2023
PTR_UP_2023_soil-salinity-30cm_L2_v2-1.parquet,Year 2023 sensor data for UP plot at PTR site,,2023-01-01,2023-12-31,'NA',PTR_2023
PTR_UP_2023_soil-salinity-30cm_L2_v2-1.pdf,Plots of Jan 2023 sensor data for PTR-UP,,2023-01-01,2023-12-31,,PTR_2023
PTR_UP_2023_soil-temp-10cm_L2_v2-1.parquet,Year 2023 sensor data for UP plot at PTR site,,2023-01-01,2023-12-31,'NA',PTR_2023
PTR_UP_2023_soil-temp-10cm_L2_v2-1.pdf,Plots of Jan 2023 sensor data for PTR-UP,,2023-01-01,2023-12-31,,PTR_2023
PTR_UP_2023_soil-temp-30cm_L2_v2-1.parquet,Year 2023 sensor data for UP plot at PTR site,,2023-01-01,2023-12-31,'NA',PTR_2023
PTR_UP_2023_soil-temp-30cm_L2_v2-1.pdf,Plots of Jan 2023 sensor data for PTR-UP,,2023-01-01,2023-12-31,,PTR_2023
PTR_UP_2023_soil-vwc-10cm_L2_v2-1.parquet,Year 2023 sensor data for UP plot at PTR site,,2023-01-01,2023-12-31,'NA',PTR_2023
PTR_UP_2023_soil-vwc-10cm_L2_v2-1.pdf,Plots of Jan 2023 sensor data for PTR-UP,,2023-01-01,2023-12-31,,PTR_2023
PTR_UP_2023_soil-vwc-30cm_L2_v2-1.parquet,Year 2023 sensor data for UP plot at PTR site,,2023-01-01,2023-12-31,'NA',PTR_2023
PTR_UP_2023_soil-vwc-30cm_L2_v2-1.pdf,Plots of Jan 2023 sensor data for PTR-UP,,2023-01-01,2023-12-31,,PTR_2023
PTR_UP_2023_solar-voltage_L2_v2-1.parquet,Year 2023 sensor data for UP plot at PTR site,,2023-01-01,2023-12-31,'NA',PTR_2023
PTR_UP_2023_solar-voltage_L2_v2-1.pdf,Plots of Jan 2023 sensor data for PTR-UP,,2023-01-01,2023-12-31,,PTR_2023
PTR_W_2023_battery-voltage_L2_v2-1.parquet,Year 2023 sensor data for W plot at PTR site,,2023-01-01,2023-12-31,'NA',PTR_2023
PTR_W_2023_battery-voltage_L2_v2-1.pdf,Plots of Jan 2023 sensor data for PTR-W,,2023-01-01,2023-12-31,,PTR_2023
PTR_W_2023_gw-act-cond_L2_v2-1.parquet,Year 2023 sensor data for W plot at PTR site,,2023-01-01,2023-12-31,'NA',PTR_2023
PTR_W_2023_gw-act-cond_L2_v2-1.pdf,Plots of Jan 2023 sensor data for PTR-W,,2023-01-01,2023-12-31,,PTR_2023
PTR_W_2023_gw-bar-pressure_L2_v2-1.parquet,Year 2023 sensor data for W plot at PTR site,,2023-01-01,2023-12-31,'NA',PTR_2023
PTR_W_2023_gw-bar-pressure_L2_v2-1.pdf,Plots of Jan 2023 sensor data for PTR-W,,2023-01-01,2023-12-31,,PTR_2023
PTR_W_2023_gw-battery_L2_v2-1.parquet,Year 2023 sensor data for W plot at PTR site,,2023-01-01,2023-12-31,'NA',PTR_2023
PTR_W_2023_gw-battery_L2_v2-1.pdf,Plots of Jan 2023 sensor data for PTR-W,,2023-01-01,2023-12-31,,PTR_2023
PTR_W_2023_gw-density_L2_v2-1.parquet,Year 2023 sensor data for W plot at PTR site,,2023-01-01,2023-12-31,'NA',PTR_2023
PTR_W_2023_gw-density_L2_v2-1.pdf,Plots of Jan 2023 sensor data for PTR-W,,2023-01-01,2023-12-31,,PTR_2023
PTR_W_2023_gw-depth_L2_v2-1.parquet,Year 2023 sensor data for W plot at PTR site,,2023-01-01,2023-12-31,'NA',PTR_2023
PTR_W_2023_gw-depth_L2_v2-1.pdf,Plots of Jan 2023 sensor data for PTR-W,,2023-01-01,2023-12-31,,PTR_2023
PTR_W_2023_gw-part-pressure_L2_v2-1.parquet,Year 2023 sensor data for W plot at PTR site,,2023-01-01,2023-12-31,'NA',PTR_2023
PTR_W_2023_gw-part-pressure_L2_v2-1.pdf,Plots of Jan 2023 sensor data for PTR-W,,2023-01-01,2023-12-31,,PTR_2023
PTR_W_2023_gw-perc-sat_L2_v2-1.parquet,Year 2023 sensor data for W plot at PTR site,,2023-01-01,2023-12-31,'NA',PTR_2023
PTR_W_2023_gw-perc-sat_L2_v2-1.pdf,Plots of Jan 2023 sensor data for PTR-W,,2023-01-01,2023-12-31,,PTR_2023
PTR_W_2023_gw-ph_L2_v2-1.parquet,Year 2023 sensor data for W plot at PTR site,,2023-01-01,2023-12-31,'NA',PTR_2023
PTR_W_2023_gw-ph_L2_v2-1.pdf,Plots of Jan 2023 sensor data for PTR-W,,2023-01-01,2023-12-31,,PTR_2023
PTR_W_2023_gw-ph-mv_L2_v2-1.parquet,Year 2023 sensor data for W plot at PTR site,,2023-01-01,2023-12-31,'NA',PTR_2023
PTR_W_2023_gw-ph-mv_L2_v2-1.pdf,Plots of Jan 2023 sensor data for PTR-W,,2023-01-01,2023-12-31,,PTR_2023
PTR_W_2023_gw-ph-orp_L2_v2-1.parquet,Year 2023 sensor data for W plot at PTR site,,2023-01-01,2023-12-31,'NA',PTR_2023
PTR_W_2023_gw-ph-orp_L2_v2-1.pdf,Plots of Jan 2023 sensor data for PTR-W,,2023-01-01,2023-12-31,,PTR_2023
PTR_W_2023_gw-pressure-vented_L2_v2-1.parquet,Year 2023 sensor data for W plot at PTR site,,2023-01-01,2023-12-31,'NA',PTR_2023
PTR_W_2023_gw-pressure-vented_L2_v2-1.pdf,Plots of Jan 2023 sensor data for PTR-W,,2023-01-01,2023-12-31,,PTR_2023
PTR_W_2023_gw-rdo-conc_L2_v2-1.parquet,Year 2023 sensor data for W plot at PTR site,,2023-01-01,2023-12-31,'NA',PTR_2023
PTR_W_2023_gw-rdo-conc_L2_v2-1.pdf,Plots of Jan 2023 sensor data for PTR-W,,2023-01-01,2023-12-31,,PTR_2023
PTR_W_2023_gw-resistivity_L2_v2-1.parquet,Year 2023 sensor data for W plot at PTR site,,2023-01-01,2023-12-31,'NA',PTR_2023
PTR_W_2023_gw-resistivity_L2_v2-1.pdf,Plots of Jan 2023 sensor data for PTR-W,,2023-01-01,2023-12-31,,PTR_2023
PTR_W_2023_gw-salinity_L2_v2-1.parquet,Year 2023 sensor data for W plot at PTR site,,2023-01-01,2023-12-31,'NA',PTR_2023
PTR_W_2023_gw-salinity_L2_v2-1.pdf,Plots of Jan 2023 sensor data for PTR-W,,2023-01-01,2023-12-31,,PTR_2023
PTR_W_2023_gw-spec-cond_L2_v2-1.parquet,Year 2023 sensor data for W plot at PTR site,,2023-01-01,2023-12-31,'NA',PTR_2023
PTR_W_2023_gw-spec-cond_L2_v2-1.pdf,Plots of Jan 2023 sensor data for PTR-W,,2023-01-01,2023-12-31,,PTR_2023
PTR_W_2023_gw-tds_L2_v2-1.parquet,Year 2023 sensor data for W plot at PTR site,,2023-01-01,2023-12-31,'NA',PTR_2023
PTR_W_2023_gw-tds_L2_v2-1.pdf,Plots of Jan 2023 sensor data for PTR-W,,2023-01-01,2023-12-31,,PTR_2023
PTR_W_2023_gw-temperature_L2_v2-1.parquet,Year 2023 sensor data for W plot at PTR site,,2023-01-01,2023-12-31,'NA',PTR_2023
PTR_W_2023_gw-temperature_L2_v2-1.pdf,Plots of Jan 2023 sensor data for PTR-W,,2023-01-01,2023-12-31,,PTR_2023
PTR_W_2023_gw-voltage-ext_L2_v2-1.parquet,Year 2023 sensor data for W plot at PTR site,,2023-01-01,2023-12-31,'NA',PTR_2023
PTR_W_2023_gw-voltage-ext_L2_v2-1.pdf,Plots of Jan 2023 sensor data for PTR-W,,2023-01-01,2023-12-31,,PTR_2023
PTR_W_2023_gw-wl-below-surface_L2_v2-1.parquet,Year 2023 sensor data for W plot at PTR site,,2023-01-01,2023-12-31,'NA',PTR_2023
PTR_W_2023_gw-wl-below-surface_L2_v2-1.pdf,Plots of Jan 2023 sensor data for PTR-W,,2023-01-01,2023-12-31,,PTR_2023
PTR_W_2023_soil-EC-10cm_L2_v2-1.parquet,Year 2023 sensor data for W plot at PTR site,,2023-01-01,2023-12-31,'NA',PTR_2023
PTR_W_2023_soil-EC-10cm_L2_v2-1.pdf,Plots of Jan 2023 sensor data for PTR-W,,2023-01-01,2023-12-31,,PTR_2023
PTR_W_2023_soil-EC-30cm_L2_v2-1.parquet,Year 2023 sensor data for W plot at PTR site,,2023-01-01,2023-12-31,'NA',PTR_2023
PTR_W_2023_soil-EC-30cm_L2_v2-1.pdf,Plots of Jan 2023 sensor data for PTR-W,,2023-01-01,2023-12-31,,PTR_2023
PTR_W_2023_soil-salinity-10cm_L2_v2-1.parquet,Year 2023 sensor data for W plot at PTR site,,2023-01-01,2023-12-31,'NA',PTR_2023
PTR_W_2023_soil-salinity-10cm_L2_v2-1.pdf,Plots of Jan 2023 sensor data for PTR-W,,2023-01-01,2023-12-31,,PTR_2023
PTR_W_2023_soil-salinity-30cm_L2_v2-1.parquet,Year 2023 sensor data for W plot at PTR site,,2023-01-01,2023-12-31,'NA',PTR_2023
PTR_W_2023_soil-salinity-30cm_L2_v2-1.pdf,Plots of Jan 2023 sensor data for PTR-W,,2023-01-01,2023-12-31,,PTR_2023
PTR_W_2023_soil-temp-10cm_L2_v2-1.parquet,Year 2023 sensor data for W plot at PTR site,,2023-01-01,2023-12-31,'NA',PTR_2023
PTR_W_2023_soil-temp-10cm_L2_v2-1.pdf,Plots of Jan 2023 sensor data for PTR-W,,2023-01-01,2023-12-31,,PTR_2023
PTR_W_2023_soil-temp-30cm_L2_v2-1.parquet,Year 2023 sensor data for W plot at PTR site,,2023-01-01,2023-12-31,'NA',PTR_2023
PTR_W_2023_soil-temp-30cm_L2_v2-1.pdf,Plots of Jan 2023 sensor data for PTR-W,,2023-01-01,2023-12-31,,PTR_2023
PTR_W_2023_soil-vwc-10cm_L2_v2-1.parquet,Year 2023 sensor data for W plot at PTR site,,2023-01-01,2023-12-31,'NA',PTR_2023
PTR_W_2023_soil-vwc-10cm_L2_v2-1.pdf,Plots of Jan 2023 sensor data for PTR-W,,2023-01-01,2023-12-31,,PTR_2023
PTR_W_2023_soil-vwc-30cm_L2_v2-1.parquet,Year 2023 sensor data for W plot at PTR site,,2023-01-01,2023-12-31,'NA',PTR_2023
PTR_W_2023_soil-vwc-30cm_L2_v2-1.pdf,Plots of Jan 2023 sensor data for PTR-W,,2023-01-01,2023-12-31,,PTR_2023
PTR_W_2023_solar-voltage_L2_v2-1.parquet,Year 2023 sensor data for W plot at PTR site,,2023-01-01,2023-12-31,'NA',PTR_2023
PTR_W_2023_solar-voltage_L2_v2-1.pdf,Plots of Jan 2023 sensor data for PTR-W,,2023-01-01,2023-12-31,,PTR_2023
PTR_W_2023_wx-barpress15_L2_v2-1.parquet,Year 2023 sensor data for W plot at PTR site,,2023-01-01,2023-12-31,'NA',PTR_2023
PTR_W_2023_wx-barpress15_L2_v2-1.pdf,Plots of Jan 2023 sensor data for PTR-W,,2023-01-01,2023-12-31,,PTR_2023
PTR_W_2023_wx-bpmax15_L2_v2-1.parquet,Year 2023 sensor data for W plot at PTR site,,2023-01-01,2023-12-31,'NA',PTR_2023
PTR_W_2023_wx-bpmax15_L2_v2-1.pdf,Plots of Jan 2023 sensor data for PTR-W,,2023-01-01,2023-12-31,,PTR_2023
PTR_W_2023_wx-bpmin15_L2_v2-1.parquet,Year 2023 sensor data for W plot at PTR site,,2023-01-01,2023-12-31,'NA',PTR_2023
PTR_W_2023_wx-bpmin15_L2_v2-1.pdf,Plots of Jan 2023 sensor data for PTR-W,,2023-01-01,2023-12-31,,PTR_2023
PTR_W_2023_wx-dist-min15_L2_v2-1.parquet,Year 2023 sensor data for W plot at PTR site,,2023-01-01,2023-12-31,'NA',PTR_2023
PTR_W_2023_wx-dist-min15_L2_v2-1.pdf,Plots of Jan 2023 sensor data for PTR-W,,2023-01-01,2023-12-31,,PTR_2023
PTR_W_2023_wx-invalid-wind15_L2_v2-1.parquet,Year 2023 sensor data for W plot at PTR site,,2023-01-01,2023-12-31,'NA',PTR_2023
PTR_W_2023_wx-invalid-wind15_L2_v2-1.pdf,Plots of Jan 2023 sensor data for PTR-W,,2023-01-01,2023-12-31,,PTR_2023
PTR_W_2023_wx-maxws15_L2_v2-1.parquet,Year 2023 sensor data for W plot at PTR site,,2023-01-01,2023-12-31,'NA',PTR_2023
PTR_W_2023_wx-maxws15_L2_v2-1.pdf,Plots of Jan 2023 sensor data for PTR-W,,2023-01-01,2023-12-31,,PTR_2023
PTR_W_2023_wx-maxws24_L2_v2-1.parquet,Year 2023 sensor data for W plot at PTR site,,2023-01-01,2023-12-31,'NA',PTR_2023
PTR_W_2023_wx-maxws24_L2_v2-1.pdf,Plots of Jan 2023 sensor data for PTR-W,,2023-01-01,2023-12-31,,PTR_2023
PTR_W_2023_wx-par-den15_L2_v2-1.parquet,Year 2023 sensor data for W plot at PTR site,,2023-01-01,2023-12-31,'NA',PTR_2023
PTR_W_2023_wx-par-den15_L2_v2-1.pdf,Plots of Jan 2023 sensor data for PTR-W,,2023-01-01,2023-12-31,,PTR_2023
PTR_W_2023_wx-par-den24_L2_v2-1.parquet,Year 2023 sensor data for W plot at PTR site,,2023-01-01,2023-12-31,'NA',PTR_2023
PTR_W_2023_wx-par-den24_L2_v2-1.pdf,Plots of Jan 2023 sensor data for PTR-W,,2023-01-01,2023-12-31,,PTR_2023
PTR_W_2023_wx-par-tot15_L2_v2-1.parquet,Year 2023 sensor data for W plot at PTR site,,2023-01-01,2023-12-31,'NA',PTR_2023
PTR_W_2023_wx-par-tot15_L2_v2-1.pdf,Plots of Jan 2023 sensor data for PTR-W,,2023-01-01,2023-12-31,,PTR_2023
PTR_W_2023_wx-par-tot24_L2_v2-1.parquet,Year 2023 sensor data for W plot at PTR site,,2023-01-01,2023-12-31,'NA',PTR_2023
PTR_W_2023_wx-par-tot24_L2_v2-1.pdf,Plots of Jan 2023 sensor data for PTR-W,,2023-01-01,2023-12-31,,PTR_2023
PTR_W_2023_wx-rain15_L2_v2-1.parquet,Year 2023 sensor data for W plot at PTR site,,2023-01-01,2023-12-31,'NA',PTR_2023
PTR_W_2023_wx-rain15_L2_v2-1.pdf,Plots of Jan 2023 sensor data for PTR-W,,2023-01-01,2023-12-31,,PTR_2023
PTR_W_2023_wx-rain24_L2_v2-1.parquet,Year 2023 sensor data for W plot at PTR site,,2023-01-01,2023-12-31,'NA',PTR_2023
PTR_W_2023_wx-rain24_L2_v2-1.pdf,Plots of Jan 2023 sensor data for PTR-W,,2023-01-01,2023-12-31,,PTR_2023
PTR_W_2023_wx-rh15_L2_v2-1.parquet,Year 2023 sensor data for W plot at PTR site,,2023-01-01,2023-12-31,'NA',PTR_2023
PTR_W_2023_wx-rh15_L2_v2-1.pdf,Plots of Jan 2023 sensor data for PTR-W,,2023-01-01,2023-12-31,,PTR_2023
PTR_W_2023_wx-rh24_L2_v2-1.parquet,Year 2023 sensor data for W plot at PTR site,,2023-01-01,2023-12-31,'NA',PTR_2023
PTR_W_2023_wx-rh24_L2_v2-1.pdf,Plots of Jan 2023 sensor data for PTR-W,,2023-01-01,2023-12-31,,PTR_2023
PTR_W_2023_wx-rht15_L2_v2-1.parquet,Year 2023 sensor data for W plot at PTR site,,2023-01-01,2023-12-31,'NA',PTR_2023
PTR_W_2023_wx-rht15_L2_v2-1.pdf,Plots of Jan 2023 sensor data for PTR-W,,2023-01-01,2023-12-31,,PTR_2023
PTR_W_2023_wx-rht24_L2_v2-1.parquet,Year 2023 sensor data for W plot at PTR site,,2023-01-01,2023-12-31,'NA',PTR_2023
PTR_W_2023_wx-rht24_L2_v2-1.pdf,Plots of Jan 2023 sensor data for PTR-W,,2023-01-01,2023-12-31,,PTR_2023
PTR_W_2023_wx-rhtmax24_L2_v2-1.parquet,Year 2023 sensor data for W plot at PTR site,,2023-01-01,2023-12-31,'NA',PTR_2023
PTR_W_2023_wx-rhtmax24_L2_v2-1.pdf,Plots of Jan 2023 sensor data for PTR-W,,2023-01-01,2023-12-31,,PTR_2023
PTR_W_2023_wx-rhtmin24_L2_v2-1.parquet,Year 2023 sensor data for W plot at PTR site,,2023-01-01,2023-12-31,'NA',PTR_2023
PTR_W_2023_wx-rhtmin24_L2_v2-1.pdf,Plots of Jan 2023 sensor data for PTR-W,,2023-01-01,2023-12-31,,PTR_2023
PTR_W_2023_wx-slr-fd15_L2_v2-1.parquet,Year 2023 sensor data for W plot at PTR site,,2023-01-01,2023-12-31,'NA',PTR_2023
PTR_W_2023_wx-slr-fd15_L2_v2-1.pdf,Plots of Jan 2023 sensor data for PTR-W,,2023-01-01,2023-12-31,,PTR_2023
PTR_W_2023_wx-slr-fd24_L2_v2-1.parquet,Year 2023 sensor data for W plot at PTR site,,2023-01-01,2023-12-31,'NA',PTR_2023
PTR_W_2023_wx-slr-fd24_L2_v2-1.pdf,Plots of Jan 2023 sensor data for PTR-W,,2023-01-01,2023-12-31,,PTR_2023
PTR_W_2023_wx-slr-tf15_L2_v2-1.parquet,Year 2023 sensor data for W plot at PTR site,,2023-01-01,2023-12-31,'NA',PTR_2023
PTR_W_2023_wx-slr-tf15_L2_v2-1.pdf,Plots of Jan 2023 sensor data for PTR-W,,2023-01-01,2023-12-31,,PTR_2023
PTR_W_2023_wx-slr-tf24_L2_v2-1.parquet,Year 2023 sensor data for W plot at PTR site,,2023-01-01,2023-12-31,'NA',PTR_2023
PTR_W_2023_wx-slr-tf24_L2_v2-1.pdf,Plots of Jan 2023 sensor data for PTR-W,,2023-01-01,2023-12-31,,PTR_2023
PTR_W_2023_wx-strikes15_L2_v2-1.parquet,Year 2023 sensor data for W plot at PTR site,,2023-01-01,2023-12-31,'NA',PTR_2023
PTR_W_2023_wx-strikes15_L2_v2-1.pdf,Plots of Jan 2023 sensor data for PTR-W,,2023-01-01,2023-12-31,,PTR_2023
PTR_W_2023_wx-tempavg15_L2_v2-1.parquet,Year 2023 sensor data for W plot at PTR site,,2023-01-01,2023-12-31,'NA',PTR_2023
PTR_W_2023_wx-tempavg15_L2_v2-1.pdf,Plots of Jan 2023 sensor data for PTR-W,,2023-01-01,2023-12-31,,PTR_2023
PTR_W_2023_wx-tempavg24_L2_v2-1.parquet,Year 2023 sensor data for W plot at PTR site,,2023-01-01,2023-12-31,'NA',PTR_2023
PTR_W_2023_wx-tempavg24_L2_v2-1.pdf,Plots of Jan 2023 sensor data for PTR-W,,2023-01-01,2023-12-31,,PTR_2023
PTR_W_2023_wx-tempmax15_L2_v2-1.parquet,Year 2023 sensor data for W plot at PTR site,,2023-01-01,2023-12-31,'NA',PTR_2023
PTR_W_2023_wx-tempmax15_L2_v2-1.pdf,Plots of Jan 2023 sensor data for PTR-W,,2023-01-01,2023-12-31,,PTR_2023
PTR_W_2023_wx-tempmax24_L2_v2-1.parquet,Year 2023 sensor data for W plot at PTR site,,2023-01-01,2023-12-31,'NA',PTR_2023
PTR_W_2023_wx-tempmax24_L2_v2-1.pdf,Plots of Jan 2023 sensor data for PTR-W,,2023-01-01,2023-12-31,,PTR_2023
PTR_W_2023_wx-tempmin15_L2_v2-1.parquet,Year 2023 sensor data for W plot at PTR site,,2023-01-01,2023-12-31,'NA',PTR_2023
PTR_W_2023_wx-tempmin15_L2_v2-1.pdf,Plots of Jan 2023 sensor data for PTR-W,,2023-01-01,2023-12-31,,PTR_2023
PTR_W_2023_wx-tempmin24_L2_v2-1.parquet,Year 2023 sensor data for W plot at PTR site,,2023-01-01,2023-12-31,'NA',PTR_2023
PTR_W_2023_wx-tempmin24_L2_v2-1.pdf,Plots of Jan 2023 sensor data for PTR-W,,2023-01-01,2023-12-31,,PTR_2023
PTR_W_2023_wx-tilt-ns15_L2_v2-1.parquet,Year 2023 sensor data for W plot at PTR site,,2023-01-01,2023-12-31,'NA',PTR_2023
PTR_W_2023_wx-tilt-ns15_L2_v2-1.pdf,Plots of Jan 2023 sensor data for PTR-W,,2023-01-01,2023-12-31,,PTR_2023
PTR_W_2023_wx-tilt-ns24_L2_v2-1.parquet,Year 2023 sensor data for W plot at PTR site,,2023-01-01,2023-12-31,'NA',PTR_2023
PTR_W_2023_wx-tilt-ns24_L2_v2-1.pdf,Plots of Jan 2023 sensor data for PTR-W,,2023-01-01,2023-12-31,,PTR_2023
PTR_W_2023_wx-tilt-we15_L2_v2-1.parquet,Year 2023 sensor data for W plot at PTR site,,2023-01-01,2023-12-31,'NA',PTR_2023
PTR_W_2023_wx-tilt-we15_L2_v2-1.pdf,Plots of Jan 2023 sensor data for PTR-W,,2023-01-01,2023-12-31,,PTR_2023
PTR_W_2023_wx-tilt-we24_L2_v2-1.parquet,Year 2023 sensor data for W plot at PTR site,,2023-01-01,2023-12-31,'NA',PTR_2023
PTR_W_2023_wx-tilt-we24_L2_v2-1.pdf,Plots of Jan 2023 sensor data for PTR-W,,2023-01-01,2023-12-31,,PTR_2023
PTR_W_2023_wx-vappress15_L2_v2-1.parquet,Year 2023 sensor data for W plot at PTR site,,2023-01-01,2023-12-31,'NA',PTR_2023
PTR_W_2023_wx-vappress15_L2_v2-1.pdf,Plots of Jan 2023 sensor data for PTR-W,,2023-01-01,2023-12-31,,PTR_2023
PTR_W_2023_wx-vappress24_L2_v2-1.parquet,Year 2023 sensor data for W plot at PTR site,,2023-01-01,2023-12-31,'NA',PTR_2023
PTR_W_2023_wx-vappress24_L2_v2-1.pdf,Plots of Jan 2023 sensor data for PTR-W,,2023-01-01,2023-12-31,,PTR_2023
PTR_W_2023_wx-winddir-sd115_L2_v2-1.parquet,Year 2023 sensor data for W plot at PTR site,,2023-01-01,2023-12-31,'NA',PTR_2023
PTR_W_2023_wx-winddir-sd115_L2_v2-1.pdf,Plots of Jan 2023 sensor data for PTR-W,,2023-01-01,2023-12-31,,PTR_2023
PTR_W_2023_wx-winddir15_L2_v2-1.parquet,Year 2023 sensor data for W plot at PTR site,,2023-01-01,2023-12-31,'NA',PTR_2023
PTR_W_2023_wx-winddir15_L2_v2-1.pdf,Plots of Jan 2023 sensor data for PTR-W,,2023-01-01,2023-12-31,,PTR_2023
PTR_W_2023_wx-winderrors24_L2_v2-1.parquet,Year 2023 sensor data for W plot at PTR site,,2023-01-01,2023-12-31,'NA',PTR_2023
PTR_W_2023_wx-winderrors24_L2_v2-1.pdf,Plots of Jan 2023 sensor data for PTR-W,,2023-01-01,2023-12-31,,PTR_2023
PTR_W_2023_wx-windspeed15_L2_v2-1.parquet,Year 2023 sensor data for W plot at PTR site,,2023-01-01,2023-12-31,'NA',PTR_2023
PTR_W_2023_wx-windspeed15_L2_v2-1.pdf,Plots of Jan 2023 sensor data for PTR-W,,2023-01-01,2023-12-31,,PTR_2023
PTR_2024_L2_v2-1_metadata.txt,Metadata for all data files in PTR_2024 folder,,,,,PTR_2024
PTR_TR_2024_battery-voltage_L2_v2-1.parquet,Year 2024 sensor data for TR plot at PTR site,,2024-01-01,2024-12-31,'NA',PTR_2024
PTR_TR_2024_battery-voltage_L2_v2-1.pdf,Plots of Jan 2024 sensor data for PTR-TR,,2024-01-01,2024-12-31,,PTR_2024
PTR_TR_2024_gw-act-cond_L2_v2-1.parquet,Year 2024 sensor data for TR plot at PTR site,,2024-01-01,2024-12-31,'NA',PTR_2024
PTR_TR_2024_gw-act-cond_L2_v2-1.pdf,Plots of Jan 2024 sensor data for PTR-TR,,2024-01-01,2024-12-31,,PTR_2024
PTR_TR_2024_gw-bar-pressure_L2_v2-1.parquet,Year 2024 sensor data for TR plot at PTR site,,2024-01-01,2024-12-31,'NA',PTR_2024
PTR_TR_2024_gw-bar-pressure_L2_v2-1.pdf,Plots of Jan 2024 sensor data for PTR-TR,,2024-01-01,2024-12-31,,PTR_2024
PTR_TR_2024_gw-battery_L2_v2-1.parquet,Year 2024 sensor data for TR plot at PTR site,,2024-01-01,2024-12-31,'NA',PTR_2024
PTR_TR_2024_gw-battery_L2_v2-1.pdf,Plots of Jan 2024 sensor data for PTR-TR,,2024-01-01,2024-12-31,,PTR_2024
PTR_TR_2024_gw-density_L2_v2-1.parquet,Year 2024 sensor data for TR plot at PTR site,,2024-01-01,2024-12-31,'NA',PTR_2024
PTR_TR_2024_gw-density_L2_v2-1.pdf,Plots of Jan 2024 sensor data for PTR-TR,,2024-01-01,2024-12-31,,PTR_2024
PTR_TR_2024_gw-depth_L2_v2-1.parquet,Year 2024 sensor data for TR plot at PTR site,,2024-01-01,2024-12-31,'NA',PTR_2024
PTR_TR_2024_gw-depth_L2_v2-1.pdf,Plots of Jan 2024 sensor data for PTR-TR,,2024-01-01,2024-12-31,,PTR_2024
PTR_TR_2024_gw-part-pressure_L2_v2-1.parquet,Year 2024 sensor data for TR plot at PTR site,,2024-01-01,2024-12-31,'NA',PTR_2024
PTR_TR_2024_gw-part-pressure_L2_v2-1.pdf,Plots of Jan 2024 sensor data for PTR-TR,,2024-01-01,2024-12-31,,PTR_2024
PTR_TR_2024_gw-perc-sat_L2_v2-1.parquet,Year 2024 sensor data for TR plot at PTR site,,2024-01-01,2024-12-31,'NA',PTR_2024
PTR_TR_2024_gw-perc-sat_L2_v2-1.pdf,Plots of Jan 2024 sensor data for PTR-TR,,2024-01-01,2024-12-31,,PTR_2024
PTR_TR_2024_gw-ph_L2_v2-1.parquet,Year 2024 sensor data for TR plot at PTR site,,2024-01-01,2024-12-31,'NA',PTR_2024
PTR_TR_2024_gw-ph_L2_v2-1.pdf,Plots of Jan 2024 sensor data for PTR-TR,,2024-01-01,2024-12-31,,PTR_2024
PTR_TR_2024_gw-ph-mv_L2_v2-1.parquet,Year 2024 sensor data for TR plot at PTR site,,2024-01-01,2024-12-31,'NA',PTR_2024
PTR_TR_2024_gw-ph-mv_L2_v2-1.pdf,Plots of Jan 2024 sensor data for PTR-TR,,2024-01-01,2024-12-31,,PTR_2024
PTR_TR_2024_gw-ph-orp_L2_v2-1.parquet,Year 2024 sensor data for TR plot at PTR site,,2024-01-01,2024-12-31,'NA',PTR_2024
PTR_TR_2024_gw-ph-orp_L2_v2-1.pdf,Plots of Jan 2024 sensor data for PTR-TR,,2024-01-01,2024-12-31,,PTR_2024
PTR_TR_2024_gw-pressure-vented_L2_v2-1.parquet,Year 2024 sensor data for TR plot at PTR site,,2024-01-01,2024-12-31,'NA',PTR_2024
PTR_TR_2024_gw-pressure-vented_L2_v2-1.pdf,Plots of Jan 2024 sensor data for PTR-TR,,2024-01-01,2024-12-31,,PTR_2024
PTR_TR_2024_gw-rdo-conc_L2_v2-1.parquet,Year 2024 sensor data for TR plot at PTR site,,2024-01-01,2024-12-31,'NA',PTR_2024
PTR_TR_2024_gw-rdo-conc_L2_v2-1.pdf,Plots of Jan 2024 sensor data for PTR-TR,,2024-01-01,2024-12-31,,PTR_2024
PTR_TR_2024_gw-resistivity_L2_v2-1.parquet,Year 2024 sensor data for TR plot at PTR site,,2024-01-01,2024-12-31,'NA',PTR_2024
PTR_TR_2024_gw-resistivity_L2_v2-1.pdf,Plots of Jan 2024 sensor data for PTR-TR,,2024-01-01,2024-12-31,,PTR_2024
PTR_TR_2024_gw-salinity_L2_v2-1.parquet,Year 2024 sensor data for TR plot at PTR site,,2024-01-01,2024-12-31,'NA',PTR_2024
PTR_TR_2024_gw-salinity_L2_v2-1.pdf,Plots of Jan 2024 sensor data for PTR-TR,,2024-01-01,2024-12-31,,PTR_2024
PTR_TR_2024_gw-spec-cond_L2_v2-1.parquet,Year 2024 sensor data for TR plot at PTR site,,2024-01-01,2024-12-31,'NA',PTR_2024
PTR_TR_2024_gw-spec-cond_L2_v2-1.pdf,Plots of Jan 2024 sensor data for PTR-TR,,2024-01-01,2024-12-31,,PTR_2024
PTR_TR_2024_gw-tds_L2_v2-1.parquet,Year 2024 sensor data for TR plot at PTR site,,2024-01-01,2024-12-31,'NA',PTR_2024
PTR_TR_2024_gw-tds_L2_v2-1.pdf,Plots of Jan 2024 sensor data for PTR-TR,,2024-01-01,2024-12-31,,PTR_2024
PTR_TR_2024_gw-temperature_L2_v2-1.parquet,Year 2024 sensor data for TR plot at PTR site,,2024-01-01,2024-12-31,'NA',PTR_2024
PTR_TR_2024_gw-temperature_L2_v2-1.pdf,Plots of Jan 2024 sensor data for PTR-TR,,2024-01-01,2024-12-31,,PTR_2024
PTR_TR_2024_gw-voltage-ext_L2_v2-1.parquet,Year 2024 sensor data for TR plot at PTR site,,2024-01-01,2024-12-31,'NA',PTR_2024
PTR_TR_2024_gw-voltage-ext_L2_v2-1.pdf,Plots of Jan 2024 sensor data for PTR-TR,,2024-01-01,2024-12-31,,PTR_2024
PTR_TR_2024_gw-wl-below-surface_L2_v2-1.parquet,Year 2024 sensor data for TR plot at PTR site,,2024-01-01,2024-12-31,'NA',PTR_2024
PTR_TR_2024_gw-wl-below-surface_L2_v2-1.pdf,Plots of Jan 2024 sensor data for PTR-TR,,2024-01-01,2024-12-31,,PTR_2024
PTR_TR_2024_sapflow-3.5cm_L2_v2-1.parquet,Year 2024 sensor data for TR plot at PTR site,,2024-01-01,2024-12-31,'NA',PTR_2024
PTR_TR_2024_sapflow-3.5cm_L2_v2-1.pdf,Plots of Jan 2024 sensor data for PTR-TR,,2024-01-01,2024-12-31,,PTR_2024
PTR_TR_2024_sapflow-5cm_L2_v2-1.parquet,Year 2024 sensor data for TR plot at PTR site,,2024-01-01,2024-12-31,'NA',PTR_2024
PTR_TR_2024_sapflow-5cm_L2_v2-1.pdf,Plots of Jan 2024 sensor data for PTR-TR,,2024-01-01,2024-12-31,,PTR_2024
PTR_TR_2024_soil-EC-10cm_L2_v2-1.parquet,Year 2024 sensor data for TR plot at PTR site,,2024-01-01,2024-12-31,'NA',PTR_2024
PTR_TR_2024_soil-EC-10cm_L2_v2-1.pdf,Plots of Jan 2024 sensor data for PTR-TR,,2024-01-01,2024-12-31,,PTR_2024
PTR_TR_2024_soil-EC-30cm_L2_v2-1.parquet,Year 2024 sensor data for TR plot at PTR site,,2024-01-01,2024-12-31,'NA',PTR_2024
PTR_TR_2024_soil-EC-30cm_L2_v2-1.pdf,Plots of Jan 2024 sensor data for PTR-TR,,2024-01-01,2024-12-31,,PTR_2024
PTR_TR_2024_soil-salinity-10cm_L2_v2-1.parquet,Year 2024 sensor data for TR plot at PTR site,,2024-01-01,2024-12-31,'NA',PTR_2024
PTR_TR_2024_soil-salinity-10cm_L2_v2-1.pdf,Plots of Jan 2024 sensor data for PTR-TR,,2024-01-01,2024-12-31,,PTR_2024
PTR_TR_2024_soil-salinity-30cm_L2_v2-1.parquet,Year 2024 sensor data for TR plot at PTR site,,2024-01-01,2024-12-31,'NA',PTR_2024
PTR_TR_2024_soil-salinity-30cm_L2_v2-1.pdf,Plots of Jan 2024 sensor data for PTR-TR,,2024-01-01,2024-12-31,,PTR_2024
PTR_TR_2024_soil-temp-10cm_L2_v2-1.parquet,Year 2024 sensor data for TR plot at PTR site,,2024-01-01,2024-12-31,'NA',PTR_2024
PTR_TR_2024_soil-temp-10cm_L2_v2-1.pdf,Plots of Jan 2024 sensor data for PTR-TR,,2024-01-01,2024-12-31,,PTR_2024
PTR_TR_2024_soil-temp-30cm_L2_v2-1.parquet,Year 2024 sensor data for TR plot at PTR site,,2024-01-01,2024-12-31,'NA',PTR_2024
PTR_TR_2024_soil-temp-30cm_L2_v2-1.pdf,Plots of Jan 2024 sensor data for PTR-TR,,2024-01-01,2024-12-31,,PTR_2024
PTR_TR_2024_soil-vwc-10cm_L2_v2-1.parquet,Year 2024 sensor data for TR plot at PTR site,,2024-01-01,2024-12-31,'NA',PTR_2024
PTR_TR_2024_soil-vwc-10cm_L2_v2-1.pdf,Plots of Jan 2024 sensor data for PTR-TR,,2024-01-01,2024-12-31,,PTR_2024
PTR_TR_2024_soil-vwc-30cm_L2_v2-1.parquet,Year 2024 sensor data for TR plot at PTR site,,2024-01-01,2024-12-31,'NA',PTR_2024
PTR_TR_2024_soil-vwc-30cm_L2_v2-1.pdf,Plots of Jan 2024 sensor data for PTR-TR,,2024-01-01,2024-12-31,,PTR_2024
PTR_TR_2024_solar-voltage_L2_v2-1.parquet,Year 2024 sensor data for TR plot at PTR site,,2024-01-01,2024-12-31,'NA',PTR_2024
PTR_TR_2024_solar-voltage_L2_v2-1.pdf,Plots of Jan 2024 sensor data for PTR-TR,,2024-01-01,2024-12-31,,PTR_2024
PTR_UP_2024_battery-voltage_L2_v2-1.parquet,Year 2024 sensor data for UP plot at PTR site,,2024-01-01,2024-12-31,'NA',PTR_2024
PTR_UP_2024_battery-voltage_L2_v2-1.pdf,Plots of Jan 2024 sensor data for PTR-UP,,2024-01-01,2024-12-31,,PTR_2024
PTR_UP_2024_gw-bar-pressure_L2_v2-1.parquet,Year 2024 sensor data for UP plot at PTR site,,2024-01-01,2024-12-31,'NA',PTR_2024
PTR_UP_2024_gw-bar-pressure_L2_v2-1.pdf,Plots of Jan 2024 sensor data for PTR-UP,,2024-01-01,2024-12-31,,PTR_2024
PTR_UP_2024_gw-density_L2_v2-1.parquet,Year 2024 sensor data for UP plot at PTR site,,2024-01-01,2024-12-31,'NA',PTR_2024
PTR_UP_2024_gw-density_L2_v2-1.pdf,Plots of Jan 2024 sensor data for PTR-UP,,2024-01-01,2024-12-31,,PTR_2024
PTR_UP_2024_gw-ph_L2_v2-1.parquet,Year 2024 sensor data for UP plot at PTR site,,2024-01-01,2024-12-31,'NA',PTR_2024
PTR_UP_2024_gw-ph_L2_v2-1.pdf,Plots of Jan 2024 sensor data for PTR-UP,,2024-01-01,2024-12-31,,PTR_2024
PTR_UP_2024_gw-ph-orp_L2_v2-1.parquet,Year 2024 sensor data for UP plot at PTR site,,2024-01-01,2024-12-31,'NA',PTR_2024
PTR_UP_2024_gw-ph-orp_L2_v2-1.pdf,Plots of Jan 2024 sensor data for PTR-UP,,2024-01-01,2024-12-31,,PTR_2024
PTR_UP_2024_gw-pressure-vented_L2_v2-1.parquet,Year 2024 sensor data for UP plot at PTR site,,2024-01-01,2024-12-31,'NA',PTR_2024
PTR_UP_2024_gw-pressure-vented_L2_v2-1.pdf,Plots of Jan 2024 sensor data for PTR-UP,,2024-01-01,2024-12-31,,PTR_2024
PTR_UP_2024_gw-rdo-conc_L2_v2-1.parquet,Year 2024 sensor data for UP plot at PTR site,,2024-01-01,2024-12-31,'NA',PTR_2024
PTR_UP_2024_gw-rdo-conc_L2_v2-1.pdf,Plots of Jan 2024 sensor data for PTR-UP,,2024-01-01,2024-12-31,,PTR_2024
PTR_UP_2024_gw-salinity_L2_v2-1.parquet,Year 2024 sensor data for UP plot at PTR site,,2024-01-01,2024-12-31,'NA',PTR_2024
PTR_UP_2024_gw-salinity_L2_v2-1.pdf,Plots of Jan 2024 sensor data for PTR-UP,,2024-01-01,2024-12-31,,PTR_2024
PTR_UP_2024_gw-temperature_L2_v2-1.parquet,Year 2024 sensor data for UP plot at PTR site,,2024-01-01,2024-12-31,'NA',PTR_2024
PTR_UP_2024_gw-temperature_L2_v2-1.pdf,Plots of Jan 2024 sensor data for PTR-UP,,2024-01-01,2024-12-31,,PTR_2024
PTR_UP_2024_gw-wl-below-surface_L2_v2-1.parquet,Year 2024 sensor data for UP plot at PTR site,,2024-01-01,2024-12-31,'NA',PTR_2024
PTR_UP_2024_gw-wl-below-surface_L2_v2-1.pdf,Plots of Jan 2024 sensor data for PTR-UP,,2024-01-01,2024-12-31,,PTR_2024
PTR_UP_2024_sapflow-3.5cm_L2_v2-1.parquet,Year 2024 sensor data for UP plot at PTR site,,2024-01-01,2024-12-31,'NA',PTR_2024
PTR_UP_2024_sapflow-3.5cm_L2_v2-1.pdf,Plots of Jan 2024 sensor data for PTR-UP,,2024-01-01,2024-12-31,,PTR_2024
PTR_UP_2024_sapflow-5cm_L2_v2-1.parquet,Year 2024 sensor data for UP plot at PTR site,,2024-01-01,2024-12-31,'NA',PTR_2024
PTR_UP_2024_sapflow-5cm_L2_v2-1.pdf,Plots of Jan 2024 sensor data for PTR-UP,,2024-01-01,2024-12-31,,PTR_2024
PTR_UP_2024_soil-EC-10cm_L2_v2-1.parquet,Year 2024 sensor data for UP plot at PTR site,,2024-01-01,2024-12-31,'NA',PTR_2024
PTR_UP_2024_soil-EC-10cm_L2_v2-1.pdf,Plots of Jan 2024 sensor data for PTR-UP,,2024-01-01,2024-12-31,,PTR_2024
PTR_UP_2024_soil-EC-30cm_L2_v2-1.parquet,Year 2024 sensor data for UP plot at PTR site,,2024-01-01,2024-12-31,'NA',PTR_2024
PTR_UP_2024_soil-EC-30cm_L2_v2-1.pdf,Plots of Jan 2024 sensor data for PTR-UP,,2024-01-01,2024-12-31,,PTR_2024
PTR_UP_2024_soil-salinity-10cm_L2_v2-1.parquet,Year 2024 sensor data for UP plot at PTR site,,2024-01-01,2024-12-31,'NA',PTR_2024
PTR_UP_2024_soil-salinity-10cm_L2_v2-1.pdf,Plots of Jan 2024 sensor data for PTR-UP,,2024-01-01,2024-12-31,,PTR_2024
PTR_UP_2024_soil-salinity-30cm_L2_v2-1.parquet,Year 2024 sensor data for UP plot at PTR site,,2024-01-01,2024-12-31,'NA',PTR_2024
PTR_UP_2024_soil-salinity-30cm_L2_v2-1.pdf,Plots of Jan 2024 sensor data for PTR-UP,,2024-01-01,2024-12-31,,PTR_2024
PTR_UP_2024_soil-temp-10cm_L2_v2-1.parquet,Year 2024 sensor data for UP plot at PTR site,,2024-01-01,2024-12-31,'NA',PTR_2024
PTR_UP_2024_soil-temp-10cm_L2_v2-1.pdf,Plots of Jan 2024 sensor data for PTR-UP,,2024-01-01,2024-12-31,,PTR_2024
PTR_UP_2024_soil-temp-30cm_L2_v2-1.parquet,Year 2024 sensor data for UP plot at PTR site,,2024-01-01,2024-12-31,'NA',PTR_2024
PTR_UP_2024_soil-temp-30cm_L2_v2-1.pdf,Plots of Jan 2024 sensor data for PTR-UP,,2024-01-01,2024-12-31,,PTR_2024
PTR_UP_2024_soil-vwc-10cm_L2_v2-1.parquet,Year 2024 sensor data for UP plot at PTR site,,2024-01-01,2024-12-31,'NA',PTR_2024
PTR_UP_2024_soil-vwc-10cm_L2_v2-1.pdf,Plots of Jan 2024 sensor data for PTR-UP,,2024-01-01,2024-12-31,,PTR_2024
PTR_UP_2024_soil-vwc-30cm_L2_v2-1.parquet,Year 2024 sensor data for UP plot at PTR site,,2024-01-01,2024-12-31,'NA',PTR_2024
PTR_UP_2024_soil-vwc-30cm_L2_v2-1.pdf,Plots of Jan 2024 sensor data for PTR-UP,,2024-01-01,2024-12-31,,PTR_2024
PTR_UP_2024_solar-voltage_L2_v2-1.parquet,Year 2024 sensor data for UP plot at PTR site,,2024-01-01,2024-12-31,'NA',PTR_2024
PTR_UP_2024_solar-voltage_L2_v2-1.pdf,Plots of Jan 2024 sensor data for PTR-UP,,2024-01-01,2024-12-31,,PTR_2024
PTR_W_2024_battery-voltage_L2_v2-1.parquet,Year 2024 sensor data for W plot at PTR site,,2024-01-01,2024-12-31,'NA',PTR_2024
PTR_W_2024_battery-voltage_L2_v2-1.pdf,Plots of Jan 2024 sensor data for PTR-W,,2024-01-01,2024-12-31,,PTR_2024
PTR_W_2024_gw-act-cond_L2_v2-1.parquet,Year 2024 sensor data for W plot at PTR site,,2024-01-01,2024-12-31,'NA',PTR_2024
PTR_W_2024_gw-act-cond_L2_v2-1.pdf,Plots of Jan 2024 sensor data for PTR-W,,2024-01-01,2024-12-31,,PTR_2024
PTR_W_2024_gw-bar-pressure_L2_v2-1.parquet,Year 2024 sensor data for W plot at PTR site,,2024-01-01,2024-12-31,'NA',PTR_2024
PTR_W_2024_gw-bar-pressure_L2_v2-1.pdf,Plots of Jan 2024 sensor data for PTR-W,,2024-01-01,2024-12-31,,PTR_2024
PTR_W_2024_gw-battery_L2_v2-1.parquet,Year 2024 sensor data for W plot at PTR site,,2024-01-01,2024-12-31,'NA',PTR_2024
PTR_W_2024_gw-battery_L2_v2-1.pdf,Plots of Jan 2024 sensor data for PTR-W,,2024-01-01,2024-12-31,,PTR_2024
PTR_W_2024_gw-density_L2_v2-1.parquet,Year 2024 sensor data for W plot at PTR site,,2024-01-01,2024-12-31,'NA',PTR_2024
PTR_W_2024_gw-density_L2_v2-1.pdf,Plots of Jan 2024 sensor data for PTR-W,,2024-01-01,2024-12-31,,PTR_2024
PTR_W_2024_gw-depth_L2_v2-1.parquet,Year 2024 sensor data for W plot at PTR site,,2024-01-01,2024-12-31,'NA',PTR_2024
PTR_W_2024_gw-depth_L2_v2-1.pdf,Plots of Jan 2024 sensor data for PTR-W,,2024-01-01,2024-12-31,,PTR_2024
PTR_W_2024_gw-part-pressure_L2_v2-1.parquet,Year 2024 sensor data for W plot at PTR site,,2024-01-01,2024-12-31,'NA',PTR_2024
PTR_W_2024_gw-part-pressure_L2_v2-1.pdf,Plots of Jan 2024 sensor data for PTR-W,,2024-01-01,2024-12-31,,PTR_2024
PTR_W_2024_gw-perc-sat_L2_v2-1.parquet,Year 2024 sensor data for W plot at PTR site,,2024-01-01,2024-12-31,'NA',PTR_2024
PTR_W_2024_gw-perc-sat_L2_v2-1.pdf,Plots of Jan 2024 sensor data for PTR-W,,2024-01-01,2024-12-31,,PTR_2024
PTR_W_2024_gw-ph_L2_v2-1.parquet,Year 2024 sensor data for W plot at PTR site,,2024-01-01,2024-12-31,'NA',PTR_2024
PTR_W_2024_gw-ph_L2_v2-1.pdf,Plots of Jan 2024 sensor data for PTR-W,,2024-01-01,2024-12-31,,PTR_2024
PTR_W_2024_gw-ph-mv_L2_v2-1.parquet,Year 2024 sensor data for W plot at PTR site,,2024-01-01,2024-12-31,'NA',PTR_2024
PTR_W_2024_gw-ph-mv_L2_v2-1.pdf,Plots of Jan 2024 sensor data for PTR-W,,2024-01-01,2024-12-31,,PTR_2024
PTR_W_2024_gw-ph-orp_L2_v2-1.parquet,Year 2024 sensor data for W plot at PTR site,,2024-01-01,2024-12-31,'NA',PTR_2024
PTR_W_2024_gw-ph-orp_L2_v2-1.pdf,Plots of Jan 2024 sensor data for PTR-W,,2024-01-01,2024-12-31,,PTR_2024
PTR_W_2024_gw-pressure-vented_L2_v2-1.parquet,Year 2024 sensor data for W plot at PTR site,,2024-01-01,2024-12-31,'NA',PTR_2024
PTR_W_2024_gw-pressure-vented_L2_v2-1.pdf,Plots of Jan 2024 sensor data for PTR-W,,2024-01-01,2024-12-31,,PTR_2024
PTR_W_2024_gw-rdo-conc_L2_v2-1.parquet,Year 2024 sensor data for W plot at PTR site,,2024-01-01,2024-12-31,'NA',PTR_2024
PTR_W_2024_gw-rdo-conc_L2_v2-1.pdf,Plots of Jan 2024 sensor data for PTR-W,,2024-01-01,2024-12-31,,PTR_2024
PTR_W_2024_gw-resistivity_L2_v2-1.parquet,Year 2024 sensor data for W plot at PTR site,,2024-01-01,2024-12-31,'NA',PTR_2024
PTR_W_2024_gw-resistivity_L2_v2-1.pdf,Plots of Jan 2024 sensor data for PTR-W,,2024-01-01,2024-12-31,,PTR_2024
PTR_W_2024_gw-salinity_L2_v2-1.parquet,Year 2024 sensor data for W plot at PTR site,,2024-01-01,2024-12-31,'NA',PTR_2024
PTR_W_2024_gw-salinity_L2_v2-1.pdf,Plots of Jan 2024 sensor data for PTR-W,,2024-01-01,2024-12-31,,PTR_2024
PTR_W_2024_gw-spec-cond_L2_v2-1.parquet,Year 2024 sensor data for W plot at PTR site,,2024-01-01,2024-12-31,'NA',PTR_2024
PTR_W_2024_gw-spec-cond_L2_v2-1.pdf,Plots of Jan 2024 sensor data for PTR-W,,2024-01-01,2024-12-31,,PTR_2024
PTR_W_2024_gw-tds_L2_v2-1.parquet,Year 2024 sensor data for W plot at PTR site,,2024-01-01,2024-12-31,'NA',PTR_2024
PTR_W_2024_gw-tds_L2_v2-1.pdf,Plots of Jan 2024 sensor data for PTR-W,,2024-01-01,2024-12-31,,PTR_2024
PTR_W_2024_gw-temperature_L2_v2-1.parquet,Year 2024 sensor data for W plot at PTR site,,2024-01-01,2024-12-31,'NA',PTR_2024
PTR_W_2024_gw-temperature_L2_v2-1.pdf,Plots of Jan 2024 sensor data for PTR-W,,2024-01-01,2024-12-31,,PTR_2024
PTR_W_2024_gw-voltage-ext_L2_v2-1.parquet,Year 2024 sensor data for W plot at PTR site,,2024-01-01,2024-12-31,'NA',PTR_2024
PTR_W_2024_gw-voltage-ext_L2_v2-1.pdf,Plots of Jan 2024 sensor data for PTR-W,,2024-01-01,2024-12-31,,PTR_2024
PTR_W_2024_gw-wl-below-surface_L2_v2-1.parquet,Year 2024 sensor data for W plot at PTR site,,2024-01-01,2024-12-31,'NA',PTR_2024
PTR_W_2024_gw-wl-below-surface_L2_v2-1.pdf,Plots of Jan 2024 sensor data for PTR-W,,2024-01-01,2024-12-31,,PTR_2024
PTR_W_2024_soil-EC-10cm_L2_v2-1.parquet,Year 2024 sensor data for W plot at PTR site,,2024-01-01,2024-12-31,'NA',PTR_2024
PTR_W_2024_soil-EC-10cm_L2_v2-1.pdf,Plots of Jan 2024 sensor data for PTR-W,,2024-01-01,2024-12-31,,PTR_2024
PTR_W_2024_soil-EC-30cm_L2_v2-1.parquet,Year 2024 sensor data for W plot at PTR site,,2024-01-01,2024-12-31,'NA',PTR_2024
PTR_W_2024_soil-EC-30cm_L2_v2-1.pdf,Plots of Jan 2024 sensor data for PTR-W,,2024-01-01,2024-12-31,,PTR_2024
PTR_W_2024_soil-salinity-10cm_L2_v2-1.parquet,Year 2024 sensor data for W plot at PTR site,,2024-01-01,2024-12-31,'NA',PTR_2024
PTR_W_2024_soil-salinity-10cm_L2_v2-1.pdf,Plots of Jan 2024 sensor data for PTR-W,,2024-01-01,2024-12-31,,PTR_2024
PTR_W_2024_soil-salinity-30cm_L2_v2-1.parquet,Year 2024 sensor data for W plot at PTR site,,2024-01-01,2024-12-31,'NA',PTR_2024
PTR_W_2024_soil-salinity-30cm_L2_v2-1.pdf,Plots of Jan 2024 sensor data for PTR-W,,2024-01-01,2024-12-31,,PTR_2024
PTR_W_2024_soil-temp-10cm_L2_v2-1.parquet,Year 2024 sensor data for W plot at PTR site,,2024-01-01,2024-12-31,'NA',PTR_2024
PTR_W_2024_soil-temp-10cm_L2_v2-1.pdf,Plots of Jan 2024 sensor data for PTR-W,,2024-01-01,2024-12-31,,PTR_2024
PTR_W_2024_soil-temp-30cm_L2_v2-1.parquet,Year 2024 sensor data for W plot at PTR site,,2024-01-01,2024-12-31,'NA',PTR_2024
PTR_W_2024_soil-temp-30cm_L2_v2-1.pdf,Plots of Jan 2024 sensor data for PTR-W,,2024-01-01,2024-12-31,,PTR_2024
PTR_W_2024_soil-vwc-10cm_L2_v2-1.parquet,Year 2024 sensor data for W plot at PTR site,,2024-01-01,2024-12-31,'NA',PTR_2024
PTR_W_2024_soil-vwc-10cm_L2_v2-1.pdf,Plots of Jan 2024 sensor data for PTR-W,,2024-01-01,2024-12-31,,PTR_2024
PTR_W_2024_soil-vwc-30cm_L2_v2-1.parquet,Year 2024 sensor data for W plot at PTR site,,2024-01-01,2024-12-31,'NA',PTR_2024
PTR_W_2024_soil-vwc-30cm_L2_v2-1.pdf,Plots of Jan 2024 sensor data for PTR-W,,2024-01-01,2024-12-31,,PTR_2024
PTR_W_2024_solar-voltage_L2_v2-1.parquet,Year 2024 sensor data for W plot at PTR site,,2024-01-01,2024-12-31,'NA',PTR_2024
PTR_W_2024_solar-voltage_L2_v2-1.pdf,Plots of Jan 2024 sensor data for PTR-W,,2024-01-01,2024-12-31,,PTR_2024
PTR_W_2024_wx-barpress15_L2_v2-1.parquet,Year 2024 sensor data for W plot at PTR site,,2024-01-01,2024-12-31,'NA',PTR_2024
PTR_W_2024_wx-barpress15_L2_v2-1.pdf,Plots of Jan 2024 sensor data for PTR-W,,2024-01-01,2024-12-31,,PTR_2024
PTR_W_2024_wx-bpmax15_L2_v2-1.parquet,Year 2024 sensor data for W plot at PTR site,,2024-01-01,2024-12-31,'NA',PTR_2024
PTR_W_2024_wx-bpmax15_L2_v2-1.pdf,Plots of Jan 2024 sensor data for PTR-W,,2024-01-01,2024-12-31,,PTR_2024
PTR_W_2024_wx-bpmin15_L2_v2-1.parquet,Year 2024 sensor data for W plot at PTR site,,2024-01-01,2024-12-31,'NA',PTR_2024
PTR_W_2024_wx-bpmin15_L2_v2-1.pdf,Plots of Jan 2024 sensor data for PTR-W,,2024-01-01,2024-12-31,,PTR_2024
PTR_W_2024_wx-dist-min15_L2_v2-1.parquet,Year 2024 sensor data for W plot at PTR site,,2024-01-01,2024-12-31,'NA',PTR_2024
PTR_W_2024_wx-dist-min15_L2_v2-1.pdf,Plots of Jan 2024 sensor data for PTR-W,,2024-01-01,2024-12-31,,PTR_2024
PTR_W_2024_wx-invalid-wind15_L2_v2-1.parquet,Year 2024 sensor data for W plot at PTR site,,2024-01-01,2024-12-31,'NA',PTR_2024
PTR_W_2024_wx-invalid-wind15_L2_v2-1.pdf,Plots of Jan 2024 sensor data for PTR-W,,2024-01-01,2024-12-31,,PTR_2024
PTR_W_2024_wx-maxws15_L2_v2-1.parquet,Year 2024 sensor data for W plot at PTR site,,2024-01-01,2024-12-31,'NA',PTR_2024
PTR_W_2024_wx-maxws15_L2_v2-1.pdf,Plots of Jan 2024 sensor data for PTR-W,,2024-01-01,2024-12-31,,PTR_2024
PTR_W_2024_wx-maxws24_L2_v2-1.parquet,Year 2024 sensor data for W plot at PTR site,,2024-01-01,2024-12-31,'NA',PTR_2024
PTR_W_2024_wx-maxws24_L2_v2-1.pdf,Plots of Jan 2024 sensor data for PTR-W,,2024-01-01,2024-12-31,,PTR_2024
PTR_W_2024_wx-par-den15_L2_v2-1.parquet,Year 2024 sensor data for W plot at PTR site,,2024-01-01,2024-12-31,'NA',PTR_2024
PTR_W_2024_wx-par-den15_L2_v2-1.pdf,Plots of Jan 2024 sensor data for PTR-W,,2024-01-01,2024-12-31,,PTR_2024
PTR_W_2024_wx-par-den24_L2_v2-1.parquet,Year 2024 sensor data for W plot at PTR site,,2024-01-01,2024-12-31,'NA',PTR_2024
PTR_W_2024_wx-par-den24_L2_v2-1.pdf,Plots of Jan 2024 sensor data for PTR-W,,2024-01-01,2024-12-31,,PTR_2024
PTR_W_2024_wx-par-tot15_L2_v2-1.parquet,Year 2024 sensor data for W plot at PTR site,,2024-01-01,2024-12-31,'NA',PTR_2024
PTR_W_2024_wx-par-tot15_L2_v2-1.pdf,Plots of Jan 2024 sensor data for PTR-W,,2024-01-01,2024-12-31,,PTR_2024
PTR_W_2024_wx-par-tot24_L2_v2-1.parquet,Year 2024 sensor data for W plot at PTR site,,2024-01-01,2024-12-31,'NA',PTR_2024
PTR_W_2024_wx-par-tot24_L2_v2-1.pdf,Plots of Jan 2024 sensor data for PTR-W,,2024-01-01,2024-12-31,,PTR_2024
PTR_W_2024_wx-rain15_L2_v2-1.parquet,Year 2024 sensor data for W plot at PTR site,,2024-01-01,2024-12-31,'NA',PTR_2024
PTR_W_2024_wx-rain15_L2_v2-1.pdf,Plots of Jan 2024 sensor data for PTR-W,,2024-01-01,2024-12-31,,PTR_2024
PTR_W_2024_wx-rain24_L2_v2-1.parquet,Year 2024 sensor data for W plot at PTR site,,2024-01-01,2024-12-31,'NA',PTR_2024
PTR_W_2024_wx-rain24_L2_v2-1.pdf,Plots of Jan 2024 sensor data for PTR-W,,2024-01-01,2024-12-31,,PTR_2024
PTR_W_2024_wx-rh15_L2_v2-1.parquet,Year 2024 sensor data for W plot at PTR site,,2024-01-01,2024-12-31,'NA',PTR_2024
PTR_W_2024_wx-rh15_L2_v2-1.pdf,Plots of Jan 2024 sensor data for PTR-W,,2024-01-01,2024-12-31,,PTR_2024
PTR_W_2024_wx-rh24_L2_v2-1.parquet,Year 2024 sensor data for W plot at PTR site,,2024-01-01,2024-12-31,'NA',PTR_2024
PTR_W_2024_wx-rh24_L2_v2-1.pdf,Plots of Jan 2024 sensor data for PTR-W,,2024-01-01,2024-12-31,,PTR_2024
PTR_W_2024_wx-rht15_L2_v2-1.parquet,Year 2024 sensor data for W plot at PTR site,,2024-01-01,2024-12-31,'NA',PTR_2024
PTR_W_2024_wx-rht15_L2_v2-1.pdf,Plots of Jan 2024 sensor data for PTR-W,,2024-01-01,2024-12-31,,PTR_2024
PTR_W_2024_wx-rht24_L2_v2-1.parquet,Year 2024 sensor data for W plot at PTR site,,2024-01-01,2024-12-31,'NA',PTR_2024
PTR_W_2024_wx-rht24_L2_v2-1.pdf,Plots of Jan 2024 sensor data for PTR-W,,2024-01-01,2024-12-31,,PTR_2024
PTR_W_2024_wx-rhtmax24_L2_v2-1.parquet,Year 2024 sensor data for W plot at PTR site,,2024-01-01,2024-12-31,'NA',PTR_2024
PTR_W_2024_wx-rhtmax24_L2_v2-1.pdf,Plots of Jan 2024 sensor data for PTR-W,,2024-01-01,2024-12-31,,PTR_2024
PTR_W_2024_wx-rhtmin24_L2_v2-1.parquet,Year 2024 sensor data for W plot at PTR site,,2024-01-01,2024-12-31,'NA',PTR_2024
PTR_W_2024_wx-rhtmin24_L2_v2-1.pdf,Plots of Jan 2024 sensor data for PTR-W,,2024-01-01,2024-12-31,,PTR_2024
PTR_W_2024_wx-slr-fd15_L2_v2-1.parquet,Year 2024 sensor data for W plot at PTR site,,2024-01-01,2024-12-31,'NA',PTR_2024
PTR_W_2024_wx-slr-fd15_L2_v2-1.pdf,Plots of Jan 2024 sensor data for PTR-W,,2024-01-01,2024-12-31,,PTR_2024
PTR_W_2024_wx-slr-fd24_L2_v2-1.parquet,Year 2024 sensor data for W plot at PTR site,,2024-01-01,2024-12-31,'NA',PTR_2024
PTR_W_2024_wx-slr-fd24_L2_v2-1.pdf,Plots of Jan 2024 sensor data for PTR-W,,2024-01-01,2024-12-31,,PTR_2024
PTR_W_2024_wx-slr-tf15_L2_v2-1.parquet,Year 2024 sensor data for W plot at PTR site,,2024-01-01,2024-12-31,'NA',PTR_2024
PTR_W_2024_wx-slr-tf15_L2_v2-1.pdf,Plots of Jan 2024 sensor data for PTR-W,,2024-01-01,2024-12-31,,PTR_2024
PTR_W_2024_wx-slr-tf24_L2_v2-1.parquet,Year 2024 sensor data for W plot at PTR site,,2024-01-01,2024-12-31,'NA',PTR_2024
PTR_W_2024_wx-slr-tf24_L2_v2-1.pdf,Plots of Jan 2024 sensor data for PTR-W,,2024-01-01,2024-12-31,,PTR_2024
PTR_W_2024_wx-strikes15_L2_v2-1.parquet,Year 2024 sensor data for W plot at PTR site,,2024-01-01,2024-12-31,'NA',PTR_2024
PTR_W_2024_wx-strikes15_L2_v2-1.pdf,Plots of Jan 2024 sensor data for PTR-W,,2024-01-01,2024-12-31,,PTR_2024
PTR_W_2024_wx-tempavg15_L2_v2-1.parquet,Year 2024 sensor data for W plot at PTR site,,2024-01-01,2024-12-31,'NA',PTR_2024
PTR_W_2024_wx-tempavg15_L2_v2-1.pdf,Plots of Jan 2024 sensor data for PTR-W,,2024-01-01,2024-12-31,,PTR_2024
PTR_W_2024_wx-tempavg24_L2_v2-1.parquet,Year 2024 sensor data for W plot at PTR site,,2024-01-01,2024-12-31,'NA',PTR_2024
PTR_W_2024_wx-tempavg24_L2_v2-1.pdf,Plots of Jan 2024 sensor data for PTR-W,,2024-01-01,2024-12-31,,PTR_2024
PTR_W_2024_wx-tempmax15_L2_v2-1.parquet,Year 2024 sensor data for W plot at PTR site,,2024-01-01,2024-12-31,'NA',PTR_2024
PTR_W_2024_wx-tempmax15_L2_v2-1.pdf,Plots of Jan 2024 sensor data for PTR-W,,2024-01-01,2024-12-31,,PTR_2024
PTR_W_2024_wx-tempmax24_L2_v2-1.parquet,Year 2024 sensor data for W plot at PTR site,,2024-01-01,2024-12-31,'NA',PTR_2024
PTR_W_2024_wx-tempmax24_L2_v2-1.pdf,Plots of Jan 2024 sensor data for PTR-W,,2024-01-01,2024-12-31,,PTR_2024
PTR_W_2024_wx-tempmin15_L2_v2-1.parquet,Year 2024 sensor data for W plot at PTR site,,2024-01-01,2024-12-31,'NA',PTR_2024
PTR_W_2024_wx-tempmin15_L2_v2-1.pdf,Plots of Jan 2024 sensor data for PTR-W,,2024-01-01,2024-12-31,,PTR_2024
PTR_W_2024_wx-tempmin24_L2_v2-1.parquet,Year 2024 sensor data for W plot at PTR site,,2024-01-01,2024-12-31,'NA',PTR_2024
PTR_W_2024_wx-tempmin24_L2_v2-1.pdf,Plots of Jan 2024 sensor data for PTR-W,,2024-01-01,2024-12-31,,PTR_2024
PTR_W_2024_wx-tilt-ns15_L2_v2-1.parquet,Year 2024 sensor data for W plot at PTR site,,2024-01-01,2024-12-31,'NA',PTR_2024
PTR_W_2024_wx-tilt-ns15_L2_v2-1.pdf,Plots of Jan 2024 sensor data for PTR-W,,2024-01-01,2024-12-31,,PTR_2024
PTR_W_2024_wx-tilt-ns24_L2_v2-1.parquet,Year 2024 sensor data for W plot at PTR site,,2024-01-01,2024-12-31,'NA',PTR_2024
PTR_W_2024_wx-tilt-ns24_L2_v2-1.pdf,Plots of Jan 2024 sensor data for PTR-W,,2024-01-01,2024-12-31,,PTR_2024
PTR_W_2024_wx-tilt-we15_L2_v2-1.parquet,Year 2024 sensor data for W plot at PTR site,,2024-01-01,2024-12-31,'NA',PTR_2024
PTR_W_2024_wx-tilt-we15_L2_v2-1.pdf,Plots of Jan 2024 sensor data for PTR-W,,2024-01-01,2024-12-31,,PTR_2024
PTR_W_2024_wx-tilt-we24_L2_v2-1.parquet,Year 2024 sensor data for W plot at PTR site,,2024-01-01,2024-12-31,'NA',PTR_2024
PTR_W_2024_wx-tilt-we24_L2_v2-1.pdf,Plots of Jan 2024 sensor data for PTR-W,,2024-01-01,2024-12-31,,PTR_2024
PTR_W_2024_wx-vappress15_L2_v2-1.parquet,Year 2024 sensor data for W plot at PTR site,,2024-01-01,2024-12-31,'NA',PTR_2024
PTR_W_2024_wx-vappress15_L2_v2-1.pdf,Plots of Jan 2024 sensor data for PTR-W,,2024-01-01,2024-12-31,,PTR_2024
PTR_W_2024_wx-vappress24_L2_v2-1.parquet,Year 2024 sensor data for W plot at PTR site,,2024-01-01,2024-12-31,'NA',PTR_2024
PTR_W_2024_wx-vappress24_L2_v2-1.pdf,Plots of Jan 2024 sensor data for PTR-W,,2024-01-01,2024-12-31,,PTR_2024
PTR_W_2024_wx-winddir-sd115_L2_v2-1.parquet,Year 2024 sensor data for W plot at PTR site,,2024-01-01,2024-12-31,'NA',PTR_2024
PTR_W_2024_wx-winddir-sd115_L2_v2-1.pdf,Plots of Jan 2024 sensor data for PTR-W,,2024-01-01,2024-12-31,,PTR_2024
PTR_W_2024_wx-winddir15_L2_v2-1.parquet,Year 2024 sensor data for W plot at PTR site,,2024-01-01,2024-12-31,'NA',PTR_2024
PTR_W_2024_wx-winddir15_L2_v2-1.pdf,Plots of Jan 2024 sensor data for PTR-W,,2024-01-01,2024-12-31,,PTR_2024
PTR_W_2024_wx-winderrors24_L2_v2-1.parquet,Year 2024 sensor data for W plot at PTR site,,2024-01-01,2024-12-31,'NA',PTR_2024
PTR_W_2024_wx-winderrors24_L2_v2-1.pdf,Plots of Jan 2024 sensor data for PTR-W,,2024-01-01,2024-12-31,,PTR_2024
PTR_W_2024_wx-windspeed15_L2_v2-1.parquet,Year 2024 sensor data for W plot at PTR site,,2024-01-01,2024-12-31,'NA',PTR_2024
PTR_W_2024_wx-windspeed15_L2_v2-1.pdf,Plots of Jan 2024 sensor data for PTR-W,,2024-01-01,2024-12-31,,PTR_2024
PTR_2025_L2_v2-1_metadata.txt,Metadata for all data files in PTR_2025 folder,,,,,PTR_2025
PTR_TR_2025_battery-voltage_L2_v2-1.parquet,Year 2025 sensor data for TR plot at PTR site,,2025-01-01,2025-12-31,'NA',PTR_2025
PTR_TR_2025_battery-voltage_L2_v2-1.pdf,Plots of Jan 2025 sensor data for PTR-TR,,2025-01-01,2025-12-31,,PTR_2025
PTR_TR_2025_gw-act-cond_L2_v2-1.parquet,Year 2025 sensor data for TR plot at PTR site,,2025-01-01,2025-12-31,'NA',PTR_2025
PTR_TR_2025_gw-act-cond_L2_v2-1.pdf,Plots of Jan 2025 sensor data for PTR-TR,,2025-01-01,2025-12-31,,PTR_2025
PTR_TR_2025_gw-bar-pressure_L2_v2-1.parquet,Year 2025 sensor data for TR plot at PTR site,,2025-01-01,2025-12-31,'NA',PTR_2025
PTR_TR_2025_gw-bar-pressure_L2_v2-1.pdf,Plots of Jan 2025 sensor data for PTR-TR,,2025-01-01,2025-12-31,,PTR_2025
PTR_TR_2025_gw-battery_L2_v2-1.parquet,Year 2025 sensor data for TR plot at PTR site,,2025-01-01,2025-12-31,'NA',PTR_2025
PTR_TR_2025_gw-battery_L2_v2-1.pdf,Plots of Jan 2025 sensor data for PTR-TR,,2025-01-01,2025-12-31,,PTR_2025
PTR_TR_2025_gw-density_L2_v2-1.parquet,Year 2025 sensor data for TR plot at PTR site,,2025-01-01,2025-12-31,'NA',PTR_2025
PTR_TR_2025_gw-density_L2_v2-1.pdf,Plots of Jan 2025 sensor data for PTR-TR,,2025-01-01,2025-12-31,,PTR_2025
PTR_TR_2025_gw-depth_L2_v2-1.parquet,Year 2025 sensor data for TR plot at PTR site,,2025-01-01,2025-12-31,'NA',PTR_2025
PTR_TR_2025_gw-depth_L2_v2-1.pdf,Plots of Jan 2025 sensor data for PTR-TR,,2025-01-01,2025-12-31,,PTR_2025
PTR_TR_2025_gw-part-pressure_L2_v2-1.parquet,Year 2025 sensor data for TR plot at PTR site,,2025-01-01,2025-12-31,'NA',PTR_2025
PTR_TR_2025_gw-part-pressure_L2_v2-1.pdf,Plots of Jan 2025 sensor data for PTR-TR,,2025-01-01,2025-12-31,,PTR_2025
PTR_TR_2025_gw-perc-sat_L2_v2-1.parquet,Year 2025 sensor data for TR plot at PTR site,,2025-01-01,2025-12-31,'NA',PTR_2025
PTR_TR_2025_gw-perc-sat_L2_v2-1.pdf,Plots of Jan 2025 sensor data for PTR-TR,,2025-01-01,2025-12-31,,PTR_2025
PTR_TR_2025_gw-ph_L2_v2-1.parquet,Year 2025 sensor data for TR plot at PTR site,,2025-01-01,2025-12-31,'NA',PTR_2025
PTR_TR_2025_gw-ph_L2_v2-1.pdf,Plots of Jan 2025 sensor data for PTR-TR,,2025-01-01,2025-12-31,,PTR_2025
PTR_TR_2025_gw-ph-mv_L2_v2-1.parquet,Year 2025 sensor data for TR plot at PTR site,,2025-01-01,2025-12-31,'NA',PTR_2025
PTR_TR_2025_gw-ph-mv_L2_v2-1.pdf,Plots of Jan 2025 sensor data for PTR-TR,,2025-01-01,2025-12-31,,PTR_2025
PTR_TR_2025_gw-ph-orp_L2_v2-1.parquet,Year 2025 sensor data for TR plot at PTR site,,2025-01-01,2025-12-31,'NA',PTR_2025
PTR_TR_2025_gw-ph-orp_L2_v2-1.pdf,Plots of Jan 2025 sensor data for PTR-TR,,2025-01-01,2025-12-31,,PTR_2025
PTR_TR_2025_gw-pressure-vented_L2_v2-1.parquet,Year 2025 sensor data for TR plot at PTR site,,2025-01-01,2025-12-31,'NA',PTR_2025
PTR_TR_2025_gw-pressure-vented_L2_v2-1.pdf,Plots of Jan 2025 sensor data for PTR-TR,,2025-01-01,2025-12-31,,PTR_2025
PTR_TR_2025_gw-rdo-conc_L2_v2-1.parquet,Year 2025 sensor data for TR plot at PTR site,,2025-01-01,2025-12-31,'NA',PTR_2025
PTR_TR_2025_gw-rdo-conc_L2_v2-1.pdf,Plots of Jan 2025 sensor data for PTR-TR,,2025-01-01,2025-12-31,,PTR_2025
PTR_TR_2025_gw-resistivity_L2_v2-1.parquet,Year 2025 sensor data for TR plot at PTR site,,2025-01-01,2025-12-31,'NA',PTR_2025
PTR_TR_2025_gw-resistivity_L2_v2-1.pdf,Plots of Jan 2025 sensor data for PTR-TR,,2025-01-01,2025-12-31,,PTR_2025
PTR_TR_2025_gw-salinity_L2_v2-1.parquet,Year 2025 sensor data for TR plot at PTR site,,2025-01-01,2025-12-31,'NA',PTR_2025
PTR_TR_2025_gw-salinity_L2_v2-1.pdf,Plots of Jan 2025 sensor data for PTR-TR,,2025-01-01,2025-12-31,,PTR_2025
PTR_TR_2025_gw-spec-cond_L2_v2-1.parquet,Year 2025 sensor data for TR plot at PTR site,,2025-01-01,2025-12-31,'NA',PTR_2025
PTR_TR_2025_gw-spec-cond_L2_v2-1.pdf,Plots of Jan 2025 sensor data for PTR-TR,,2025-01-01,2025-12-31,,PTR_2025
PTR_TR_2025_gw-tds_L2_v2-1.parquet,Year 2025 sensor data for TR plot at PTR site,,2025-01-01,2025-12-31,'NA',PTR_2025
PTR_TR_2025_gw-tds_L2_v2-1.pdf,Plots of Jan 2025 sensor data for PTR-TR,,2025-01-01,2025-12-31,,PTR_2025
PTR_TR_2025_gw-temperature_L2_v2-1.parquet,Year 2025 sensor data for TR plot at PTR site,,2025-01-01,2025-12-31,'NA',PTR_2025
PTR_TR_2025_gw-temperature_L2_v2-1.pdf,Plots of Jan 2025 sensor data for PTR-TR,,2025-01-01,2025-12-31,,PTR_2025
PTR_TR_2025_gw-voltage-ext_L2_v2-1.parquet,Year 2025 sensor data for TR plot at PTR site,,2025-01-01,2025-12-31,'NA',PTR_2025
PTR_TR_2025_gw-voltage-ext_L2_v2-1.pdf,Plots of Jan 2025 sensor data for PTR-TR,,2025-01-01,2025-12-31,,PTR_2025
PTR_TR_2025_gw-wl-below-surface_L2_v2-1.parquet,Year 2025 sensor data for TR plot at PTR site,,2025-01-01,2025-12-31,'NA',PTR_2025
PTR_TR_2025_gw-wl-below-surface_L2_v2-1.pdf,Plots of Jan 2025 sensor data for PTR-TR,,2025-01-01,2025-12-31,,PTR_2025
PTR_TR_2025_sapflow-3.5cm_L2_v2-1.parquet,Year 2025 sensor data for TR plot at PTR site,,2025-01-01,2025-12-31,'NA',PTR_2025
PTR_TR_2025_sapflow-3.5cm_L2_v2-1.pdf,Plots of Jan 2025 sensor data for PTR-TR,,2025-01-01,2025-12-31,,PTR_2025
PTR_TR_2025_sapflow-5cm_L2_v2-1.parquet,Year 2025 sensor data for TR plot at PTR site,,2025-01-01,2025-12-31,'NA',PTR_2025
PTR_TR_2025_sapflow-5cm_L2_v2-1.pdf,Plots of Jan 2025 sensor data for PTR-TR,,2025-01-01,2025-12-31,,PTR_2025
PTR_TR_2025_soil-EC-10cm_L2_v2-1.parquet,Year 2025 sensor data for TR plot at PTR site,,2025-01-01,2025-12-31,'NA',PTR_2025
PTR_TR_2025_soil-EC-10cm_L2_v2-1.pdf,Plots of Jan 2025 sensor data for PTR-TR,,2025-01-01,2025-12-31,,PTR_2025
PTR_TR_2025_soil-EC-30cm_L2_v2-1.parquet,Year 2025 sensor data for TR plot at PTR site,,2025-01-01,2025-12-31,'NA',PTR_2025
PTR_TR_2025_soil-EC-30cm_L2_v2-1.pdf,Plots of Jan 2025 sensor data for PTR-TR,,2025-01-01,2025-12-31,,PTR_2025
PTR_TR_2025_soil-salinity-10cm_L2_v2-1.parquet,Year 2025 sensor data for TR plot at PTR site,,2025-01-01,2025-12-31,'NA',PTR_2025
PTR_TR_2025_soil-salinity-10cm_L2_v2-1.pdf,Plots of Jan 2025 sensor data for PTR-TR,,2025-01-01,2025-12-31,,PTR_2025
PTR_TR_2025_soil-salinity-30cm_L2_v2-1.parquet,Year 2025 sensor data for TR plot at PTR site,,2025-01-01,2025-12-31,'NA',PTR_2025
PTR_TR_2025_soil-salinity-30cm_L2_v2-1.pdf,Plots of Jan 2025 sensor data for PTR-TR,,2025-01-01,2025-12-31,,PTR_2025
PTR_TR_2025_soil-temp-10cm_L2_v2-1.parquet,Year 2025 sensor data for TR plot at PTR site,,2025-01-01,2025-12-31,'NA',PTR_2025
PTR_TR_2025_soil-temp-10cm_L2_v2-1.pdf,Plots of Jan 2025 sensor data for PTR-TR,,2025-01-01,2025-12-31,,PTR_2025
PTR_TR_2025_soil-temp-30cm_L2_v2-1.parquet,Year 2025 sensor data for TR plot at PTR site,,2025-01-01,2025-12-31,'NA',PTR_2025
PTR_TR_2025_soil-temp-30cm_L2_v2-1.pdf,Plots of Jan 2025 sensor data for PTR-TR,,2025-01-01,2025-12-31,,PTR_2025
PTR_TR_2025_soil-vwc-10cm_L2_v2-1.parquet,Year 2025 sensor data for TR plot at PTR site,,2025-01-01,2025-12-31,'NA',PTR_2025
PTR_TR_2025_soil-vwc-10cm_L2_v2-1.pdf,Plots of Jan 2025 sensor data for PTR-TR,,2025-01-01,2025-12-31,,PTR_2025
PTR_TR_2025_soil-vwc-30cm_L2_v2-1.parquet,Year 2025 sensor data for TR plot at PTR site,,2025-01-01,2025-12-31,'NA',PTR_2025
PTR_TR_2025_soil-vwc-30cm_L2_v2-1.pdf,Plots of Jan 2025 sensor data for PTR-TR,,2025-01-01,2025-12-31,,PTR_2025
PTR_TR_2025_solar-voltage_L2_v2-1.parquet,Year 2025 sensor data for TR plot at PTR site,,2025-01-01,2025-12-31,'NA',PTR_2025
PTR_TR_2025_solar-voltage_L2_v2-1.pdf,Plots of Jan 2025 sensor data for PTR-TR,,2025-01-01,2025-12-31,,PTR_2025
PTR_UP_2025_battery-voltage_L2_v2-1.parquet,Year 2025 sensor data for UP plot at PTR site,,2025-01-01,2025-12-31,'NA',PTR_2025
PTR_UP_2025_battery-voltage_L2_v2-1.pdf,Plots of Jan 2025 sensor data for PTR-UP,,2025-01-01,2025-12-31,,PTR_2025
PTR_UP_2025_gw-bar-pressure_L2_v2-1.parquet,Year 2025 sensor data for UP plot at PTR site,,2025-01-01,2025-12-31,'NA',PTR_2025
PTR_UP_2025_gw-bar-pressure_L2_v2-1.pdf,Plots of Jan 2025 sensor data for PTR-UP,,2025-01-01,2025-12-31,,PTR_2025
PTR_UP_2025_gw-density_L2_v2-1.parquet,Year 2025 sensor data for UP plot at PTR site,,2025-01-01,2025-12-31,'NA',PTR_2025
PTR_UP_2025_gw-density_L2_v2-1.pdf,Plots of Jan 2025 sensor data for PTR-UP,,2025-01-01,2025-12-31,,PTR_2025
PTR_UP_2025_gw-ph_L2_v2-1.parquet,Year 2025 sensor data for UP plot at PTR site,,2025-01-01,2025-12-31,'NA',PTR_2025
PTR_UP_2025_gw-ph_L2_v2-1.pdf,Plots of Jan 2025 sensor data for PTR-UP,,2025-01-01,2025-12-31,,PTR_2025
PTR_UP_2025_gw-ph-orp_L2_v2-1.parquet,Year 2025 sensor data for UP plot at PTR site,,2025-01-01,2025-12-31,'NA',PTR_2025
PTR_UP_2025_gw-ph-orp_L2_v2-1.pdf,Plots of Jan 2025 sensor data for PTR-UP,,2025-01-01,2025-12-31,,PTR_2025
PTR_UP_2025_gw-pressure-vented_L2_v2-1.parquet,Year 2025 sensor data for UP plot at PTR site,,2025-01-01,2025-12-31,'NA',PTR_2025
PTR_UP_2025_gw-pressure-vented_L2_v2-1.pdf,Plots of Jan 2025 sensor data for PTR-UP,,2025-01-01,2025-12-31,,PTR_2025
PTR_UP_2025_gw-rdo-conc_L2_v2-1.parquet,Year 2025 sensor data for UP plot at PTR site,,2025-01-01,2025-12-31,'NA',PTR_2025
PTR_UP_2025_gw-rdo-conc_L2_v2-1.pdf,Plots of Jan 2025 sensor data for PTR-UP,,2025-01-01,2025-12-31,,PTR_2025
PTR_UP_2025_gw-salinity_L2_v2-1.parquet,Year 2025 sensor data for UP plot at PTR site,,2025-01-01,2025-12-31,'NA',PTR_2025
PTR_UP_2025_gw-salinity_L2_v2-1.pdf,Plots of Jan 2025 sensor data for PTR-UP,,2025-01-01,2025-12-31,,PTR_2025
PTR_UP_2025_gw-temperature_L2_v2-1.parquet,Year 2025 sensor data for UP plot at PTR site,,2025-01-01,2025-12-31,'NA',PTR_2025
PTR_UP_2025_gw-temperature_L2_v2-1.pdf,Plots of Jan 2025 sensor data for PTR-UP,,2025-01-01,2025-12-31,,PTR_2025
PTR_UP_2025_gw-wl-below-surface_L2_v2-1.parquet,Year 2025 sensor data for UP plot at PTR site,,2025-01-01,2025-12-31,'NA',PTR_2025
PTR_UP_2025_gw-wl-below-surface_L2_v2-1.pdf,Plots of Jan 2025 sensor data for PTR-UP,,2025-01-01,2025-12-31,,PTR_2025
PTR_UP_2025_sapflow-3.5cm_L2_v2-1.parquet,Year 2025 sensor data for UP plot at PTR site,,2025-01-01,2025-12-31,'NA',PTR_2025
PTR_UP_2025_sapflow-3.5cm_L2_v2-1.pdf,Plots of Jan 2025 sensor data for PTR-UP,,2025-01-01,2025-12-31,,PTR_2025
PTR_UP_2025_sapflow-5cm_L2_v2-1.parquet,Year 2025 sensor data for UP plot at PTR site,,2025-01-01,2025-12-31,'NA',PTR_2025
PTR_UP_2025_sapflow-5cm_L2_v2-1.pdf,Plots of Jan 2025 sensor data for PTR-UP,,2025-01-01,2025-12-31,,PTR_2025
PTR_UP_2025_soil-EC-10cm_L2_v2-1.parquet,Year 2025 sensor data for UP plot at PTR site,,2025-01-01,2025-12-31,'NA',PTR_2025
PTR_UP_2025_soil-EC-10cm_L2_v2-1.pdf,Plots of Jan 2025 sensor data for PTR-UP,,2025-01-01,2025-12-31,,PTR_2025
PTR_UP_2025_soil-EC-30cm_L2_v2-1.parquet,Year 2025 sensor data for UP plot at PTR site,,2025-01-01,2025-12-31,'NA',PTR_2025
PTR_UP_2025_soil-EC-30cm_L2_v2-1.pdf,Plots of Jan 2025 sensor data for PTR-UP,,2025-01-01,2025-12-31,,PTR_2025
PTR_UP_2025_soil-salinity-10cm_L2_v2-1.parquet,Year 2025 sensor data for UP plot at PTR site,,2025-01-01,2025-12-31,'NA',PTR_2025
PTR_UP_2025_soil-salinity-10cm_L2_v2-1.pdf,Plots of Jan 2025 sensor data for PTR-UP,,2025-01-01,2025-12-31,,PTR_2025
PTR_UP_2025_soil-salinity-30cm_L2_v2-1.parquet,Year 2025 sensor data for UP plot at PTR site,,2025-01-01,2025-12-31,'NA',PTR_2025
PTR_UP_2025_soil-salinity-30cm_L2_v2-1.pdf,Plots of Jan 2025 sensor data for PTR-UP,,2025-01-01,2025-12-31,,PTR_2025
PTR_UP_2025_soil-temp-10cm_L2_v2-1.parquet,Year 2025 sensor data for UP plot at PTR site,,2025-01-01,2025-12-31,'NA',PTR_2025
PTR_UP_2025_soil-temp-10cm_L2_v2-1.pdf,Plots of Jan 2025 sensor data for PTR-UP,,2025-01-01,2025-12-31,,PTR_2025
PTR_UP_2025_soil-temp-30cm_L2_v2-1.parquet,Year 2025 sensor data for UP plot at PTR site,,2025-01-01,2025-12-31,'NA',PTR_2025
PTR_UP_2025_soil-temp-30cm_L2_v2-1.pdf,Plots of Jan 2025 sensor data for PTR-UP,,2025-01-01,2025-12-31,,PTR_2025
PTR_UP_2025_soil-vwc-10cm_L2_v2-1.parquet,Year 2025 sensor data for UP plot at PTR site,,2025-01-01,2025-12-31,'NA',PTR_2025
PTR_UP_2025_soil-vwc-10cm_L2_v2-1.pdf,Plots of Jan 2025 sensor data for PTR-UP,,2025-01-01,2025-12-31,,PTR_2025
PTR_UP_2025_soil-vwc-30cm_L2_v2-1.parquet,Year 2025 sensor data for UP plot at PTR site,,2025-01-01,2025-12-31,'NA',PTR_2025
PTR_UP_2025_soil-vwc-30cm_L2_v2-1.pdf,Plots of Jan 2025 sensor data for PTR-UP,,2025-01-01,2025-12-31,,PTR_2025
PTR_UP_2025_solar-voltage_L2_v2-1.parquet,Year 2025 sensor data for UP plot at PTR site,,2025-01-01,2025-12-31,'NA',PTR_2025
PTR_UP_2025_solar-voltage_L2_v2-1.pdf,Plots of Jan 2025 sensor data for PTR-UP,,2025-01-01,2025-12-31,,PTR_2025
PTR_W_2025_battery-voltage_L2_v2-1.parquet,Year 2025 sensor data for W plot at PTR site,,2025-01-01,2025-12-31,'NA',PTR_2025
PTR_W_2025_battery-voltage_L2_v2-1.pdf,Plots of Jan 2025 sensor data for PTR-W,,2025-01-01,2025-12-31,,PTR_2025
PTR_W_2025_gw-act-cond_L2_v2-1.parquet,Year 2025 sensor data for W plot at PTR site,,2025-01-01,2025-12-31,'NA',PTR_2025
PTR_W_2025_gw-act-cond_L2_v2-1.pdf,Plots of Jan 2025 sensor data for PTR-W,,2025-01-01,2025-12-31,,PTR_2025
PTR_W_2025_gw-bar-pressure_L2_v2-1.parquet,Year 2025 sensor data for W plot at PTR site,,2025-01-01,2025-12-31,'NA',PTR_2025
PTR_W_2025_gw-bar-pressure_L2_v2-1.pdf,Plots of Jan 2025 sensor data for PTR-W,,2025-01-01,2025-12-31,,PTR_2025
PTR_W_2025_gw-battery_L2_v2-1.parquet,Year 2025 sensor data for W plot at PTR site,,2025-01-01,2025-12-31,'NA',PTR_2025
PTR_W_2025_gw-battery_L2_v2-1.pdf,Plots of Jan 2025 sensor data for PTR-W,,2025-01-01,2025-12-31,,PTR_2025
PTR_W_2025_gw-density_L2_v2-1.parquet,Year 2025 sensor data for W plot at PTR site,,2025-01-01,2025-12-31,'NA',PTR_2025
PTR_W_2025_gw-density_L2_v2-1.pdf,Plots of Jan 2025 sensor data for PTR-W,,2025-01-01,2025-12-31,,PTR_2025
PTR_W_2025_gw-depth_L2_v2-1.parquet,Year 2025 sensor data for W plot at PTR site,,2025-01-01,2025-12-31,'NA',PTR_2025
PTR_W_2025_gw-depth_L2_v2-1.pdf,Plots of Jan 2025 sensor data for PTR-W,,2025-01-01,2025-12-31,,PTR_2025
PTR_W_2025_gw-part-pressure_L2_v2-1.parquet,Year 2025 sensor data for W plot at PTR site,,2025-01-01,2025-12-31,'NA',PTR_2025
PTR_W_2025_gw-part-pressure_L2_v2-1.pdf,Plots of Jan 2025 sensor data for PTR-W,,2025-01-01,2025-12-31,,PTR_2025
PTR_W_2025_gw-perc-sat_L2_v2-1.parquet,Year 2025 sensor data for W plot at PTR site,,2025-01-01,2025-12-31,'NA',PTR_2025
PTR_W_2025_gw-perc-sat_L2_v2-1.pdf,Plots of Jan 2025 sensor data for PTR-W,,2025-01-01,2025-12-31,,PTR_2025
PTR_W_2025_gw-ph_L2_v2-1.parquet,Year 2025 sensor data for W plot at PTR site,,2025-01-01,2025-12-31,'NA',PTR_2025
PTR_W_2025_gw-ph_L2_v2-1.pdf,Plots of Jan 2025 sensor data for PTR-W,,2025-01-01,2025-12-31,,PTR_2025
PTR_W_2025_gw-ph-mv_L2_v2-1.parquet,Year 2025 sensor data for W plot at PTR site,,2025-01-01,2025-12-31,'NA',PTR_2025
PTR_W_2025_gw-ph-mv_L2_v2-1.pdf,Plots of Jan 2025 sensor data for PTR-W,,2025-01-01,2025-12-31,,PTR_2025
PTR_W_2025_gw-ph-orp_L2_v2-1.parquet,Year 2025 sensor data for W plot at PTR site,,2025-01-01,2025-12-31,'NA',PTR_2025
PTR_W_2025_gw-ph-orp_L2_v2-1.pdf,Plots of Jan 2025 sensor data for PTR-W,,2025-01-01,2025-12-31,,PTR_2025
PTR_W_2025_gw-pressure-vented_L2_v2-1.parquet,Year 2025 sensor data for W plot at PTR site,,2025-01-01,2025-12-31,'NA',PTR_2025
PTR_W_2025_gw-pressure-vented_L2_v2-1.pdf,Plots of Jan 2025 sensor data for PTR-W,,2025-01-01,2025-12-31,,PTR_2025
PTR_W_2025_gw-rdo-conc_L2_v2-1.parquet,Year 2025 sensor data for W plot at PTR site,,2025-01-01,2025-12-31,'NA',PTR_2025
PTR_W_2025_gw-rdo-conc_L2_v2-1.pdf,Plots of Jan 2025 sensor data for PTR-W,,2025-01-01,2025-12-31,,PTR_2025
PTR_W_2025_gw-resistivity_L2_v2-1.parquet,Year 2025 sensor data for W plot at PTR site,,2025-01-01,2025-12-31,'NA',PTR_2025
PTR_W_2025_gw-resistivity_L2_v2-1.pdf,Plots of Jan 2025 sensor data for PTR-W,,2025-01-01,2025-12-31,,PTR_2025
PTR_W_2025_gw-salinity_L2_v2-1.parquet,Year 2025 sensor data for W plot at PTR site,,2025-01-01,2025-12-31,'NA',PTR_2025
PTR_W_2025_gw-salinity_L2_v2-1.pdf,Plots of Jan 2025 sensor data for PTR-W,,2025-01-01,2025-12-31,,PTR_2025
PTR_W_2025_gw-spec-cond_L2_v2-1.parquet,Year 2025 sensor data for W plot at PTR site,,2025-01-01,2025-12-31,'NA',PTR_2025
PTR_W_2025_gw-spec-cond_L2_v2-1.pdf,Plots of Jan 2025 sensor data for PTR-W,,2025-01-01,2025-12-31,,PTR_2025
PTR_W_2025_gw-tds_L2_v2-1.parquet,Year 2025 sensor data for W plot at PTR site,,2025-01-01,2025-12-31,'NA',PTR_2025
PTR_W_2025_gw-tds_L2_v2-1.pdf,Plots of Jan 2025 sensor data for PTR-W,,2025-01-01,2025-12-31,,PTR_2025
PTR_W_2025_gw-temperature_L2_v2-1.parquet,Year 2025 sensor data for W plot at PTR site,,2025-01-01,2025-12-31,'NA',PTR_2025
PTR_W_2025_gw-temperature_L2_v2-1.pdf,Plots of Jan 2025 sensor data for PTR-W,,2025-01-01,2025-12-31,,PTR_2025
PTR_W_2025_gw-voltage-ext_L2_v2-1.parquet,Year 2025 sensor data for W plot at PTR site,,2025-01-01,2025-12-31,'NA',PTR_2025
PTR_W_2025_gw-voltage-ext_L2_v2-1.pdf,Plots of Jan 2025 sensor data for PTR-W,,2025-01-01,2025-12-31,,PTR_2025
PTR_W_2025_gw-wl-below-surface_L2_v2-1.parquet,Year 2025 sensor data for W plot at PTR site,,2025-01-01,2025-12-31,'NA',PTR_2025
PTR_W_2025_gw-wl-below-surface_L2_v2-1.pdf,Plots of Jan 2025 sensor data for PTR-W,,2025-01-01,2025-12-31,,PTR_2025
PTR_W_2025_soil-EC-10cm_L2_v2-1.parquet,Year 2025 sensor data for W plot at PTR site,,2025-01-01,2025-12-31,'NA',PTR_2025
PTR_W_2025_soil-EC-10cm_L2_v2-1.pdf,Plots of Jan 2025 sensor data for PTR-W,,2025-01-01,2025-12-31,,PTR_2025
PTR_W_2025_soil-EC-30cm_L2_v2-1.parquet,Year 2025 sensor data for W plot at PTR site,,2025-01-01,2025-12-31,'NA',PTR_2025
PTR_W_2025_soil-EC-30cm_L2_v2-1.pdf,Plots of Jan 2025 sensor data for PTR-W,,2025-01-01,2025-12-31,,PTR_2025
PTR_W_2025_soil-salinity-10cm_L2_v2-1.parquet,Year 2025 sensor data for W plot at PTR site,,2025-01-01,2025-12-31,'NA',PTR_2025
PTR_W_2025_soil-salinity-10cm_L2_v2-1.pdf,Plots of Jan 2025 sensor data for PTR-W,,2025-01-01,2025-12-31,,PTR_2025
PTR_W_2025_soil-salinity-30cm_L2_v2-1.parquet,Year 2025 sensor data for W plot at PTR site,,2025-01-01,2025-12-31,'NA',PTR_2025
PTR_W_2025_soil-salinity-30cm_L2_v2-1.pdf,Plots of Jan 2025 sensor data for PTR-W,,2025-01-01,2025-12-31,,PTR_2025
PTR_W_2025_soil-temp-10cm_L2_v2-1.parquet,Year 2025 sensor data for W plot at PTR site,,2025-01-01,2025-12-31,'NA',PTR_2025
PTR_W_2025_soil-temp-10cm_L2_v2-1.pdf,Plots of Jan 2025 sensor data for PTR-W,,2025-01-01,2025-12-31,,PTR_2025
PTR_W_2025_soil-temp-30cm_L2_v2-1.parquet,Year 2025 sensor data for W plot at PTR site,,2025-01-01,2025-12-31,'NA',PTR_2025
PTR_W_2025_soil-temp-30cm_L2_v2-1.pdf,Plots of Jan 2025 sensor data for PTR-W,,2025-01-01,2025-12-31,,PTR_2025
PTR_W_2025_soil-vwc-10cm_L2_v2-1.parquet,Year 2025 sensor data for W plot at PTR site,,2025-01-01,2025-12-31,'NA',PTR_2025
PTR_W_2025_soil-vwc-10cm_L2_v2-1.pdf,Plots of Jan 2025 sensor data for PTR-W,,2025-01-01,2025-12-31,,PTR_2025
PTR_W_2025_soil-vwc-30cm_L2_v2-1.parquet,Year 2025 sensor data for W plot at PTR site,,2025-01-01,2025-12-31,'NA',PTR_2025
PTR_W_2025_soil-vwc-30cm_L2_v2-1.pdf,Plots of Jan 2025 sensor data for PTR-W,,2025-01-01,2025-12-31,,PTR_2025
PTR_W_2025_solar-voltage_L2_v2-1.parquet,Year 2025 sensor data for W plot at PTR site,,2025-01-01,2025-12-31,'NA',PTR_2025
PTR_W_2025_solar-voltage_L2_v2-1.pdf,Plots of Jan 2025 sensor data for PTR-W,,2025-01-01,2025-12-31,,PTR_2025
PTR_W_2025_wx-barpress15_L2_v2-1.parquet,Year 2025 sensor data for W plot at PTR site,,2025-01-01,2025-12-31,'NA',PTR_2025
PTR_W_2025_wx-barpress15_L2_v2-1.pdf,Plots of Jan 2025 sensor data for PTR-W,,2025-01-01,2025-12-31,,PTR_2025
PTR_W_2025_wx-bpmax15_L2_v2-1.parquet,Year 2025 sensor data for W plot at PTR site,,2025-01-01,2025-12-31,'NA',PTR_2025
PTR_W_2025_wx-bpmax15_L2_v2-1.pdf,Plots of Jan 2025 sensor data for PTR-W,,2025-01-01,2025-12-31,,PTR_2025
PTR_W_2025_wx-bpmin15_L2_v2-1.parquet,Year 2025 sensor data for W plot at PTR site,,2025-01-01,2025-12-31,'NA',PTR_2025
PTR_W_2025_wx-bpmin15_L2_v2-1.pdf,Plots of Jan 2025 sensor data for PTR-W,,2025-01-01,2025-12-31,,PTR_2025
PTR_W_2025_wx-dist-min15_L2_v2-1.parquet,Year 2025 sensor data for W plot at PTR site,,2025-01-01,2025-12-31,'NA',PTR_2025
PTR_W_2025_wx-dist-min15_L2_v2-1.pdf,Plots of Jan 2025 sensor data for PTR-W,,2025-01-01,2025-12-31,,PTR_2025
PTR_W_2025_wx-invalid-wind15_L2_v2-1.parquet,Year 2025 sensor data for W plot at PTR site,,2025-01-01,2025-12-31,'NA',PTR_2025
PTR_W_2025_wx-invalid-wind15_L2_v2-1.pdf,Plots of Jan 2025 sensor data for PTR-W,,2025-01-01,2025-12-31,,PTR_2025
PTR_W_2025_wx-maxws15_L2_v2-1.parquet,Year 2025 sensor data for W plot at PTR site,,2025-01-01,2025-12-31,'NA',PTR_2025
PTR_W_2025_wx-maxws15_L2_v2-1.pdf,Plots of Jan 2025 sensor data for PTR-W,,2025-01-01,2025-12-31,,PTR_2025
PTR_W_2025_wx-maxws24_L2_v2-1.parquet,Year 2025 sensor data for W plot at PTR site,,2025-01-01,2025-12-31,'NA',PTR_2025
PTR_W_2025_wx-maxws24_L2_v2-1.pdf,Plots of Jan 2025 sensor data for PTR-W,,2025-01-01,2025-12-31,,PTR_2025
PTR_W_2025_wx-par-den15_L2_v2-1.parquet,Year 2025 sensor data for W plot at PTR site,,2025-01-01,2025-12-31,'NA',PTR_2025
PTR_W_2025_wx-par-den15_L2_v2-1.pdf,Plots of Jan 2025 sensor data for PTR-W,,2025-01-01,2025-12-31,,PTR_2025
PTR_W_2025_wx-par-den24_L2_v2-1.parquet,Year 2025 sensor data for W plot at PTR site,,2025-01-01,2025-12-31,'NA',PTR_2025
PTR_W_2025_wx-par-den24_L2_v2-1.pdf,Plots of Jan 2025 sensor data for PTR-W,,2025-01-01,2025-12-31,,PTR_2025
PTR_W_2025_wx-par-tot15_L2_v2-1.parquet,Year 2025 sensor data for W plot at PTR site,,2025-01-01,2025-12-31,'NA',PTR_2025
PTR_W_2025_wx-par-tot15_L2_v2-1.pdf,Plots of Jan 2025 sensor data for PTR-W,,2025-01-01,2025-12-31,,PTR_2025
PTR_W_2025_wx-par-tot24_L2_v2-1.parquet,Year 2025 sensor data for W plot at PTR site,,2025-01-01,2025-12-31,'NA',PTR_2025
PTR_W_2025_wx-par-tot24_L2_v2-1.pdf,Plots of Jan 2025 sensor data for PTR-W,,2025-01-01,2025-12-31,,PTR_2025
PTR_W_2025_wx-rain15_L2_v2-1.parquet,Year 2025 sensor data for W plot at PTR site,,2025-01-01,2025-12-31,'NA',PTR_2025
PTR_W_2025_wx-rain15_L2_v2-1.pdf,Plots of Jan 2025 sensor data for PTR-W,,2025-01-01,2025-12-31,,PTR_2025
PTR_W_2025_wx-rain24_L2_v2-1.parquet,Year 2025 sensor data for W plot at PTR site,,2025-01-01,2025-12-31,'NA',PTR_2025
PTR_W_2025_wx-rain24_L2_v2-1.pdf,Plots of Jan 2025 sensor data for PTR-W,,2025-01-01,2025-12-31,,PTR_2025
PTR_W_2025_wx-rh15_L2_v2-1.parquet,Year 2025 sensor data for W plot at PTR site,,2025-01-01,2025-12-31,'NA',PTR_2025
PTR_W_2025_wx-rh15_L2_v2-1.pdf,Plots of Jan 2025 sensor data for PTR-W,,2025-01-01,2025-12-31,,PTR_2025
PTR_W_2025_wx-rh24_L2_v2-1.parquet,Year 2025 sensor data for W plot at PTR site,,2025-01-01,2025-12-31,'NA',PTR_2025
PTR_W_2025_wx-rh24_L2_v2-1.pdf,Plots of Jan 2025 sensor data for PTR-W,,2025-01-01,2025-12-31,,PTR_2025
PTR_W_2025_wx-rht15_L2_v2-1.parquet,Year 2025 sensor data for W plot at PTR site,,2025-01-01,2025-12-31,'NA',PTR_2025
PTR_W_2025_wx-rht15_L2_v2-1.pdf,Plots of Jan 2025 sensor data for PTR-W,,2025-01-01,2025-12-31,,PTR_2025
PTR_W_2025_wx-rht24_L2_v2-1.parquet,Year 2025 sensor data for W plot at PTR site,,2025-01-01,2025-12-31,'NA',PTR_2025
PTR_W_2025_wx-rht24_L2_v2-1.pdf,Plots of Jan 2025 sensor data for PTR-W,,2025-01-01,2025-12-31,,PTR_2025
PTR_W_2025_wx-rhtmax24_L2_v2-1.parquet,Year 2025 sensor data for W plot at PTR site,,2025-01-01,2025-12-31,'NA',PTR_2025
PTR_W_2025_wx-rhtmax24_L2_v2-1.pdf,Plots of Jan 2025 sensor data for PTR-W,,2025-01-01,2025-12-31,,PTR_2025
PTR_W_2025_wx-rhtmin24_L2_v2-1.parquet,Year 2025 sensor data for W plot at PTR site,,2025-01-01,2025-12-31,'NA',PTR_2025
PTR_W_2025_wx-rhtmin24_L2_v2-1.pdf,Plots of Jan 2025 sensor data for PTR-W,,2025-01-01,2025-12-31,,PTR_2025
PTR_W_2025_wx-slr-fd15_L2_v2-1.parquet,Year 2025 sensor data for W plot at PTR site,,2025-01-01,2025-12-31,'NA',PTR_2025
PTR_W_2025_wx-slr-fd15_L2_v2-1.pdf,Plots of Jan 2025 sensor data for PTR-W,,2025-01-01,2025-12-31,,PTR_2025
PTR_W_2025_wx-slr-fd24_L2_v2-1.parquet,Year 2025 sensor data for W plot at PTR site,,2025-01-01,2025-12-31,'NA',PTR_2025
PTR_W_2025_wx-slr-fd24_L2_v2-1.pdf,Plots of Jan 2025 sensor data for PTR-W,,2025-01-01,2025-12-31,,PTR_2025
PTR_W_2025_wx-slr-tf15_L2_v2-1.parquet,Year 2025 sensor data for W plot at PTR site,,2025-01-01,2025-12-31,'NA',PTR_2025
PTR_W_2025_wx-slr-tf15_L2_v2-1.pdf,Plots of Jan 2025 sensor data for PTR-W,,2025-01-01,2025-12-31,,PTR_2025
PTR_W_2025_wx-slr-tf24_L2_v2-1.parquet,Year 2025 sensor data for W plot at PTR site,,2025-01-01,2025-12-31,'NA',PTR_2025
PTR_W_2025_wx-slr-tf24_L2_v2-1.pdf,Plots of Jan 2025 sensor data for PTR-W,,2025-01-01,2025-12-31,,PTR_2025
PTR_W_2025_wx-strikes15_L2_v2-1.parquet,Year 2025 sensor data for W plot at PTR site,,2025-01-01,2025-12-31,'NA',PTR_2025
PTR_W_2025_wx-strikes15_L2_v2-1.pdf,Plots of Jan 2025 sensor data for PTR-W,,2025-01-01,2025-12-31,,PTR_2025
PTR_W_2025_wx-tempavg15_L2_v2-1.parquet,Year 2025 sensor data for W plot at PTR site,,2025-01-01,2025-12-31,'NA',PTR_2025
PTR_W_2025_wx-tempavg15_L2_v2-1.pdf,Plots of Jan 2025 sensor data for PTR-W,,2025-01-01,2025-12-31,,PTR_2025
PTR_W_2025_wx-tempavg24_L2_v2-1.parquet,Year 2025 sensor data for W plot at PTR site,,2025-01-01,2025-12-31,'NA',PTR_2025
PTR_W_2025_wx-tempavg24_L2_v2-1.pdf,Plots of Jan 2025 sensor data for PTR-W,,2025-01-01,2025-12-31,,PTR_2025
PTR_W_2025_wx-tempmax15_L2_v2-1.parquet,Year 2025 sensor data for W plot at PTR site,,2025-01-01,2025-12-31,'NA',PTR_2025
PTR_W_2025_wx-tempmax15_L2_v2-1.pdf,Plots of Jan 2025 sensor data for PTR-W,,2025-01-01,2025-12-31,,PTR_2025
PTR_W_2025_wx-tempmax24_L2_v2-1.parquet,Year 2025 sensor data for W plot at PTR site,,2025-01-01,2025-12-31,'NA',PTR_2025
PTR_W_2025_wx-tempmax24_L2_v2-1.pdf,Plots of Jan 2025 sensor data for PTR-W,,2025-01-01,2025-12-31,,PTR_2025
PTR_W_2025_wx-tempmin15_L2_v2-1.parquet,Year 2025 sensor data for W plot at PTR site,,2025-01-01,2025-12-31,'NA',PTR_2025
PTR_W_2025_wx-tempmin15_L2_v2-1.pdf,Plots of Jan 2025 sensor data for PTR-W,,2025-01-01,2025-12-31,,PTR_2025
PTR_W_2025_wx-tempmin24_L2_v2-1.parquet,Year 2025 sensor data for W plot at PTR site,,2025-01-01,2025-12-31,'NA',PTR_2025
PTR_W_2025_wx-tempmin24_L2_v2-1.pdf,Plots of Jan 2025 sensor data for PTR-W,,2025-01-01,2025-12-31,,PTR_2025
PTR_W_2025_wx-tilt-ns15_L2_v2-1.parquet,Year 2025 sensor data for W plot at PTR site,,2025-01-01,2025-12-31,'NA',PTR_2025
PTR_W_2025_wx-tilt-ns15_L2_v2-1.pdf,Plots of Jan 2025 sensor data for PTR-W,,2025-01-01,2025-12-31,,PTR_2025
PTR_W_2025_wx-tilt-ns24_L2_v2-1.parquet,Year 2025 sensor data for W plot at PTR site,,2025-01-01,2025-12-31,'NA',PTR_2025
PTR_W_2025_wx-tilt-ns24_L2_v2-1.pdf,Plots of Jan 2025 sensor data for PTR-W,,2025-01-01,2025-12-31,,PTR_2025
PTR_W_2025_wx-tilt-we15_L2_v2-1.parquet,Year 2025 sensor data for W plot at PTR site,,2025-01-01,2025-12-31,'NA',PTR_2025
PTR_W_2025_wx-tilt-we15_L2_v2-1.pdf,Plots of Jan 2025 sensor data for PTR-W,,2025-01-01,2025-12-31,,PTR_2025
PTR_W_2025_wx-tilt-we24_L2_v2-1.parquet,Year 2025 sensor data for W plot at PTR site,,2025-01-01,2025-12-31,'NA',PTR_2025
PTR_W_2025_wx-tilt-we24_L2_v2-1.pdf,Plots of Jan 2025 sensor data for PTR-W,,2025-01-01,2025-12-31,,PTR_2025
PTR_W_2025_wx-vappress15_L2_v2-1.parquet,Year 2025 sensor data for W plot at PTR site,,2025-01-01,2025-12-31,'NA',PTR_2025
PTR_W_2025_wx-vappress15_L2_v2-1.pdf,Plots of Jan 2025 sensor data for PTR-W,,2025-01-01,2025-12-31,,PTR_2025
PTR_W_2025_wx-vappress24_L2_v2-1.parquet,Year 2025 sensor data for W plot at PTR site,,2025-01-01,2025-12-31,'NA',PTR_2025
PTR_W_2025_wx-vappress24_L2_v2-1.pdf,Plots of Jan 2025 sensor data for PTR-W,,2025-01-01,2025-12-31,,PTR_2025
PTR_W_2025_wx-winddir-sd115_L2_v2-1.parquet,Year 2025 sensor data for W plot at PTR site,,2025-01-01,2025-12-31,'NA',PTR_2025
PTR_W_2025_wx-winddir-sd115_L2_v2-1.pdf,Plots of Jan 2025 sensor data for PTR-W,,2025-01-01,2025-12-31,,PTR_2025
PTR_W_2025_wx-winddir15_L2_v2-1.parquet,Year 2025 sensor data for W plot at PTR site,,2025-01-01,2025-12-31,'NA',PTR_2025
PTR_W_2025_wx-winddir15_L2_v2-1.pdf,Plots of Jan 2025 sensor data for PTR-W,,2025-01-01,2025-12-31,,PTR_2025
PTR_W_2025_wx-winderrors24_L2_v2-1.parquet,Year 2025 sensor data for W plot at PTR site,,2025-01-01,2025-12-31,'NA',PTR_2025
PTR_W_2025_wx-winderrors24_L2_v2-1.pdf,Plots of Jan 2025 sensor data for PTR-W,,2025-01-01,2025-12-31,,PTR_2025
PTR_W_2025_wx-windspeed15_L2_v2-1.parquet,Year 2025 sensor data for W plot at PTR site,,2025-01-01,2025-12-31,'NA',PTR_2025
PTR_W_2025_wx-windspeed15_L2_v2-1.pdf,Plots of Jan 2025 sensor data for PTR-W,,2025-01-01,2025-12-31,,PTR_2025
README_v2-1.txt,Overall documentation file for the v1-2 release,,,,,./data/L2
README.md,Minimal README about the folder,,,,,./data/L2
SWH_2023_L2_v2-1_metadata.txt,Metadata for all data files in SWH_2023 folder,,,,,SWH_2023
SWH_SWAMP_2023_battery-voltage_L2_v2-1.parquet,Year 2023 sensor data for SWAMP plot at SWH site,,2023-01-01,2023-12-31,'NA',SWH_2023
SWH_SWAMP_2023_battery-voltage_L2_v2-1.pdf,Plots of Jan 2023 sensor data for SWH-SWAMP,,2023-01-01,2023-12-31,,SWH_2023
SWH_SWAMP_2023_gw-act-cond_L2_v2-1.parquet,Year 2023 sensor data for SWAMP plot at SWH site,,2023-01-01,2023-12-31,'NA',SWH_2023
SWH_SWAMP_2023_gw-act-cond_L2_v2-1.pdf,Plots of Jan 2023 sensor data for SWH-SWAMP,,2023-01-01,2023-12-31,,SWH_2023
SWH_SWAMP_2023_gw-bar-pressure_L2_v2-1.parquet,Year 2023 sensor data for SWAMP plot at SWH site,,2023-01-01,2023-12-31,'NA',SWH_2023
SWH_SWAMP_2023_gw-bar-pressure_L2_v2-1.pdf,Plots of Jan 2023 sensor data for SWH-SWAMP,,2023-01-01,2023-12-31,,SWH_2023
SWH_SWAMP_2023_gw-battery_L2_v2-1.parquet,Year 2023 sensor data for SWAMP plot at SWH site,,2023-01-01,2023-12-31,'NA',SWH_2023
SWH_SWAMP_2023_gw-battery_L2_v2-1.pdf,Plots of Jan 2023 sensor data for SWH-SWAMP,,2023-01-01,2023-12-31,,SWH_2023
SWH_SWAMP_2023_gw-density_L2_v2-1.parquet,Year 2023 sensor data for SWAMP plot at SWH site,,2023-01-01,2023-12-31,'NA',SWH_2023
SWH_SWAMP_2023_gw-density_L2_v2-1.pdf,Plots of Jan 2023 sensor data for SWH-SWAMP,,2023-01-01,2023-12-31,,SWH_2023
SWH_SWAMP_2023_gw-depth_L2_v2-1.parquet,Year 2023 sensor data for SWAMP plot at SWH site,,2023-01-01,2023-12-31,'NA',SWH_2023
SWH_SWAMP_2023_gw-depth_L2_v2-1.pdf,Plots of Jan 2023 sensor data for SWH-SWAMP,,2023-01-01,2023-12-31,,SWH_2023
SWH_SWAMP_2023_gw-part-pressure_L2_v2-1.parquet,Year 2023 sensor data for SWAMP plot at SWH site,,2023-01-01,2023-12-31,'NA',SWH_2023
SWH_SWAMP_2023_gw-part-pressure_L2_v2-1.pdf,Plots of Jan 2023 sensor data for SWH-SWAMP,,2023-01-01,2023-12-31,,SWH_2023
SWH_SWAMP_2023_gw-perc-sat_L2_v2-1.parquet,Year 2023 sensor data for SWAMP plot at SWH site,,2023-01-01,2023-12-31,'NA',SWH_2023
SWH_SWAMP_2023_gw-perc-sat_L2_v2-1.pdf,Plots of Jan 2023 sensor data for SWH-SWAMP,,2023-01-01,2023-12-31,,SWH_2023
SWH_SWAMP_2023_gw-ph_L2_v2-1.parquet,Year 2023 sensor data for SWAMP plot at SWH site,,2023-01-01,2023-12-31,'NA',SWH_2023
SWH_SWAMP_2023_gw-ph_L2_v2-1.pdf,Plots of Jan 2023 sensor data for SWH-SWAMP,,2023-01-01,2023-12-31,,SWH_2023
SWH_SWAMP_2023_gw-ph-mv_L2_v2-1.parquet,Year 2023 sensor data for SWAMP plot at SWH site,,2023-01-01,2023-12-31,'NA',SWH_2023
SWH_SWAMP_2023_gw-ph-mv_L2_v2-1.pdf,Plots of Jan 2023 sensor data for SWH-SWAMP,,2023-01-01,2023-12-31,,SWH_2023
SWH_SWAMP_2023_gw-ph-orp_L2_v2-1.parquet,Year 2023 sensor data for SWAMP plot at SWH site,,2023-01-01,2023-12-31,'NA',SWH_2023
SWH_SWAMP_2023_gw-ph-orp_L2_v2-1.pdf,Plots of Jan 2023 sensor data for SWH-SWAMP,,2023-01-01,2023-12-31,,SWH_2023
SWH_SWAMP_2023_gw-pressure-vented_L2_v2-1.parquet,Year 2023 sensor data for SWAMP plot at SWH site,,2023-01-01,2023-12-31,'NA',SWH_2023
SWH_SWAMP_2023_gw-pressure-vented_L2_v2-1.pdf,Plots of Jan 2023 sensor data for SWH-SWAMP,,2023-01-01,2023-12-31,,SWH_2023
SWH_SWAMP_2023_gw-rdo-conc_L2_v2-1.parquet,Year 2023 sensor data for SWAMP plot at SWH site,,2023-01-01,2023-12-31,'NA',SWH_2023
SWH_SWAMP_2023_gw-rdo-conc_L2_v2-1.pdf,Plots of Jan 2023 sensor data for SWH-SWAMP,,2023-01-01,2023-12-31,,SWH_2023
SWH_SWAMP_2023_gw-resistivity_L2_v2-1.parquet,Year 2023 sensor data for SWAMP plot at SWH site,,2023-01-01,2023-12-31,'NA',SWH_2023
SWH_SWAMP_2023_gw-resistivity_L2_v2-1.pdf,Plots of Jan 2023 sensor data for SWH-SWAMP,,2023-01-01,2023-12-31,,SWH_2023
SWH_SWAMP_2023_gw-salinity_L2_v2-1.parquet,Year 2023 sensor data for SWAMP plot at SWH site,,2023-01-01,2023-12-31,'NA',SWH_2023
SWH_SWAMP_2023_gw-salinity_L2_v2-1.pdf,Plots of Jan 2023 sensor data for SWH-SWAMP,,2023-01-01,2023-12-31,,SWH_2023
SWH_SWAMP_2023_gw-spec-cond_L2_v2-1.parquet,Year 2023 sensor data for SWAMP plot at SWH site,,2023-01-01,2023-12-31,'NA',SWH_2023
SWH_SWAMP_2023_gw-spec-cond_L2_v2-1.pdf,Plots of Jan 2023 sensor data for SWH-SWAMP,,2023-01-01,2023-12-31,,SWH_2023
SWH_SWAMP_2023_gw-tds_L2_v2-1.parquet,Year 2023 sensor data for SWAMP plot at SWH site,,2023-01-01,2023-12-31,'NA',SWH_2023
SWH_SWAMP_2023_gw-tds_L2_v2-1.pdf,Plots of Jan 2023 sensor data for SWH-SWAMP,,2023-01-01,2023-12-31,,SWH_2023
SWH_SWAMP_2023_gw-temperature_L2_v2-1.parquet,Year 2023 sensor data for SWAMP plot at SWH site,,2023-01-01,2023-12-31,'NA',SWH_2023
SWH_SWAMP_2023_gw-temperature_L2_v2-1.pdf,Plots of Jan 2023 sensor data for SWH-SWAMP,,2023-01-01,2023-12-31,,SWH_2023
SWH_SWAMP_2023_gw-voltage-ext_L2_v2-1.parquet,Year 2023 sensor data for SWAMP plot at SWH site,,2023-01-01,2023-12-31,'NA',SWH_2023
SWH_SWAMP_2023_gw-voltage-ext_L2_v2-1.pdf,Plots of Jan 2023 sensor data for SWH-SWAMP,,2023-01-01,2023-12-31,,SWH_2023
SWH_SWAMP_2023_sapflow-3.5cm_L2_v2-1.parquet,Year 2023 sensor data for SWAMP plot at SWH site,,2023-01-01,2023-12-31,'NA',SWH_2023
SWH_SWAMP_2023_sapflow-3.5cm_L2_v2-1.pdf,Plots of Jan 2023 sensor data for SWH-SWAMP,,2023-01-01,2023-12-31,,SWH_2023
SWH_SWAMP_2023_sapflow-5cm_L2_v2-1.parquet,Year 2023 sensor data for SWAMP plot at SWH site,,2023-01-01,2023-12-31,'NA',SWH_2023
SWH_SWAMP_2023_sapflow-5cm_L2_v2-1.pdf,Plots of Jan 2023 sensor data for SWH-SWAMP,,2023-01-01,2023-12-31,,SWH_2023
SWH_SWAMP_2023_soil-EC-10cm_L2_v2-1.parquet,Year 2023 sensor data for SWAMP plot at SWH site,,2023-01-01,2023-12-31,'NA',SWH_2023
SWH_SWAMP_2023_soil-EC-10cm_L2_v2-1.pdf,Plots of Jan 2023 sensor data for SWH-SWAMP,,2023-01-01,2023-12-31,,SWH_2023
SWH_SWAMP_2023_soil-EC-30cm_L2_v2-1.parquet,Year 2023 sensor data for SWAMP plot at SWH site,,2023-01-01,2023-12-31,'NA',SWH_2023
SWH_SWAMP_2023_soil-EC-30cm_L2_v2-1.pdf,Plots of Jan 2023 sensor data for SWH-SWAMP,,2023-01-01,2023-12-31,,SWH_2023
SWH_SWAMP_2023_soil-salinity-10cm_L2_v2-1.parquet,Year 2023 sensor data for SWAMP plot at SWH site,,2023-01-01,2023-12-31,'NA',SWH_2023
SWH_SWAMP_2023_soil-salinity-10cm_L2_v2-1.pdf,Plots of Jan 2023 sensor data for SWH-SWAMP,,2023-01-01,2023-12-31,,SWH_2023
SWH_SWAMP_2023_soil-salinity-30cm_L2_v2-1.parquet,Year 2023 sensor data for SWAMP plot at SWH site,,2023-01-01,2023-12-31,'NA',SWH_2023
SWH_SWAMP_2023_soil-salinity-30cm_L2_v2-1.pdf,Plots of Jan 2023 sensor data for SWH-SWAMP,,2023-01-01,2023-12-31,,SWH_2023
SWH_SWAMP_2023_soil-temp-10cm_L2_v2-1.parquet,Year 2023 sensor data for SWAMP plot at SWH site,,2023-01-01,2023-12-31,'NA',SWH_2023
SWH_SWAMP_2023_soil-temp-10cm_L2_v2-1.pdf,Plots of Jan 2023 sensor data for SWH-SWAMP,,2023-01-01,2023-12-31,,SWH_2023
SWH_SWAMP_2023_soil-temp-30cm_L2_v2-1.parquet,Year 2023 sensor data for SWAMP plot at SWH site,,2023-01-01,2023-12-31,'NA',SWH_2023
SWH_SWAMP_2023_soil-temp-30cm_L2_v2-1.pdf,Plots of Jan 2023 sensor data for SWH-SWAMP,,2023-01-01,2023-12-31,,SWH_2023
SWH_SWAMP_2023_soil-vwc-10cm_L2_v2-1.parquet,Year 2023 sensor data for SWAMP plot at SWH site,,2023-01-01,2023-12-31,'NA',SWH_2023
SWH_SWAMP_2023_soil-vwc-10cm_L2_v2-1.pdf,Plots of Jan 2023 sensor data for SWH-SWAMP,,2023-01-01,2023-12-31,,SWH_2023
SWH_SWAMP_2023_soil-vwc-30cm_L2_v2-1.parquet,Year 2023 sensor data for SWAMP plot at SWH site,,2023-01-01,2023-12-31,'NA',SWH_2023
SWH_SWAMP_2023_soil-vwc-30cm_L2_v2-1.pdf,Plots of Jan 2023 sensor data for SWH-SWAMP,,2023-01-01,2023-12-31,,SWH_2023
SWH_SWAMP_2023_solar-voltage_L2_v2-1.parquet,Year 2023 sensor data for SWAMP plot at SWH site,,2023-01-01,2023-12-31,'NA',SWH_2023
SWH_SWAMP_2023_solar-voltage_L2_v2-1.pdf,Plots of Jan 2023 sensor data for SWH-SWAMP,,2023-01-01,2023-12-31,,SWH_2023
SWH_TR_2023_battery-voltage_L2_v2-1.parquet,Year 2023 sensor data for TR plot at SWH site,,2023-01-01,2023-12-31,'NA',SWH_2023
SWH_TR_2023_battery-voltage_L2_v2-1.pdf,Plots of Jan 2023 sensor data for SWH-TR,,2023-01-01,2023-12-31,,SWH_2023
SWH_TR_2023_gw-act-cond_L2_v2-1.parquet,Year 2023 sensor data for TR plot at SWH site,,2023-01-01,2023-12-31,'NA',SWH_2023
SWH_TR_2023_gw-act-cond_L2_v2-1.pdf,Plots of Jan 2023 sensor data for SWH-TR,,2023-01-01,2023-12-31,,SWH_2023
SWH_TR_2023_gw-bar-pressure_L2_v2-1.parquet,Year 2023 sensor data for TR plot at SWH site,,2023-01-01,2023-12-31,'NA',SWH_2023
SWH_TR_2023_gw-bar-pressure_L2_v2-1.pdf,Plots of Jan 2023 sensor data for SWH-TR,,2023-01-01,2023-12-31,,SWH_2023
SWH_TR_2023_gw-battery_L2_v2-1.parquet,Year 2023 sensor data for TR plot at SWH site,,2023-01-01,2023-12-31,'NA',SWH_2023
SWH_TR_2023_gw-battery_L2_v2-1.pdf,Plots of Jan 2023 sensor data for SWH-TR,,2023-01-01,2023-12-31,,SWH_2023
SWH_TR_2023_gw-density_L2_v2-1.parquet,Year 2023 sensor data for TR plot at SWH site,,2023-01-01,2023-12-31,'NA',SWH_2023
SWH_TR_2023_gw-density_L2_v2-1.pdf,Plots of Jan 2023 sensor data for SWH-TR,,2023-01-01,2023-12-31,,SWH_2023
SWH_TR_2023_gw-depth_L2_v2-1.parquet,Year 2023 sensor data for TR plot at SWH site,,2023-01-01,2023-12-31,'NA',SWH_2023
SWH_TR_2023_gw-depth_L2_v2-1.pdf,Plots of Jan 2023 sensor data for SWH-TR,,2023-01-01,2023-12-31,,SWH_2023
SWH_TR_2023_gw-part-pressure_L2_v2-1.parquet,Year 2023 sensor data for TR plot at SWH site,,2023-01-01,2023-12-31,'NA',SWH_2023
SWH_TR_2023_gw-part-pressure_L2_v2-1.pdf,Plots of Jan 2023 sensor data for SWH-TR,,2023-01-01,2023-12-31,,SWH_2023
SWH_TR_2023_gw-perc-sat_L2_v2-1.parquet,Year 2023 sensor data for TR plot at SWH site,,2023-01-01,2023-12-31,'NA',SWH_2023
SWH_TR_2023_gw-perc-sat_L2_v2-1.pdf,Plots of Jan 2023 sensor data for SWH-TR,,2023-01-01,2023-12-31,,SWH_2023
SWH_TR_2023_gw-ph_L2_v2-1.parquet,Year 2023 sensor data for TR plot at SWH site,,2023-01-01,2023-12-31,'NA',SWH_2023
SWH_TR_2023_gw-ph_L2_v2-1.pdf,Plots of Jan 2023 sensor data for SWH-TR,,2023-01-01,2023-12-31,,SWH_2023
SWH_TR_2023_gw-ph-mv_L2_v2-1.parquet,Year 2023 sensor data for TR plot at SWH site,,2023-01-01,2023-12-31,'NA',SWH_2023
SWH_TR_2023_gw-ph-mv_L2_v2-1.pdf,Plots of Jan 2023 sensor data for SWH-TR,,2023-01-01,2023-12-31,,SWH_2023
SWH_TR_2023_gw-ph-orp_L2_v2-1.parquet,Year 2023 sensor data for TR plot at SWH site,,2023-01-01,2023-12-31,'NA',SWH_2023
SWH_TR_2023_gw-ph-orp_L2_v2-1.pdf,Plots of Jan 2023 sensor data for SWH-TR,,2023-01-01,2023-12-31,,SWH_2023
SWH_TR_2023_gw-pressure-vented_L2_v2-1.parquet,Year 2023 sensor data for TR plot at SWH site,,2023-01-01,2023-12-31,'NA',SWH_2023
SWH_TR_2023_gw-pressure-vented_L2_v2-1.pdf,Plots of Jan 2023 sensor data for SWH-TR,,2023-01-01,2023-12-31,,SWH_2023
SWH_TR_2023_gw-rdo-conc_L2_v2-1.parquet,Year 2023 sensor data for TR plot at SWH site,,2023-01-01,2023-12-31,'NA',SWH_2023
SWH_TR_2023_gw-rdo-conc_L2_v2-1.pdf,Plots of Jan 2023 sensor data for SWH-TR,,2023-01-01,2023-12-31,,SWH_2023
SWH_TR_2023_gw-resistivity_L2_v2-1.parquet,Year 2023 sensor data for TR plot at SWH site,,2023-01-01,2023-12-31,'NA',SWH_2023
SWH_TR_2023_gw-resistivity_L2_v2-1.pdf,Plots of Jan 2023 sensor data for SWH-TR,,2023-01-01,2023-12-31,,SWH_2023
SWH_TR_2023_gw-salinity_L2_v2-1.parquet,Year 2023 sensor data for TR plot at SWH site,,2023-01-01,2023-12-31,'NA',SWH_2023
SWH_TR_2023_gw-salinity_L2_v2-1.pdf,Plots of Jan 2023 sensor data for SWH-TR,,2023-01-01,2023-12-31,,SWH_2023
SWH_TR_2023_gw-spec-cond_L2_v2-1.parquet,Year 2023 sensor data for TR plot at SWH site,,2023-01-01,2023-12-31,'NA',SWH_2023
SWH_TR_2023_gw-spec-cond_L2_v2-1.pdf,Plots of Jan 2023 sensor data for SWH-TR,,2023-01-01,2023-12-31,,SWH_2023
SWH_TR_2023_gw-tds_L2_v2-1.parquet,Year 2023 sensor data for TR plot at SWH site,,2023-01-01,2023-12-31,'NA',SWH_2023
SWH_TR_2023_gw-tds_L2_v2-1.pdf,Plots of Jan 2023 sensor data for SWH-TR,,2023-01-01,2023-12-31,,SWH_2023
SWH_TR_2023_gw-temperature_L2_v2-1.parquet,Year 2023 sensor data for TR plot at SWH site,,2023-01-01,2023-12-31,'NA',SWH_2023
SWH_TR_2023_gw-temperature_L2_v2-1.pdf,Plots of Jan 2023 sensor data for SWH-TR,,2023-01-01,2023-12-31,,SWH_2023
SWH_TR_2023_gw-voltage-ext_L2_v2-1.parquet,Year 2023 sensor data for TR plot at SWH site,,2023-01-01,2023-12-31,'NA',SWH_2023
SWH_TR_2023_gw-voltage-ext_L2_v2-1.pdf,Plots of Jan 2023 sensor data for SWH-TR,,2023-01-01,2023-12-31,,SWH_2023
SWH_TR_2023_sapflow-3.5cm_L2_v2-1.parquet,Year 2023 sensor data for TR plot at SWH site,,2023-01-01,2023-12-31,'NA',SWH_2023
SWH_TR_2023_sapflow-3.5cm_L2_v2-1.pdf,Plots of Jan 2023 sensor data for SWH-TR,,2023-01-01,2023-12-31,,SWH_2023
SWH_TR_2023_sapflow-5cm_L2_v2-1.parquet,Year 2023 sensor data for TR plot at SWH site,,2023-01-01,2023-12-31,'NA',SWH_2023
SWH_TR_2023_sapflow-5cm_L2_v2-1.pdf,Plots of Jan 2023 sensor data for SWH-TR,,2023-01-01,2023-12-31,,SWH_2023
SWH_TR_2023_soil-EC-10cm_L2_v2-1.parquet,Year 2023 sensor data for TR plot at SWH site,,2023-01-01,2023-12-31,'NA',SWH_2023
SWH_TR_2023_soil-EC-10cm_L2_v2-1.pdf,Plots of Jan 2023 sensor data for SWH-TR,,2023-01-01,2023-12-31,,SWH_2023
SWH_TR_2023_soil-EC-30cm_L2_v2-1.parquet,Year 2023 sensor data for TR plot at SWH site,,2023-01-01,2023-12-31,'NA',SWH_2023
SWH_TR_2023_soil-EC-30cm_L2_v2-1.pdf,Plots of Jan 2023 sensor data for SWH-TR,,2023-01-01,2023-12-31,,SWH_2023
SWH_TR_2023_soil-salinity-10cm_L2_v2-1.parquet,Year 2023 sensor data for TR plot at SWH site,,2023-01-01,2023-12-31,'NA',SWH_2023
SWH_TR_2023_soil-salinity-10cm_L2_v2-1.pdf,Plots of Jan 2023 sensor data for SWH-TR,,2023-01-01,2023-12-31,,SWH_2023
SWH_TR_2023_soil-salinity-30cm_L2_v2-1.parquet,Year 2023 sensor data for TR plot at SWH site,,2023-01-01,2023-12-31,'NA',SWH_2023
SWH_TR_2023_soil-salinity-30cm_L2_v2-1.pdf,Plots of Jan 2023 sensor data for SWH-TR,,2023-01-01,2023-12-31,,SWH_2023
SWH_TR_2023_soil-temp-10cm_L2_v2-1.parquet,Year 2023 sensor data for TR plot at SWH site,,2023-01-01,2023-12-31,'NA',SWH_2023
SWH_TR_2023_soil-temp-10cm_L2_v2-1.pdf,Plots of Jan 2023 sensor data for SWH-TR,,2023-01-01,2023-12-31,,SWH_2023
SWH_TR_2023_soil-temp-30cm_L2_v2-1.parquet,Year 2023 sensor data for TR plot at SWH site,,2023-01-01,2023-12-31,'NA',SWH_2023
SWH_TR_2023_soil-temp-30cm_L2_v2-1.pdf,Plots of Jan 2023 sensor data for SWH-TR,,2023-01-01,2023-12-31,,SWH_2023
SWH_TR_2023_soil-vwc-10cm_L2_v2-1.parquet,Year 2023 sensor data for TR plot at SWH site,,2023-01-01,2023-12-31,'NA',SWH_2023
SWH_TR_2023_soil-vwc-10cm_L2_v2-1.pdf,Plots of Jan 2023 sensor data for SWH-TR,,2023-01-01,2023-12-31,,SWH_2023
SWH_TR_2023_soil-vwc-30cm_L2_v2-1.parquet,Year 2023 sensor data for TR plot at SWH site,,2023-01-01,2023-12-31,'NA',SWH_2023
SWH_TR_2023_soil-vwc-30cm_L2_v2-1.pdf,Plots of Jan 2023 sensor data for SWH-TR,,2023-01-01,2023-12-31,,SWH_2023
SWH_TR_2023_solar-voltage_L2_v2-1.parquet,Year 2023 sensor data for TR plot at SWH site,,2023-01-01,2023-12-31,'NA',SWH_2023
SWH_TR_2023_solar-voltage_L2_v2-1.pdf,Plots of Jan 2023 sensor data for SWH-TR,,2023-01-01,2023-12-31,,SWH_2023
SWH_W_2023_battery-voltage_L2_v2-1.parquet,Year 2023 sensor data for W plot at SWH site,,2023-01-01,2023-12-31,'NA',SWH_2023
SWH_W_2023_battery-voltage_L2_v2-1.pdf,Plots of Jan 2023 sensor data for SWH-W,,2023-01-01,2023-12-31,,SWH_2023
SWH_W_2023_gw-act-cond_L2_v2-1.parquet,Year 2023 sensor data for W plot at SWH site,,2023-01-01,2023-12-31,'NA',SWH_2023
SWH_W_2023_gw-act-cond_L2_v2-1.pdf,Plots of Jan 2023 sensor data for SWH-W,,2023-01-01,2023-12-31,,SWH_2023
SWH_W_2023_gw-bar-pressure_L2_v2-1.parquet,Year 2023 sensor data for W plot at SWH site,,2023-01-01,2023-12-31,'NA',SWH_2023
SWH_W_2023_gw-bar-pressure_L2_v2-1.pdf,Plots of Jan 2023 sensor data for SWH-W,,2023-01-01,2023-12-31,,SWH_2023
SWH_W_2023_gw-battery_L2_v2-1.parquet,Year 2023 sensor data for W plot at SWH site,,2023-01-01,2023-12-31,'NA',SWH_2023
SWH_W_2023_gw-battery_L2_v2-1.pdf,Plots of Jan 2023 sensor data for SWH-W,,2023-01-01,2023-12-31,,SWH_2023
SWH_W_2023_gw-density_L2_v2-1.parquet,Year 2023 sensor data for W plot at SWH site,,2023-01-01,2023-12-31,'NA',SWH_2023
SWH_W_2023_gw-density_L2_v2-1.pdf,Plots of Jan 2023 sensor data for SWH-W,,2023-01-01,2023-12-31,,SWH_2023
SWH_W_2023_gw-depth_L2_v2-1.parquet,Year 2023 sensor data for W plot at SWH site,,2023-01-01,2023-12-31,'NA',SWH_2023
SWH_W_2023_gw-depth_L2_v2-1.pdf,Plots of Jan 2023 sensor data for SWH-W,,2023-01-01,2023-12-31,,SWH_2023
SWH_W_2023_gw-part-pressure_L2_v2-1.parquet,Year 2023 sensor data for W plot at SWH site,,2023-01-01,2023-12-31,'NA',SWH_2023
SWH_W_2023_gw-part-pressure_L2_v2-1.pdf,Plots of Jan 2023 sensor data for SWH-W,,2023-01-01,2023-12-31,,SWH_2023
SWH_W_2023_gw-perc-sat_L2_v2-1.parquet,Year 2023 sensor data for W plot at SWH site,,2023-01-01,2023-12-31,'NA',SWH_2023
SWH_W_2023_gw-perc-sat_L2_v2-1.pdf,Plots of Jan 2023 sensor data for SWH-W,,2023-01-01,2023-12-31,,SWH_2023
SWH_W_2023_gw-ph_L2_v2-1.parquet,Year 2023 sensor data for W plot at SWH site,,2023-01-01,2023-12-31,'NA',SWH_2023
SWH_W_2023_gw-ph_L2_v2-1.pdf,Plots of Jan 2023 sensor data for SWH-W,,2023-01-01,2023-12-31,,SWH_2023
SWH_W_2023_gw-ph-mv_L2_v2-1.parquet,Year 2023 sensor data for W plot at SWH site,,2023-01-01,2023-12-31,'NA',SWH_2023
SWH_W_2023_gw-ph-mv_L2_v2-1.pdf,Plots of Jan 2023 sensor data for SWH-W,,2023-01-01,2023-12-31,,SWH_2023
SWH_W_2023_gw-ph-orp_L2_v2-1.parquet,Year 2023 sensor data for W plot at SWH site,,2023-01-01,2023-12-31,'NA',SWH_2023
SWH_W_2023_gw-ph-orp_L2_v2-1.pdf,Plots of Jan 2023 sensor data for SWH-W,,2023-01-01,2023-12-31,,SWH_2023
SWH_W_2023_gw-pressure-vented_L2_v2-1.parquet,Year 2023 sensor data for W plot at SWH site,,2023-01-01,2023-12-31,'NA',SWH_2023
SWH_W_2023_gw-pressure-vented_L2_v2-1.pdf,Plots of Jan 2023 sensor data for SWH-W,,2023-01-01,2023-12-31,,SWH_2023
SWH_W_2023_gw-rdo-conc_L2_v2-1.parquet,Year 2023 sensor data for W plot at SWH site,,2023-01-01,2023-12-31,'NA',SWH_2023
SWH_W_2023_gw-rdo-conc_L2_v2-1.pdf,Plots of Jan 2023 sensor data for SWH-W,,2023-01-01,2023-12-31,,SWH_2023
SWH_W_2023_gw-resistivity_L2_v2-1.parquet,Year 2023 sensor data for W plot at SWH site,,2023-01-01,2023-12-31,'NA',SWH_2023
SWH_W_2023_gw-resistivity_L2_v2-1.pdf,Plots of Jan 2023 sensor data for SWH-W,,2023-01-01,2023-12-31,,SWH_2023
SWH_W_2023_gw-salinity_L2_v2-1.parquet,Year 2023 sensor data for W plot at SWH site,,2023-01-01,2023-12-31,'NA',SWH_2023
SWH_W_2023_gw-salinity_L2_v2-1.pdf,Plots of Jan 2023 sensor data for SWH-W,,2023-01-01,2023-12-31,,SWH_2023
SWH_W_2023_gw-spec-cond_L2_v2-1.parquet,Year 2023 sensor data for W plot at SWH site,,2023-01-01,2023-12-31,'NA',SWH_2023
SWH_W_2023_gw-spec-cond_L2_v2-1.pdf,Plots of Jan 2023 sensor data for SWH-W,,2023-01-01,2023-12-31,,SWH_2023
SWH_W_2023_gw-tds_L2_v2-1.parquet,Year 2023 sensor data for W plot at SWH site,,2023-01-01,2023-12-31,'NA',SWH_2023
SWH_W_2023_gw-tds_L2_v2-1.pdf,Plots of Jan 2023 sensor data for SWH-W,,2023-01-01,2023-12-31,,SWH_2023
SWH_W_2023_gw-temperature_L2_v2-1.parquet,Year 2023 sensor data for W plot at SWH site,,2023-01-01,2023-12-31,'NA',SWH_2023
SWH_W_2023_gw-temperature_L2_v2-1.pdf,Plots of Jan 2023 sensor data for SWH-W,,2023-01-01,2023-12-31,,SWH_2023
SWH_W_2023_gw-voltage-ext_L2_v2-1.parquet,Year 2023 sensor data for W plot at SWH site,,2023-01-01,2023-12-31,'NA',SWH_2023
SWH_W_2023_gw-voltage-ext_L2_v2-1.pdf,Plots of Jan 2023 sensor data for SWH-W,,2023-01-01,2023-12-31,,SWH_2023
SWH_W_2023_soil-EC-10cm_L2_v2-1.parquet,Year 2023 sensor data for W plot at SWH site,,2023-01-01,2023-12-31,'NA',SWH_2023
SWH_W_2023_soil-EC-10cm_L2_v2-1.pdf,Plots of Jan 2023 sensor data for SWH-W,,2023-01-01,2023-12-31,,SWH_2023
SWH_W_2023_soil-EC-30cm_L2_v2-1.parquet,Year 2023 sensor data for W plot at SWH site,,2023-01-01,2023-12-31,'NA',SWH_2023
SWH_W_2023_soil-EC-30cm_L2_v2-1.pdf,Plots of Jan 2023 sensor data for SWH-W,,2023-01-01,2023-12-31,,SWH_2023
SWH_W_2023_soil-salinity-10cm_L2_v2-1.parquet,Year 2023 sensor data for W plot at SWH site,,2023-01-01,2023-12-31,'NA',SWH_2023
SWH_W_2023_soil-salinity-10cm_L2_v2-1.pdf,Plots of Jan 2023 sensor data for SWH-W,,2023-01-01,2023-12-31,,SWH_2023
SWH_W_2023_soil-salinity-30cm_L2_v2-1.parquet,Year 2023 sensor data for W plot at SWH site,,2023-01-01,2023-12-31,'NA',SWH_2023
SWH_W_2023_soil-salinity-30cm_L2_v2-1.pdf,Plots of Jan 2023 sensor data for SWH-W,,2023-01-01,2023-12-31,,SWH_2023
SWH_W_2023_soil-temp-10cm_L2_v2-1.parquet,Year 2023 sensor data for W plot at SWH site,,2023-01-01,2023-12-31,'NA',SWH_2023
SWH_W_2023_soil-temp-10cm_L2_v2-1.pdf,Plots of Jan 2023 sensor data for SWH-W,,2023-01-01,2023-12-31,,SWH_2023
SWH_W_2023_soil-temp-30cm_L2_v2-1.parquet,Year 2023 sensor data for W plot at SWH site,,2023-01-01,2023-12-31,'NA',SWH_2023
SWH_W_2023_soil-temp-30cm_L2_v2-1.pdf,Plots of Jan 2023 sensor data for SWH-W,,2023-01-01,2023-12-31,,SWH_2023
SWH_W_2023_soil-vwc-10cm_L2_v2-1.parquet,Year 2023 sensor data for W plot at SWH site,,2023-01-01,2023-12-31,'NA',SWH_2023
SWH_W_2023_soil-vwc-10cm_L2_v2-1.pdf,Plots of Jan 2023 sensor data for SWH-W,,2023-01-01,2023-12-31,,SWH_2023
SWH_W_2023_soil-vwc-30cm_L2_v2-1.parquet,Year 2023 sensor data for W plot at SWH site,,2023-01-01,2023-12-31,'NA',SWH_2023
SWH_W_2023_soil-vwc-30cm_L2_v2-1.pdf,Plots of Jan 2023 sensor data for SWH-W,,2023-01-01,2023-12-31,,SWH_2023
SWH_W_2023_solar-voltage_L2_v2-1.parquet,Year 2023 sensor data for W plot at SWH site,,2023-01-01,2023-12-31,'NA',SWH_2023
SWH_W_2023_solar-voltage_L2_v2-1.pdf,Plots of Jan 2023 sensor data for SWH-W,,2023-01-01,2023-12-31,,SWH_2023
SWH_W_2023_wx-barpress15_L2_v2-1.parquet,Year 2023 sensor data for W plot at SWH site,,2023-01-01,2023-12-31,'NA',SWH_2023
SWH_W_2023_wx-barpress15_L2_v2-1.pdf,Plots of Jan 2023 sensor data for SWH-W,,2023-01-01,2023-12-31,,SWH_2023
SWH_W_2023_wx-bpmax15_L2_v2-1.parquet,Year 2023 sensor data for W plot at SWH site,,2023-01-01,2023-12-31,'NA',SWH_2023
SWH_W_2023_wx-bpmax15_L2_v2-1.pdf,Plots of Jan 2023 sensor data for SWH-W,,2023-01-01,2023-12-31,,SWH_2023
SWH_W_2023_wx-bpmin15_L2_v2-1.parquet,Year 2023 sensor data for W plot at SWH site,,2023-01-01,2023-12-31,'NA',SWH_2023
SWH_W_2023_wx-bpmin15_L2_v2-1.pdf,Plots of Jan 2023 sensor data for SWH-W,,2023-01-01,2023-12-31,,SWH_2023
SWH_W_2023_wx-dist-min15_L2_v2-1.parquet,Year 2023 sensor data for W plot at SWH site,,2023-01-01,2023-12-31,'NA',SWH_2023
SWH_W_2023_wx-dist-min15_L2_v2-1.pdf,Plots of Jan 2023 sensor data for SWH-W,,2023-01-01,2023-12-31,,SWH_2023
SWH_W_2023_wx-invalid-wind15_L2_v2-1.parquet,Year 2023 sensor data for W plot at SWH site,,2023-01-01,2023-12-31,'NA',SWH_2023
SWH_W_2023_wx-invalid-wind15_L2_v2-1.pdf,Plots of Jan 2023 sensor data for SWH-W,,2023-01-01,2023-12-31,,SWH_2023
SWH_W_2023_wx-maxws15_L2_v2-1.parquet,Year 2023 sensor data for W plot at SWH site,,2023-01-01,2023-12-31,'NA',SWH_2023
SWH_W_2023_wx-maxws15_L2_v2-1.pdf,Plots of Jan 2023 sensor data for SWH-W,,2023-01-01,2023-12-31,,SWH_2023
SWH_W_2023_wx-maxws24_L2_v2-1.parquet,Year 2023 sensor data for W plot at SWH site,,2023-01-01,2023-12-31,'NA',SWH_2023
SWH_W_2023_wx-maxws24_L2_v2-1.pdf,Plots of Jan 2023 sensor data for SWH-W,,2023-01-01,2023-12-31,,SWH_2023
SWH_W_2023_wx-par-den15_L2_v2-1.parquet,Year 2023 sensor data for W plot at SWH site,,2023-01-01,2023-12-31,'NA',SWH_2023
SWH_W_2023_wx-par-den15_L2_v2-1.pdf,Plots of Jan 2023 sensor data for SWH-W,,2023-01-01,2023-12-31,,SWH_2023
SWH_W_2023_wx-par-den24_L2_v2-1.parquet,Year 2023 sensor data for W plot at SWH site,,2023-01-01,2023-12-31,'NA',SWH_2023
SWH_W_2023_wx-par-den24_L2_v2-1.pdf,Plots of Jan 2023 sensor data for SWH-W,,2023-01-01,2023-12-31,,SWH_2023
SWH_W_2023_wx-par-tot15_L2_v2-1.parquet,Year 2023 sensor data for W plot at SWH site,,2023-01-01,2023-12-31,'NA',SWH_2023
SWH_W_2023_wx-par-tot15_L2_v2-1.pdf,Plots of Jan 2023 sensor data for SWH-W,,2023-01-01,2023-12-31,,SWH_2023
SWH_W_2023_wx-par-tot24_L2_v2-1.parquet,Year 2023 sensor data for W plot at SWH site,,2023-01-01,2023-12-31,'NA',SWH_2023
SWH_W_2023_wx-par-tot24_L2_v2-1.pdf,Plots of Jan 2023 sensor data for SWH-W,,2023-01-01,2023-12-31,,SWH_2023
SWH_W_2023_wx-rain15_L2_v2-1.parquet,Year 2023 sensor data for W plot at SWH site,,2023-01-01,2023-12-31,'NA',SWH_2023
SWH_W_2023_wx-rain15_L2_v2-1.pdf,Plots of Jan 2023 sensor data for SWH-W,,2023-01-01,2023-12-31,,SWH_2023
SWH_W_2023_wx-rain24_L2_v2-1.parquet,Year 2023 sensor data for W plot at SWH site,,2023-01-01,2023-12-31,'NA',SWH_2023
SWH_W_2023_wx-rain24_L2_v2-1.pdf,Plots of Jan 2023 sensor data for SWH-W,,2023-01-01,2023-12-31,,SWH_2023
SWH_W_2023_wx-rh15_L2_v2-1.parquet,Year 2023 sensor data for W plot at SWH site,,2023-01-01,2023-12-31,'NA',SWH_2023
SWH_W_2023_wx-rh15_L2_v2-1.pdf,Plots of Jan 2023 sensor data for SWH-W,,2023-01-01,2023-12-31,,SWH_2023
SWH_W_2023_wx-rh24_L2_v2-1.parquet,Year 2023 sensor data for W plot at SWH site,,2023-01-01,2023-12-31,'NA',SWH_2023
SWH_W_2023_wx-rh24_L2_v2-1.pdf,Plots of Jan 2023 sensor data for SWH-W,,2023-01-01,2023-12-31,,SWH_2023
SWH_W_2023_wx-rht15_L2_v2-1.parquet,Year 2023 sensor data for W plot at SWH site,,2023-01-01,2023-12-31,'NA',SWH_2023
SWH_W_2023_wx-rht15_L2_v2-1.pdf,Plots of Jan 2023 sensor data for SWH-W,,2023-01-01,2023-12-31,,SWH_2023
SWH_W_2023_wx-rht24_L2_v2-1.parquet,Year 2023 sensor data for W plot at SWH site,,2023-01-01,2023-12-31,'NA',SWH_2023
SWH_W_2023_wx-rht24_L2_v2-1.pdf,Plots of Jan 2023 sensor data for SWH-W,,2023-01-01,2023-12-31,,SWH_2023
SWH_W_2023_wx-rhtmax24_L2_v2-1.parquet,Year 2023 sensor data for W plot at SWH site,,2023-01-01,2023-12-31,'NA',SWH_2023
SWH_W_2023_wx-rhtmax24_L2_v2-1.pdf,Plots of Jan 2023 sensor data for SWH-W,,2023-01-01,2023-12-31,,SWH_2023
SWH_W_2023_wx-rhtmin24_L2_v2-1.parquet,Year 2023 sensor data for W plot at SWH site,,2023-01-01,2023-12-31,'NA',SWH_2023
SWH_W_2023_wx-rhtmin24_L2_v2-1.pdf,Plots of Jan 2023 sensor data for SWH-W,,2023-01-01,2023-12-31,,SWH_2023
SWH_W_2023_wx-slr-fd15_L2_v2-1.parquet,Year 2023 sensor data for W plot at SWH site,,2023-01-01,2023-12-31,'NA',SWH_2023
SWH_W_2023_wx-slr-fd15_L2_v2-1.pdf,Plots of Jan 2023 sensor data for SWH-W,,2023-01-01,2023-12-31,,SWH_2023
SWH_W_2023_wx-slr-fd24_L2_v2-1.parquet,Year 2023 sensor data for W plot at SWH site,,2023-01-01,2023-12-31,'NA',SWH_2023
SWH_W_2023_wx-slr-fd24_L2_v2-1.pdf,Plots of Jan 2023 sensor data for SWH-W,,2023-01-01,2023-12-31,,SWH_2023
SWH_W_2023_wx-slr-tf15_L2_v2-1.parquet,Year 2023 sensor data for W plot at SWH site,,2023-01-01,2023-12-31,'NA',SWH_2023
SWH_W_2023_wx-slr-tf15_L2_v2-1.pdf,Plots of Jan 2023 sensor data for SWH-W,,2023-01-01,2023-12-31,,SWH_2023
SWH_W_2023_wx-slr-tf24_L2_v2-1.parquet,Year 2023 sensor data for W plot at SWH site,,2023-01-01,2023-12-31,'NA',SWH_2023
SWH_W_2023_wx-slr-tf24_L2_v2-1.pdf,Plots of Jan 2023 sensor data for SWH-W,,2023-01-01,2023-12-31,,SWH_2023
SWH_W_2023_wx-strikes15_L2_v2-1.parquet,Year 2023 sensor data for W plot at SWH site,,2023-01-01,2023-12-31,'NA',SWH_2023
SWH_W_2023_wx-strikes15_L2_v2-1.pdf,Plots of Jan 2023 sensor data for SWH-W,,2023-01-01,2023-12-31,,SWH_2023
SWH_W_2023_wx-tempavg15_L2_v2-1.parquet,Year 2023 sensor data for W plot at SWH site,,2023-01-01,2023-12-31,'NA',SWH_2023
SWH_W_2023_wx-tempavg15_L2_v2-1.pdf,Plots of Jan 2023 sensor data for SWH-W,,2023-01-01,2023-12-31,,SWH_2023
SWH_W_2023_wx-tempavg24_L2_v2-1.parquet,Year 2023 sensor data for W plot at SWH site,,2023-01-01,2023-12-31,'NA',SWH_2023
SWH_W_2023_wx-tempavg24_L2_v2-1.pdf,Plots of Jan 2023 sensor data for SWH-W,,2023-01-01,2023-12-31,,SWH_2023
SWH_W_2023_wx-tempmax15_L2_v2-1.parquet,Year 2023 sensor data for W plot at SWH site,,2023-01-01,2023-12-31,'NA',SWH_2023
SWH_W_2023_wx-tempmax15_L2_v2-1.pdf,Plots of Jan 2023 sensor data for SWH-W,,2023-01-01,2023-12-31,,SWH_2023
SWH_W_2023_wx-tempmax24_L2_v2-1.parquet,Year 2023 sensor data for W plot at SWH site,,2023-01-01,2023-12-31,'NA',SWH_2023
SWH_W_2023_wx-tempmax24_L2_v2-1.pdf,Plots of Jan 2023 sensor data for SWH-W,,2023-01-01,2023-12-31,,SWH_2023
SWH_W_2023_wx-tempmin15_L2_v2-1.parquet,Year 2023 sensor data for W plot at SWH site,,2023-01-01,2023-12-31,'NA',SWH_2023
SWH_W_2023_wx-tempmin15_L2_v2-1.pdf,Plots of Jan 2023 sensor data for SWH-W,,2023-01-01,2023-12-31,,SWH_2023
SWH_W_2023_wx-tempmin24_L2_v2-1.parquet,Year 2023 sensor data for W plot at SWH site,,2023-01-01,2023-12-31,'NA',SWH_2023
SWH_W_2023_wx-tempmin24_L2_v2-1.pdf,Plots of Jan 2023 sensor data for SWH-W,,2023-01-01,2023-12-31,,SWH_2023
SWH_W_2023_wx-tilt-ns15_L2_v2-1.parquet,Year 2023 sensor data for W plot at SWH site,,2023-01-01,2023-12-31,'NA',SWH_2023
SWH_W_2023_wx-tilt-ns15_L2_v2-1.pdf,Plots of Jan 2023 sensor data for SWH-W,,2023-01-01,2023-12-31,,SWH_2023
SWH_W_2023_wx-tilt-ns24_L2_v2-1.parquet,Year 2023 sensor data for W plot at SWH site,,2023-01-01,2023-12-31,'NA',SWH_2023
SWH_W_2023_wx-tilt-ns24_L2_v2-1.pdf,Plots of Jan 2023 sensor data for SWH-W,,2023-01-01,2023-12-31,,SWH_2023
SWH_W_2023_wx-tilt-we15_L2_v2-1.parquet,Year 2023 sensor data for W plot at SWH site,,2023-01-01,2023-12-31,'NA',SWH_2023
SWH_W_2023_wx-tilt-we15_L2_v2-1.pdf,Plots of Jan 2023 sensor data for SWH-W,,2023-01-01,2023-12-31,,SWH_2023
SWH_W_2023_wx-tilt-we24_L2_v2-1.parquet,Year 2023 sensor data for W plot at SWH site,,2023-01-01,2023-12-31,'NA',SWH_2023
SWH_W_2023_wx-tilt-we24_L2_v2-1.pdf,Plots of Jan 2023 sensor data for SWH-W,,2023-01-01,2023-12-31,,SWH_2023
SWH_W_2023_wx-vappress15_L2_v2-1.parquet,Year 2023 sensor data for W plot at SWH site,,2023-01-01,2023-12-31,'NA',SWH_2023
SWH_W_2023_wx-vappress15_L2_v2-1.pdf,Plots of Jan 2023 sensor data for SWH-W,,2023-01-01,2023-12-31,,SWH_2023
SWH_W_2023_wx-vappress24_L2_v2-1.parquet,Year 2023 sensor data for W plot at SWH site,,2023-01-01,2023-12-31,'NA',SWH_2023
SWH_W_2023_wx-vappress24_L2_v2-1.pdf,Plots of Jan 2023 sensor data for SWH-W,,2023-01-01,2023-12-31,,SWH_2023
SWH_W_2023_wx-winddir-sd115_L2_v2-1.parquet,Year 2023 sensor data for W plot at SWH site,,2023-01-01,2023-12-31,'NA',SWH_2023
SWH_W_2023_wx-winddir-sd115_L2_v2-1.pdf,Plots of Jan 2023 sensor data for SWH-W,,2023-01-01,2023-12-31,,SWH_2023
SWH_W_2023_wx-winddir15_L2_v2-1.parquet,Year 2023 sensor data for W plot at SWH site,,2023-01-01,2023-12-31,'NA',SWH_2023
SWH_W_2023_wx-winddir15_L2_v2-1.pdf,Plots of Jan 2023 sensor data for SWH-W,,2023-01-01,2023-12-31,,SWH_2023
SWH_W_2023_wx-winderrors24_L2_v2-1.parquet,Year 2023 sensor data for W plot at SWH site,,2023-01-01,2023-12-31,'NA',SWH_2023
SWH_W_2023_wx-winderrors24_L2_v2-1.pdf,Plots of Jan 2023 sensor data for SWH-W,,2023-01-01,2023-12-31,,SWH_2023
SWH_W_2023_wx-windspeed15_L2_v2-1.parquet,Year 2023 sensor data for W plot at SWH site,,2023-01-01,2023-12-31,'NA',SWH_2023
SWH_W_2023_wx-windspeed15_L2_v2-1.pdf,Plots of Jan 2023 sensor data for SWH-W,,2023-01-01,2023-12-31,,SWH_2023
SWH_2024_L2_v2-1_metadata.txt,Metadata for all data files in SWH_2024 folder,,,,,SWH_2024
SWH_SWAMP_2024_battery-voltage_L2_v2-1.parquet,Year 2024 sensor data for SWAMP plot at SWH site,,2024-01-01,2024-12-31,'NA',SWH_2024
SWH_SWAMP_2024_battery-voltage_L2_v2-1.pdf,Plots of Jan 2024 sensor data for SWH-SWAMP,,2024-01-01,2024-12-31,,SWH_2024
SWH_SWAMP_2024_gw-act-cond_L2_v2-1.parquet,Year 2024 sensor data for SWAMP plot at SWH site,,2024-01-01,2024-12-31,'NA',SWH_2024
SWH_SWAMP_2024_gw-act-cond_L2_v2-1.pdf,Plots of Jan 2024 sensor data for SWH-SWAMP,,2024-01-01,2024-12-31,,SWH_2024
SWH_SWAMP_2024_gw-bar-pressure_L2_v2-1.parquet,Year 2024 sensor data for SWAMP plot at SWH site,,2024-01-01,2024-12-31,'NA',SWH_2024
SWH_SWAMP_2024_gw-bar-pressure_L2_v2-1.pdf,Plots of Jan 2024 sensor data for SWH-SWAMP,,2024-01-01,2024-12-31,,SWH_2024
SWH_SWAMP_2024_gw-battery_L2_v2-1.parquet,Year 2024 sensor data for SWAMP plot at SWH site,,2024-01-01,2024-12-31,'NA',SWH_2024
SWH_SWAMP_2024_gw-battery_L2_v2-1.pdf,Plots of Jan 2024 sensor data for SWH-SWAMP,,2024-01-01,2024-12-31,,SWH_2024
SWH_SWAMP_2024_gw-density_L2_v2-1.parquet,Year 2024 sensor data for SWAMP plot at SWH site,,2024-01-01,2024-12-31,'NA',SWH_2024
SWH_SWAMP_2024_gw-density_L2_v2-1.pdf,Plots of Jan 2024 sensor data for SWH-SWAMP,,2024-01-01,2024-12-31,,SWH_2024
SWH_SWAMP_2024_gw-depth_L2_v2-1.parquet,Year 2024 sensor data for SWAMP plot at SWH site,,2024-01-01,2024-12-31,'NA',SWH_2024
SWH_SWAMP_2024_gw-depth_L2_v2-1.pdf,Plots of Jan 2024 sensor data for SWH-SWAMP,,2024-01-01,2024-12-31,,SWH_2024
SWH_SWAMP_2024_gw-part-pressure_L2_v2-1.parquet,Year 2024 sensor data for SWAMP plot at SWH site,,2024-01-01,2024-12-31,'NA',SWH_2024
SWH_SWAMP_2024_gw-part-pressure_L2_v2-1.pdf,Plots of Jan 2024 sensor data for SWH-SWAMP,,2024-01-01,2024-12-31,,SWH_2024
SWH_SWAMP_2024_gw-perc-sat_L2_v2-1.parquet,Year 2024 sensor data for SWAMP plot at SWH site,,2024-01-01,2024-12-31,'NA',SWH_2024
SWH_SWAMP_2024_gw-perc-sat_L2_v2-1.pdf,Plots of Jan 2024 sensor data for SWH-SWAMP,,2024-01-01,2024-12-31,,SWH_2024
SWH_SWAMP_2024_gw-ph_L2_v2-1.parquet,Year 2024 sensor data for SWAMP plot at SWH site,,2024-01-01,2024-12-31,'NA',SWH_2024
SWH_SWAMP_2024_gw-ph_L2_v2-1.pdf,Plots of Jan 2024 sensor data for SWH-SWAMP,,2024-01-01,2024-12-31,,SWH_2024
SWH_SWAMP_2024_gw-ph-mv_L2_v2-1.parquet,Year 2024 sensor data for SWAMP plot at SWH site,,2024-01-01,2024-12-31,'NA',SWH_2024
SWH_SWAMP_2024_gw-ph-mv_L2_v2-1.pdf,Plots of Jan 2024 sensor data for SWH-SWAMP,,2024-01-01,2024-12-31,,SWH_2024
SWH_SWAMP_2024_gw-ph-orp_L2_v2-1.parquet,Year 2024 sensor data for SWAMP plot at SWH site,,2024-01-01,2024-12-31,'NA',SWH_2024
SWH_SWAMP_2024_gw-ph-orp_L2_v2-1.pdf,Plots of Jan 2024 sensor data for SWH-SWAMP,,2024-01-01,2024-12-31,,SWH_2024
SWH_SWAMP_2024_gw-pressure-vented_L2_v2-1.parquet,Year 2024 sensor data for SWAMP plot at SWH site,,2024-01-01,2024-12-31,'NA',SWH_2024
SWH_SWAMP_2024_gw-pressure-vented_L2_v2-1.pdf,Plots of Jan 2024 sensor data for SWH-SWAMP,,2024-01-01,2024-12-31,,SWH_2024
SWH_SWAMP_2024_gw-rdo-conc_L2_v2-1.parquet,Year 2024 sensor data for SWAMP plot at SWH site,,2024-01-01,2024-12-31,'NA',SWH_2024
SWH_SWAMP_2024_gw-rdo-conc_L2_v2-1.pdf,Plots of Jan 2024 sensor data for SWH-SWAMP,,2024-01-01,2024-12-31,,SWH_2024
SWH_SWAMP_2024_gw-resistivity_L2_v2-1.parquet,Year 2024 sensor data for SWAMP plot at SWH site,,2024-01-01,2024-12-31,'NA',SWH_2024
SWH_SWAMP_2024_gw-resistivity_L2_v2-1.pdf,Plots of Jan 2024 sensor data for SWH-SWAMP,,2024-01-01,2024-12-31,,SWH_2024
SWH_SWAMP_2024_gw-salinity_L2_v2-1.parquet,Year 2024 sensor data for SWAMP plot at SWH site,,2024-01-01,2024-12-31,'NA',SWH_2024
SWH_SWAMP_2024_gw-salinity_L2_v2-1.pdf,Plots of Jan 2024 sensor data for SWH-SWAMP,,2024-01-01,2024-12-31,,SWH_2024
SWH_SWAMP_2024_gw-spec-cond_L2_v2-1.parquet,Year 2024 sensor data for SWAMP plot at SWH site,,2024-01-01,2024-12-31,'NA',SWH_2024
SWH_SWAMP_2024_gw-spec-cond_L2_v2-1.pdf,Plots of Jan 2024 sensor data for SWH-SWAMP,,2024-01-01,2024-12-31,,SWH_2024
SWH_SWAMP_2024_gw-tds_L2_v2-1.parquet,Year 2024 sensor data for SWAMP plot at SWH site,,2024-01-01,2024-12-31,'NA',SWH_2024
SWH_SWAMP_2024_gw-tds_L2_v2-1.pdf,Plots of Jan 2024 sensor data for SWH-SWAMP,,2024-01-01,2024-12-31,,SWH_2024
SWH_SWAMP_2024_gw-temperature_L2_v2-1.parquet,Year 2024 sensor data for SWAMP plot at SWH site,,2024-01-01,2024-12-31,'NA',SWH_2024
SWH_SWAMP_2024_gw-temperature_L2_v2-1.pdf,Plots of Jan 2024 sensor data for SWH-SWAMP,,2024-01-01,2024-12-31,,SWH_2024
SWH_SWAMP_2024_gw-voltage-ext_L2_v2-1.parquet,Year 2024 sensor data for SWAMP plot at SWH site,,2024-01-01,2024-12-31,'NA',SWH_2024
SWH_SWAMP_2024_gw-voltage-ext_L2_v2-1.pdf,Plots of Jan 2024 sensor data for SWH-SWAMP,,2024-01-01,2024-12-31,,SWH_2024
SWH_SWAMP_2024_sapflow-3.5cm_L2_v2-1.parquet,Year 2024 sensor data for SWAMP plot at SWH site,,2024-01-01,2024-12-31,'NA',SWH_2024
SWH_SWAMP_2024_sapflow-3.5cm_L2_v2-1.pdf,Plots of Jan 2024 sensor data for SWH-SWAMP,,2024-01-01,2024-12-31,,SWH_2024
SWH_SWAMP_2024_sapflow-5cm_L2_v2-1.parquet,Year 2024 sensor data for SWAMP plot at SWH site,,2024-01-01,2024-12-31,'NA',SWH_2024
SWH_SWAMP_2024_sapflow-5cm_L2_v2-1.pdf,Plots of Jan 2024 sensor data for SWH-SWAMP,,2024-01-01,2024-12-31,,SWH_2024
SWH_SWAMP_2024_soil-EC-10cm_L2_v2-1.parquet,Year 2024 sensor data for SWAMP plot at SWH site,,2024-01-01,2024-12-31,'NA',SWH_2024
SWH_SWAMP_2024_soil-EC-10cm_L2_v2-1.pdf,Plots of Jan 2024 sensor data for SWH-SWAMP,,2024-01-01,2024-12-31,,SWH_2024
SWH_SWAMP_2024_soil-EC-30cm_L2_v2-1.parquet,Year 2024 sensor data for SWAMP plot at SWH site,,2024-01-01,2024-12-31,'NA',SWH_2024
SWH_SWAMP_2024_soil-EC-30cm_L2_v2-1.pdf,Plots of Jan 2024 sensor data for SWH-SWAMP,,2024-01-01,2024-12-31,,SWH_2024
SWH_SWAMP_2024_soil-salinity-10cm_L2_v2-1.parquet,Year 2024 sensor data for SWAMP plot at SWH site,,2024-01-01,2024-12-31,'NA',SWH_2024
SWH_SWAMP_2024_soil-salinity-10cm_L2_v2-1.pdf,Plots of Jan 2024 sensor data for SWH-SWAMP,,2024-01-01,2024-12-31,,SWH_2024
SWH_SWAMP_2024_soil-salinity-30cm_L2_v2-1.parquet,Year 2024 sensor data for SWAMP plot at SWH site,,2024-01-01,2024-12-31,'NA',SWH_2024
SWH_SWAMP_2024_soil-salinity-30cm_L2_v2-1.pdf,Plots of Jan 2024 sensor data for SWH-SWAMP,,2024-01-01,2024-12-31,,SWH_2024
SWH_SWAMP_2024_soil-temp-10cm_L2_v2-1.parquet,Year 2024 sensor data for SWAMP plot at SWH site,,2024-01-01,2024-12-31,'NA',SWH_2024
SWH_SWAMP_2024_soil-temp-10cm_L2_v2-1.pdf,Plots of Jan 2024 sensor data for SWH-SWAMP,,2024-01-01,2024-12-31,,SWH_2024
SWH_SWAMP_2024_soil-temp-30cm_L2_v2-1.parquet,Year 2024 sensor data for SWAMP plot at SWH site,,2024-01-01,2024-12-31,'NA',SWH_2024
SWH_SWAMP_2024_soil-temp-30cm_L2_v2-1.pdf,Plots of Jan 2024 sensor data for SWH-SWAMP,,2024-01-01,2024-12-31,,SWH_2024
SWH_SWAMP_2024_soil-vwc-10cm_L2_v2-1.parquet,Year 2024 sensor data for SWAMP plot at SWH site,,2024-01-01,2024-12-31,'NA',SWH_2024
SWH_SWAMP_2024_soil-vwc-10cm_L2_v2-1.pdf,Plots of Jan 2024 sensor data for SWH-SWAMP,,2024-01-01,2024-12-31,,SWH_2024
SWH_SWAMP_2024_soil-vwc-30cm_L2_v2-1.parquet,Year 2024 sensor data for SWAMP plot at SWH site,,2024-01-01,2024-12-31,'NA',SWH_2024
SWH_SWAMP_2024_soil-vwc-30cm_L2_v2-1.pdf,Plots of Jan 2024 sensor data for SWH-SWAMP,,2024-01-01,2024-12-31,,SWH_2024
SWH_SWAMP_2024_solar-voltage_L2_v2-1.parquet,Year 2024 sensor data for SWAMP plot at SWH site,,2024-01-01,2024-12-31,'NA',SWH_2024
SWH_SWAMP_2024_solar-voltage_L2_v2-1.pdf,Plots of Jan 2024 sensor data for SWH-SWAMP,,2024-01-01,2024-12-31,,SWH_2024
SWH_TR_2024_battery-voltage_L2_v2-1.parquet,Year 2024 sensor data for TR plot at SWH site,,2024-01-01,2024-12-31,'NA',SWH_2024
SWH_TR_2024_battery-voltage_L2_v2-1.pdf,Plots of Jan 2024 sensor data for SWH-TR,,2024-01-01,2024-12-31,,SWH_2024
SWH_TR_2024_gw-act-cond_L2_v2-1.parquet,Year 2024 sensor data for TR plot at SWH site,,2024-01-01,2024-12-31,'NA',SWH_2024
SWH_TR_2024_gw-act-cond_L2_v2-1.pdf,Plots of Jan 2024 sensor data for SWH-TR,,2024-01-01,2024-12-31,,SWH_2024
SWH_TR_2024_gw-bar-pressure_L2_v2-1.parquet,Year 2024 sensor data for TR plot at SWH site,,2024-01-01,2024-12-31,'NA',SWH_2024
SWH_TR_2024_gw-bar-pressure_L2_v2-1.pdf,Plots of Jan 2024 sensor data for SWH-TR,,2024-01-01,2024-12-31,,SWH_2024
SWH_TR_2024_gw-battery_L2_v2-1.parquet,Year 2024 sensor data for TR plot at SWH site,,2024-01-01,2024-12-31,'NA',SWH_2024
SWH_TR_2024_gw-battery_L2_v2-1.pdf,Plots of Jan 2024 sensor data for SWH-TR,,2024-01-01,2024-12-31,,SWH_2024
SWH_TR_2024_gw-density_L2_v2-1.parquet,Year 2024 sensor data for TR plot at SWH site,,2024-01-01,2024-12-31,'NA',SWH_2024
SWH_TR_2024_gw-density_L2_v2-1.pdf,Plots of Jan 2024 sensor data for SWH-TR,,2024-01-01,2024-12-31,,SWH_2024
SWH_TR_2024_gw-depth_L2_v2-1.parquet,Year 2024 sensor data for TR plot at SWH site,,2024-01-01,2024-12-31,'NA',SWH_2024
SWH_TR_2024_gw-depth_L2_v2-1.pdf,Plots of Jan 2024 sensor data for SWH-TR,,2024-01-01,2024-12-31,,SWH_2024
SWH_TR_2024_gw-part-pressure_L2_v2-1.parquet,Year 2024 sensor data for TR plot at SWH site,,2024-01-01,2024-12-31,'NA',SWH_2024
SWH_TR_2024_gw-part-pressure_L2_v2-1.pdf,Plots of Jan 2024 sensor data for SWH-TR,,2024-01-01,2024-12-31,,SWH_2024
SWH_TR_2024_gw-perc-sat_L2_v2-1.parquet,Year 2024 sensor data for TR plot at SWH site,,2024-01-01,2024-12-31,'NA',SWH_2024
SWH_TR_2024_gw-perc-sat_L2_v2-1.pdf,Plots of Jan 2024 sensor data for SWH-TR,,2024-01-01,2024-12-31,,SWH_2024
SWH_TR_2024_gw-ph_L2_v2-1.parquet,Year 2024 sensor data for TR plot at SWH site,,2024-01-01,2024-12-31,'NA',SWH_2024
SWH_TR_2024_gw-ph_L2_v2-1.pdf,Plots of Jan 2024 sensor data for SWH-TR,,2024-01-01,2024-12-31,,SWH_2024
SWH_TR_2024_gw-ph-mv_L2_v2-1.parquet,Year 2024 sensor data for TR plot at SWH site,,2024-01-01,2024-12-31,'NA',SWH_2024
SWH_TR_2024_gw-ph-mv_L2_v2-1.pdf,Plots of Jan 2024 sensor data for SWH-TR,,2024-01-01,2024-12-31,,SWH_2024
SWH_TR_2024_gw-ph-orp_L2_v2-1.parquet,Year 2024 sensor data for TR plot at SWH site,,2024-01-01,2024-12-31,'NA',SWH_2024
SWH_TR_2024_gw-ph-orp_L2_v2-1.pdf,Plots of Jan 2024 sensor data for SWH-TR,,2024-01-01,2024-12-31,,SWH_2024
SWH_TR_2024_gw-pressure-vented_L2_v2-1.parquet,Year 2024 sensor data for TR plot at SWH site,,2024-01-01,2024-12-31,'NA',SWH_2024
SWH_TR_2024_gw-pressure-vented_L2_v2-1.pdf,Plots of Jan 2024 sensor data for SWH-TR,,2024-01-01,2024-12-31,,SWH_2024
SWH_TR_2024_gw-rdo-conc_L2_v2-1.parquet,Year 2024 sensor data for TR plot at SWH site,,2024-01-01,2024-12-31,'NA',SWH_2024
SWH_TR_2024_gw-rdo-conc_L2_v2-1.pdf,Plots of Jan 2024 sensor data for SWH-TR,,2024-01-01,2024-12-31,,SWH_2024
SWH_TR_2024_gw-resistivity_L2_v2-1.parquet,Year 2024 sensor data for TR plot at SWH site,,2024-01-01,2024-12-31,'NA',SWH_2024
SWH_TR_2024_gw-resistivity_L2_v2-1.pdf,Plots of Jan 2024 sensor data for SWH-TR,,2024-01-01,2024-12-31,,SWH_2024
SWH_TR_2024_gw-salinity_L2_v2-1.parquet,Year 2024 sensor data for TR plot at SWH site,,2024-01-01,2024-12-31,'NA',SWH_2024
SWH_TR_2024_gw-salinity_L2_v2-1.pdf,Plots of Jan 2024 sensor data for SWH-TR,,2024-01-01,2024-12-31,,SWH_2024
SWH_TR_2024_gw-spec-cond_L2_v2-1.parquet,Year 2024 sensor data for TR plot at SWH site,,2024-01-01,2024-12-31,'NA',SWH_2024
SWH_TR_2024_gw-spec-cond_L2_v2-1.pdf,Plots of Jan 2024 sensor data for SWH-TR,,2024-01-01,2024-12-31,,SWH_2024
SWH_TR_2024_gw-tds_L2_v2-1.parquet,Year 2024 sensor data for TR plot at SWH site,,2024-01-01,2024-12-31,'NA',SWH_2024
SWH_TR_2024_gw-tds_L2_v2-1.pdf,Plots of Jan 2024 sensor data for SWH-TR,,2024-01-01,2024-12-31,,SWH_2024
SWH_TR_2024_gw-temperature_L2_v2-1.parquet,Year 2024 sensor data for TR plot at SWH site,,2024-01-01,2024-12-31,'NA',SWH_2024
SWH_TR_2024_gw-temperature_L2_v2-1.pdf,Plots of Jan 2024 sensor data for SWH-TR,,2024-01-01,2024-12-31,,SWH_2024
SWH_TR_2024_gw-voltage-ext_L2_v2-1.parquet,Year 2024 sensor data for TR plot at SWH site,,2024-01-01,2024-12-31,'NA',SWH_2024
SWH_TR_2024_gw-voltage-ext_L2_v2-1.pdf,Plots of Jan 2024 sensor data for SWH-TR,,2024-01-01,2024-12-31,,SWH_2024
SWH_TR_2024_sapflow-3.5cm_L2_v2-1.parquet,Year 2024 sensor data for TR plot at SWH site,,2024-01-01,2024-12-31,'NA',SWH_2024
SWH_TR_2024_sapflow-3.5cm_L2_v2-1.pdf,Plots of Jan 2024 sensor data for SWH-TR,,2024-01-01,2024-12-31,,SWH_2024
SWH_TR_2024_sapflow-5cm_L2_v2-1.parquet,Year 2024 sensor data for TR plot at SWH site,,2024-01-01,2024-12-31,'NA',SWH_2024
SWH_TR_2024_sapflow-5cm_L2_v2-1.pdf,Plots of Jan 2024 sensor data for SWH-TR,,2024-01-01,2024-12-31,,SWH_2024
SWH_TR_2024_soil-EC-10cm_L2_v2-1.parquet,Year 2024 sensor data for TR plot at SWH site,,2024-01-01,2024-12-31,'NA',SWH_2024
SWH_TR_2024_soil-EC-10cm_L2_v2-1.pdf,Plots of Jan 2024 sensor data for SWH-TR,,2024-01-01,2024-12-31,,SWH_2024
SWH_TR_2024_soil-EC-30cm_L2_v2-1.parquet,Year 2024 sensor data for TR plot at SWH site,,2024-01-01,2024-12-31,'NA',SWH_2024
SWH_TR_2024_soil-EC-30cm_L2_v2-1.pdf,Plots of Jan 2024 sensor data for SWH-TR,,2024-01-01,2024-12-31,,SWH_2024
SWH_TR_2024_soil-salinity-10cm_L2_v2-1.parquet,Year 2024 sensor data for TR plot at SWH site,,2024-01-01,2024-12-31,'NA',SWH_2024
SWH_TR_2024_soil-salinity-10cm_L2_v2-1.pdf,Plots of Jan 2024 sensor data for SWH-TR,,2024-01-01,2024-12-31,,SWH_2024
SWH_TR_2024_soil-salinity-30cm_L2_v2-1.parquet,Year 2024 sensor data for TR plot at SWH site,,2024-01-01,2024-12-31,'NA',SWH_2024
SWH_TR_2024_soil-salinity-30cm_L2_v2-1.pdf,Plots of Jan 2024 sensor data for SWH-TR,,2024-01-01,2024-12-31,,SWH_2024
SWH_TR_2024_soil-temp-10cm_L2_v2-1.parquet,Year 2024 sensor data for TR plot at SWH site,,2024-01-01,2024-12-31,'NA',SWH_2024
SWH_TR_2024_soil-temp-10cm_L2_v2-1.pdf,Plots of Jan 2024 sensor data for SWH-TR,,2024-01-01,2024-12-31,,SWH_2024
SWH_TR_2024_soil-temp-30cm_L2_v2-1.parquet,Year 2024 sensor data for TR plot at SWH site,,2024-01-01,2024-12-31,'NA',SWH_2024
SWH_TR_2024_soil-temp-30cm_L2_v2-1.pdf,Plots of Jan 2024 sensor data for SWH-TR,,2024-01-01,2024-12-31,,SWH_2024
SWH_TR_2024_soil-vwc-10cm_L2_v2-1.parquet,Year 2024 sensor data for TR plot at SWH site,,2024-01-01,2024-12-31,'NA',SWH_2024
SWH_TR_2024_soil-vwc-10cm_L2_v2-1.pdf,Plots of Jan 2024 sensor data for SWH-TR,,2024-01-01,2024-12-31,,SWH_2024
SWH_TR_2024_soil-vwc-30cm_L2_v2-1.parquet,Year 2024 sensor data for TR plot at SWH site,,2024-01-01,2024-12-31,'NA',SWH_2024
SWH_TR_2024_soil-vwc-30cm_L2_v2-1.pdf,Plots of Jan 2024 sensor data for SWH-TR,,2024-01-01,2024-12-31,,SWH_2024
SWH_TR_2024_solar-voltage_L2_v2-1.parquet,Year 2024 sensor data for TR plot at SWH site,,2024-01-01,2024-12-31,'NA',SWH_2024
SWH_TR_2024_solar-voltage_L2_v2-1.pdf,Plots of Jan 2024 sensor data for SWH-TR,,2024-01-01,2024-12-31,,SWH_2024
SWH_UP_2024_gw-act-cond_L2_v2-1.parquet,Year 2024 sensor data for UP plot at SWH site,,2024-01-01,2024-12-31,'NA',SWH_2024
SWH_UP_2024_gw-act-cond_L2_v2-1.pdf,Plots of Jan 2024 sensor data for SWH-UP,,2024-01-01,2024-12-31,,SWH_2024
SWH_UP_2024_gw-bar-pressure_L2_v2-1.parquet,Year 2024 sensor data for UP plot at SWH site,,2024-01-01,2024-12-31,'NA',SWH_2024
SWH_UP_2024_gw-bar-pressure_L2_v2-1.pdf,Plots of Jan 2024 sensor data for SWH-UP,,2024-01-01,2024-12-31,,SWH_2024
SWH_UP_2024_gw-battery_L2_v2-1.parquet,Year 2024 sensor data for UP plot at SWH site,,2024-01-01,2024-12-31,'NA',SWH_2024
SWH_UP_2024_gw-battery_L2_v2-1.pdf,Plots of Jan 2024 sensor data for SWH-UP,,2024-01-01,2024-12-31,,SWH_2024
SWH_UP_2024_gw-density_L2_v2-1.parquet,Year 2024 sensor data for UP plot at SWH site,,2024-01-01,2024-12-31,'NA',SWH_2024
SWH_UP_2024_gw-density_L2_v2-1.pdf,Plots of Jan 2024 sensor data for SWH-UP,,2024-01-01,2024-12-31,,SWH_2024
SWH_UP_2024_gw-depth_L2_v2-1.parquet,Year 2024 sensor data for UP plot at SWH site,,2024-01-01,2024-12-31,'NA',SWH_2024
SWH_UP_2024_gw-depth_L2_v2-1.pdf,Plots of Jan 2024 sensor data for SWH-UP,,2024-01-01,2024-12-31,,SWH_2024
SWH_UP_2024_gw-part-pressure_L2_v2-1.parquet,Year 2024 sensor data for UP plot at SWH site,,2024-01-01,2024-12-31,'NA',SWH_2024
SWH_UP_2024_gw-part-pressure_L2_v2-1.pdf,Plots of Jan 2024 sensor data for SWH-UP,,2024-01-01,2024-12-31,,SWH_2024
SWH_UP_2024_gw-perc-sat_L2_v2-1.parquet,Year 2024 sensor data for UP plot at SWH site,,2024-01-01,2024-12-31,'NA',SWH_2024
SWH_UP_2024_gw-perc-sat_L2_v2-1.pdf,Plots of Jan 2024 sensor data for SWH-UP,,2024-01-01,2024-12-31,,SWH_2024
SWH_UP_2024_gw-ph_L2_v2-1.parquet,Year 2024 sensor data for UP plot at SWH site,,2024-01-01,2024-12-31,'NA',SWH_2024
SWH_UP_2024_gw-ph_L2_v2-1.pdf,Plots of Jan 2024 sensor data for SWH-UP,,2024-01-01,2024-12-31,,SWH_2024
SWH_UP_2024_gw-ph-mv_L2_v2-1.parquet,Year 2024 sensor data for UP plot at SWH site,,2024-01-01,2024-12-31,'NA',SWH_2024
SWH_UP_2024_gw-ph-mv_L2_v2-1.pdf,Plots of Jan 2024 sensor data for SWH-UP,,2024-01-01,2024-12-31,,SWH_2024
SWH_UP_2024_gw-ph-orp_L2_v2-1.parquet,Year 2024 sensor data for UP plot at SWH site,,2024-01-01,2024-12-31,'NA',SWH_2024
SWH_UP_2024_gw-ph-orp_L2_v2-1.pdf,Plots of Jan 2024 sensor data for SWH-UP,,2024-01-01,2024-12-31,,SWH_2024
SWH_UP_2024_gw-pressure-vented_L2_v2-1.parquet,Year 2024 sensor data for UP plot at SWH site,,2024-01-01,2024-12-31,'NA',SWH_2024
SWH_UP_2024_gw-pressure-vented_L2_v2-1.pdf,Plots of Jan 2024 sensor data for SWH-UP,,2024-01-01,2024-12-31,,SWH_2024
SWH_UP_2024_gw-rdo-conc_L2_v2-1.parquet,Year 2024 sensor data for UP plot at SWH site,,2024-01-01,2024-12-31,'NA',SWH_2024
SWH_UP_2024_gw-rdo-conc_L2_v2-1.pdf,Plots of Jan 2024 sensor data for SWH-UP,,2024-01-01,2024-12-31,,SWH_2024
SWH_UP_2024_gw-resistivity_L2_v2-1.parquet,Year 2024 sensor data for UP plot at SWH site,,2024-01-01,2024-12-31,'NA',SWH_2024
SWH_UP_2024_gw-resistivity_L2_v2-1.pdf,Plots of Jan 2024 sensor data for SWH-UP,,2024-01-01,2024-12-31,,SWH_2024
SWH_UP_2024_gw-salinity_L2_v2-1.parquet,Year 2024 sensor data for UP plot at SWH site,,2024-01-01,2024-12-31,'NA',SWH_2024
SWH_UP_2024_gw-salinity_L2_v2-1.pdf,Plots of Jan 2024 sensor data for SWH-UP,,2024-01-01,2024-12-31,,SWH_2024
SWH_UP_2024_gw-spec-cond_L2_v2-1.parquet,Year 2024 sensor data for UP plot at SWH site,,2024-01-01,2024-12-31,'NA',SWH_2024
SWH_UP_2024_gw-spec-cond_L2_v2-1.pdf,Plots of Jan 2024 sensor data for SWH-UP,,2024-01-01,2024-12-31,,SWH_2024
SWH_UP_2024_gw-tds_L2_v2-1.parquet,Year 2024 sensor data for UP plot at SWH site,,2024-01-01,2024-12-31,'NA',SWH_2024
SWH_UP_2024_gw-tds_L2_v2-1.pdf,Plots of Jan 2024 sensor data for SWH-UP,,2024-01-01,2024-12-31,,SWH_2024
SWH_UP_2024_gw-temperature_L2_v2-1.parquet,Year 2024 sensor data for UP plot at SWH site,,2024-01-01,2024-12-31,'NA',SWH_2024
SWH_UP_2024_gw-temperature_L2_v2-1.pdf,Plots of Jan 2024 sensor data for SWH-UP,,2024-01-01,2024-12-31,,SWH_2024
SWH_UP_2024_gw-voltage-ext_L2_v2-1.parquet,Year 2024 sensor data for UP plot at SWH site,,2024-01-01,2024-12-31,'NA',SWH_2024
SWH_UP_2024_gw-voltage-ext_L2_v2-1.pdf,Plots of Jan 2024 sensor data for SWH-UP,,2024-01-01,2024-12-31,,SWH_2024
SWH_UP_2024_soil-EC-10cm_L2_v2-1.parquet,Year 2024 sensor data for UP plot at SWH site,,2024-01-01,2024-12-31,'NA',SWH_2024
SWH_UP_2024_soil-EC-10cm_L2_v2-1.pdf,Plots of Jan 2024 sensor data for SWH-UP,,2024-01-01,2024-12-31,,SWH_2024
SWH_UP_2024_soil-EC-30cm_L2_v2-1.parquet,Year 2024 sensor data for UP plot at SWH site,,2024-01-01,2024-12-31,'NA',SWH_2024
SWH_UP_2024_soil-EC-30cm_L2_v2-1.pdf,Plots of Jan 2024 sensor data for SWH-UP,,2024-01-01,2024-12-31,,SWH_2024
SWH_UP_2024_soil-salinity-10cm_L2_v2-1.parquet,Year 2024 sensor data for UP plot at SWH site,,2024-01-01,2024-12-31,'NA',SWH_2024
SWH_UP_2024_soil-salinity-10cm_L2_v2-1.pdf,Plots of Jan 2024 sensor data for SWH-UP,,2024-01-01,2024-12-31,,SWH_2024
SWH_UP_2024_soil-salinity-30cm_L2_v2-1.parquet,Year 2024 sensor data for UP plot at SWH site,,2024-01-01,2024-12-31,'NA',SWH_2024
SWH_UP_2024_soil-salinity-30cm_L2_v2-1.pdf,Plots of Jan 2024 sensor data for SWH-UP,,2024-01-01,2024-12-31,,SWH_2024
SWH_UP_2024_soil-temp-10cm_L2_v2-1.parquet,Year 2024 sensor data for UP plot at SWH site,,2024-01-01,2024-12-31,'NA',SWH_2024
SWH_UP_2024_soil-temp-10cm_L2_v2-1.pdf,Plots of Jan 2024 sensor data for SWH-UP,,2024-01-01,2024-12-31,,SWH_2024
SWH_UP_2024_soil-temp-30cm_L2_v2-1.parquet,Year 2024 sensor data for UP plot at SWH site,,2024-01-01,2024-12-31,'NA',SWH_2024
SWH_UP_2024_soil-temp-30cm_L2_v2-1.pdf,Plots of Jan 2024 sensor data for SWH-UP,,2024-01-01,2024-12-31,,SWH_2024
SWH_UP_2024_soil-vwc-10cm_L2_v2-1.parquet,Year 2024 sensor data for UP plot at SWH site,,2024-01-01,2024-12-31,'NA',SWH_2024
SWH_UP_2024_soil-vwc-10cm_L2_v2-1.pdf,Plots of Jan 2024 sensor data for SWH-UP,,2024-01-01,2024-12-31,,SWH_2024
SWH_UP_2024_soil-vwc-30cm_L2_v2-1.parquet,Year 2024 sensor data for UP plot at SWH site,,2024-01-01,2024-12-31,'NA',SWH_2024
SWH_UP_2024_soil-vwc-30cm_L2_v2-1.pdf,Plots of Jan 2024 sensor data for SWH-UP,,2024-01-01,2024-12-31,,SWH_2024
SWH_W_2024_battery-voltage_L2_v2-1.parquet,Year 2024 sensor data for W plot at SWH site,,2024-01-01,2024-12-31,'NA',SWH_2024
SWH_W_2024_battery-voltage_L2_v2-1.pdf,Plots of Jan 2024 sensor data for SWH-W,,2024-01-01,2024-12-31,,SWH_2024
SWH_W_2024_gw-act-cond_L2_v2-1.parquet,Year 2024 sensor data for W plot at SWH site,,2024-01-01,2024-12-31,'NA',SWH_2024
SWH_W_2024_gw-act-cond_L2_v2-1.pdf,Plots of Jan 2024 sensor data for SWH-W,,2024-01-01,2024-12-31,,SWH_2024
SWH_W_2024_gw-bar-pressure_L2_v2-1.parquet,Year 2024 sensor data for W plot at SWH site,,2024-01-01,2024-12-31,'NA',SWH_2024
SWH_W_2024_gw-bar-pressure_L2_v2-1.pdf,Plots of Jan 2024 sensor data for SWH-W,,2024-01-01,2024-12-31,,SWH_2024
SWH_W_2024_gw-battery_L2_v2-1.parquet,Year 2024 sensor data for W plot at SWH site,,2024-01-01,2024-12-31,'NA',SWH_2024
SWH_W_2024_gw-battery_L2_v2-1.pdf,Plots of Jan 2024 sensor data for SWH-W,,2024-01-01,2024-12-31,,SWH_2024
SWH_W_2024_gw-density_L2_v2-1.parquet,Year 2024 sensor data for W plot at SWH site,,2024-01-01,2024-12-31,'NA',SWH_2024
SWH_W_2024_gw-density_L2_v2-1.pdf,Plots of Jan 2024 sensor data for SWH-W,,2024-01-01,2024-12-31,,SWH_2024
SWH_W_2024_gw-depth_L2_v2-1.parquet,Year 2024 sensor data for W plot at SWH site,,2024-01-01,2024-12-31,'NA',SWH_2024
SWH_W_2024_gw-depth_L2_v2-1.pdf,Plots of Jan 2024 sensor data for SWH-W,,2024-01-01,2024-12-31,,SWH_2024
SWH_W_2024_gw-part-pressure_L2_v2-1.parquet,Year 2024 sensor data for W plot at SWH site,,2024-01-01,2024-12-31,'NA',SWH_2024
SWH_W_2024_gw-part-pressure_L2_v2-1.pdf,Plots of Jan 2024 sensor data for SWH-W,,2024-01-01,2024-12-31,,SWH_2024
SWH_W_2024_gw-perc-sat_L2_v2-1.parquet,Year 2024 sensor data for W plot at SWH site,,2024-01-01,2024-12-31,'NA',SWH_2024
SWH_W_2024_gw-perc-sat_L2_v2-1.pdf,Plots of Jan 2024 sensor data for SWH-W,,2024-01-01,2024-12-31,,SWH_2024
SWH_W_2024_gw-ph_L2_v2-1.parquet,Year 2024 sensor data for W plot at SWH site,,2024-01-01,2024-12-31,'NA',SWH_2024
SWH_W_2024_gw-ph_L2_v2-1.pdf,Plots of Jan 2024 sensor data for SWH-W,,2024-01-01,2024-12-31,,SWH_2024
SWH_W_2024_gw-ph-mv_L2_v2-1.parquet,Year 2024 sensor data for W plot at SWH site,,2024-01-01,2024-12-31,'NA',SWH_2024
SWH_W_2024_gw-ph-mv_L2_v2-1.pdf,Plots of Jan 2024 sensor data for SWH-W,,2024-01-01,2024-12-31,,SWH_2024
SWH_W_2024_gw-ph-orp_L2_v2-1.parquet,Year 2024 sensor data for W plot at SWH site,,2024-01-01,2024-12-31,'NA',SWH_2024
SWH_W_2024_gw-ph-orp_L2_v2-1.pdf,Plots of Jan 2024 sensor data for SWH-W,,2024-01-01,2024-12-31,,SWH_2024
SWH_W_2024_gw-pressure-vented_L2_v2-1.parquet,Year 2024 sensor data for W plot at SWH site,,2024-01-01,2024-12-31,'NA',SWH_2024
SWH_W_2024_gw-pressure-vented_L2_v2-1.pdf,Plots of Jan 2024 sensor data for SWH-W,,2024-01-01,2024-12-31,,SWH_2024
SWH_W_2024_gw-rdo-conc_L2_v2-1.parquet,Year 2024 sensor data for W plot at SWH site,,2024-01-01,2024-12-31,'NA',SWH_2024
SWH_W_2024_gw-rdo-conc_L2_v2-1.pdf,Plots of Jan 2024 sensor data for SWH-W,,2024-01-01,2024-12-31,,SWH_2024
SWH_W_2024_gw-resistivity_L2_v2-1.parquet,Year 2024 sensor data for W plot at SWH site,,2024-01-01,2024-12-31,'NA',SWH_2024
SWH_W_2024_gw-resistivity_L2_v2-1.pdf,Plots of Jan 2024 sensor data for SWH-W,,2024-01-01,2024-12-31,,SWH_2024
SWH_W_2024_gw-salinity_L2_v2-1.parquet,Year 2024 sensor data for W plot at SWH site,,2024-01-01,2024-12-31,'NA',SWH_2024
SWH_W_2024_gw-salinity_L2_v2-1.pdf,Plots of Jan 2024 sensor data for SWH-W,,2024-01-01,2024-12-31,,SWH_2024
SWH_W_2024_gw-spec-cond_L2_v2-1.parquet,Year 2024 sensor data for W plot at SWH site,,2024-01-01,2024-12-31,'NA',SWH_2024
SWH_W_2024_gw-spec-cond_L2_v2-1.pdf,Plots of Jan 2024 sensor data for SWH-W,,2024-01-01,2024-12-31,,SWH_2024
SWH_W_2024_gw-tds_L2_v2-1.parquet,Year 2024 sensor data for W plot at SWH site,,2024-01-01,2024-12-31,'NA',SWH_2024
SWH_W_2024_gw-tds_L2_v2-1.pdf,Plots of Jan 2024 sensor data for SWH-W,,2024-01-01,2024-12-31,,SWH_2024
SWH_W_2024_gw-temperature_L2_v2-1.parquet,Year 2024 sensor data for W plot at SWH site,,2024-01-01,2024-12-31,'NA',SWH_2024
SWH_W_2024_gw-temperature_L2_v2-1.pdf,Plots of Jan 2024 sensor data for SWH-W,,2024-01-01,2024-12-31,,SWH_2024
SWH_W_2024_gw-voltage-ext_L2_v2-1.parquet,Year 2024 sensor data for W plot at SWH site,,2024-01-01,2024-12-31,'NA',SWH_2024
SWH_W_2024_gw-voltage-ext_L2_v2-1.pdf,Plots of Jan 2024 sensor data for SWH-W,,2024-01-01,2024-12-31,,SWH_2024
SWH_W_2024_soil-EC-10cm_L2_v2-1.parquet,Year 2024 sensor data for W plot at SWH site,,2024-01-01,2024-12-31,'NA',SWH_2024
SWH_W_2024_soil-EC-10cm_L2_v2-1.pdf,Plots of Jan 2024 sensor data for SWH-W,,2024-01-01,2024-12-31,,SWH_2024
SWH_W_2024_soil-EC-30cm_L2_v2-1.parquet,Year 2024 sensor data for W plot at SWH site,,2024-01-01,2024-12-31,'NA',SWH_2024
SWH_W_2024_soil-EC-30cm_L2_v2-1.pdf,Plots of Jan 2024 sensor data for SWH-W,,2024-01-01,2024-12-31,,SWH_2024
SWH_W_2024_soil-salinity-10cm_L2_v2-1.parquet,Year 2024 sensor data for W plot at SWH site,,2024-01-01,2024-12-31,'NA',SWH_2024
SWH_W_2024_soil-salinity-10cm_L2_v2-1.pdf,Plots of Jan 2024 sensor data for SWH-W,,2024-01-01,2024-12-31,,SWH_2024
SWH_W_2024_soil-salinity-30cm_L2_v2-1.parquet,Year 2024 sensor data for W plot at SWH site,,2024-01-01,2024-12-31,'NA',SWH_2024
SWH_W_2024_soil-salinity-30cm_L2_v2-1.pdf,Plots of Jan 2024 sensor data for SWH-W,,2024-01-01,2024-12-31,,SWH_2024
SWH_W_2024_soil-temp-10cm_L2_v2-1.parquet,Year 2024 sensor data for W plot at SWH site,,2024-01-01,2024-12-31,'NA',SWH_2024
SWH_W_2024_soil-temp-10cm_L2_v2-1.pdf,Plots of Jan 2024 sensor data for SWH-W,,2024-01-01,2024-12-31,,SWH_2024
SWH_W_2024_soil-temp-30cm_L2_v2-1.parquet,Year 2024 sensor data for W plot at SWH site,,2024-01-01,2024-12-31,'NA',SWH_2024
SWH_W_2024_soil-temp-30cm_L2_v2-1.pdf,Plots of Jan 2024 sensor data for SWH-W,,2024-01-01,2024-12-31,,SWH_2024
SWH_W_2024_soil-vwc-10cm_L2_v2-1.parquet,Year 2024 sensor data for W plot at SWH site,,2024-01-01,2024-12-31,'NA',SWH_2024
SWH_W_2024_soil-vwc-10cm_L2_v2-1.pdf,Plots of Jan 2024 sensor data for SWH-W,,2024-01-01,2024-12-31,,SWH_2024
SWH_W_2024_soil-vwc-30cm_L2_v2-1.parquet,Year 2024 sensor data for W plot at SWH site,,2024-01-01,2024-12-31,'NA',SWH_2024
SWH_W_2024_soil-vwc-30cm_L2_v2-1.pdf,Plots of Jan 2024 sensor data for SWH-W,,2024-01-01,2024-12-31,,SWH_2024
SWH_W_2024_solar-voltage_L2_v2-1.parquet,Year 2024 sensor data for W plot at SWH site,,2024-01-01,2024-12-31,'NA',SWH_2024
SWH_W_2024_solar-voltage_L2_v2-1.pdf,Plots of Jan 2024 sensor data for SWH-W,,2024-01-01,2024-12-31,,SWH_2024
SWH_W_2024_wx-barpress15_L2_v2-1.parquet,Year 2024 sensor data for W plot at SWH site,,2024-01-01,2024-12-31,'NA',SWH_2024
SWH_W_2024_wx-barpress15_L2_v2-1.pdf,Plots of Jan 2024 sensor data for SWH-W,,2024-01-01,2024-12-31,,SWH_2024
SWH_W_2024_wx-bpmax15_L2_v2-1.parquet,Year 2024 sensor data for W plot at SWH site,,2024-01-01,2024-12-31,'NA',SWH_2024
SWH_W_2024_wx-bpmax15_L2_v2-1.pdf,Plots of Jan 2024 sensor data for SWH-W,,2024-01-01,2024-12-31,,SWH_2024
SWH_W_2024_wx-bpmin15_L2_v2-1.parquet,Year 2024 sensor data for W plot at SWH site,,2024-01-01,2024-12-31,'NA',SWH_2024
SWH_W_2024_wx-bpmin15_L2_v2-1.pdf,Plots of Jan 2024 sensor data for SWH-W,,2024-01-01,2024-12-31,,SWH_2024
SWH_W_2024_wx-dist-min15_L2_v2-1.parquet,Year 2024 sensor data for W plot at SWH site,,2024-01-01,2024-12-31,'NA',SWH_2024
SWH_W_2024_wx-dist-min15_L2_v2-1.pdf,Plots of Jan 2024 sensor data for SWH-W,,2024-01-01,2024-12-31,,SWH_2024
SWH_W_2024_wx-invalid-wind15_L2_v2-1.parquet,Year 2024 sensor data for W plot at SWH site,,2024-01-01,2024-12-31,'NA',SWH_2024
SWH_W_2024_wx-invalid-wind15_L2_v2-1.pdf,Plots of Jan 2024 sensor data for SWH-W,,2024-01-01,2024-12-31,,SWH_2024
SWH_W_2024_wx-maxws15_L2_v2-1.parquet,Year 2024 sensor data for W plot at SWH site,,2024-01-01,2024-12-31,'NA',SWH_2024
SWH_W_2024_wx-maxws15_L2_v2-1.pdf,Plots of Jan 2024 sensor data for SWH-W,,2024-01-01,2024-12-31,,SWH_2024
SWH_W_2024_wx-maxws24_L2_v2-1.parquet,Year 2024 sensor data for W plot at SWH site,,2024-01-01,2024-12-31,'NA',SWH_2024
SWH_W_2024_wx-maxws24_L2_v2-1.pdf,Plots of Jan 2024 sensor data for SWH-W,,2024-01-01,2024-12-31,,SWH_2024
SWH_W_2024_wx-par-den15_L2_v2-1.parquet,Year 2024 sensor data for W plot at SWH site,,2024-01-01,2024-12-31,'NA',SWH_2024
SWH_W_2024_wx-par-den15_L2_v2-1.pdf,Plots of Jan 2024 sensor data for SWH-W,,2024-01-01,2024-12-31,,SWH_2024
SWH_W_2024_wx-par-den24_L2_v2-1.parquet,Year 2024 sensor data for W plot at SWH site,,2024-01-01,2024-12-31,'NA',SWH_2024
SWH_W_2024_wx-par-den24_L2_v2-1.pdf,Plots of Jan 2024 sensor data for SWH-W,,2024-01-01,2024-12-31,,SWH_2024
SWH_W_2024_wx-par-tot15_L2_v2-1.parquet,Year 2024 sensor data for W plot at SWH site,,2024-01-01,2024-12-31,'NA',SWH_2024
SWH_W_2024_wx-par-tot15_L2_v2-1.pdf,Plots of Jan 2024 sensor data for SWH-W,,2024-01-01,2024-12-31,,SWH_2024
SWH_W_2024_wx-par-tot24_L2_v2-1.parquet,Year 2024 sensor data for W plot at SWH site,,2024-01-01,2024-12-31,'NA',SWH_2024
SWH_W_2024_wx-par-tot24_L2_v2-1.pdf,Plots of Jan 2024 sensor data for SWH-W,,2024-01-01,2024-12-31,,SWH_2024
SWH_W_2024_wx-rain15_L2_v2-1.parquet,Year 2024 sensor data for W plot at SWH site,,2024-01-01,2024-12-31,'NA',SWH_2024
SWH_W_2024_wx-rain15_L2_v2-1.pdf,Plots of Jan 2024 sensor data for SWH-W,,2024-01-01,2024-12-31,,SWH_2024
SWH_W_2024_wx-rain24_L2_v2-1.parquet,Year 2024 sensor data for W plot at SWH site,,2024-01-01,2024-12-31,'NA',SWH_2024
SWH_W_2024_wx-rain24_L2_v2-1.pdf,Plots of Jan 2024 sensor data for SWH-W,,2024-01-01,2024-12-31,,SWH_2024
SWH_W_2024_wx-rh15_L2_v2-1.parquet,Year 2024 sensor data for W plot at SWH site,,2024-01-01,2024-12-31,'NA',SWH_2024
SWH_W_2024_wx-rh15_L2_v2-1.pdf,Plots of Jan 2024 sensor data for SWH-W,,2024-01-01,2024-12-31,,SWH_2024
SWH_W_2024_wx-rh24_L2_v2-1.parquet,Year 2024 sensor data for W plot at SWH site,,2024-01-01,2024-12-31,'NA',SWH_2024
SWH_W_2024_wx-rh24_L2_v2-1.pdf,Plots of Jan 2024 sensor data for SWH-W,,2024-01-01,2024-12-31,,SWH_2024
SWH_W_2024_wx-rht15_L2_v2-1.parquet,Year 2024 sensor data for W plot at SWH site,,2024-01-01,2024-12-31,'NA',SWH_2024
SWH_W_2024_wx-rht15_L2_v2-1.pdf,Plots of Jan 2024 sensor data for SWH-W,,2024-01-01,2024-12-31,,SWH_2024
SWH_W_2024_wx-rht24_L2_v2-1.parquet,Year 2024 sensor data for W plot at SWH site,,2024-01-01,2024-12-31,'NA',SWH_2024
SWH_W_2024_wx-rht24_L2_v2-1.pdf,Plots of Jan 2024 sensor data for SWH-W,,2024-01-01,2024-12-31,,SWH_2024
SWH_W_2024_wx-rhtmax24_L2_v2-1.parquet,Year 2024 sensor data for W plot at SWH site,,2024-01-01,2024-12-31,'NA',SWH_2024
SWH_W_2024_wx-rhtmax24_L2_v2-1.pdf,Plots of Jan 2024 sensor data for SWH-W,,2024-01-01,2024-12-31,,SWH_2024
SWH_W_2024_wx-rhtmin24_L2_v2-1.parquet,Year 2024 sensor data for W plot at SWH site,,2024-01-01,2024-12-31,'NA',SWH_2024
SWH_W_2024_wx-rhtmin24_L2_v2-1.pdf,Plots of Jan 2024 sensor data for SWH-W,,2024-01-01,2024-12-31,,SWH_2024
SWH_W_2024_wx-slr-fd15_L2_v2-1.parquet,Year 2024 sensor data for W plot at SWH site,,2024-01-01,2024-12-31,'NA',SWH_2024
SWH_W_2024_wx-slr-fd15_L2_v2-1.pdf,Plots of Jan 2024 sensor data for SWH-W,,2024-01-01,2024-12-31,,SWH_2024
SWH_W_2024_wx-slr-fd24_L2_v2-1.parquet,Year 2024 sensor data for W plot at SWH site,,2024-01-01,2024-12-31,'NA',SWH_2024
SWH_W_2024_wx-slr-fd24_L2_v2-1.pdf,Plots of Jan 2024 sensor data for SWH-W,,2024-01-01,2024-12-31,,SWH_2024
SWH_W_2024_wx-slr-tf15_L2_v2-1.parquet,Year 2024 sensor data for W plot at SWH site,,2024-01-01,2024-12-31,'NA',SWH_2024
SWH_W_2024_wx-slr-tf15_L2_v2-1.pdf,Plots of Jan 2024 sensor data for SWH-W,,2024-01-01,2024-12-31,,SWH_2024
SWH_W_2024_wx-slr-tf24_L2_v2-1.parquet,Year 2024 sensor data for W plot at SWH site,,2024-01-01,2024-12-31,'NA',SWH_2024
SWH_W_2024_wx-slr-tf24_L2_v2-1.pdf,Plots of Jan 2024 sensor data for SWH-W,,2024-01-01,2024-12-31,,SWH_2024
SWH_W_2024_wx-strikes15_L2_v2-1.parquet,Year 2024 sensor data for W plot at SWH site,,2024-01-01,2024-12-31,'NA',SWH_2024
SWH_W_2024_wx-strikes15_L2_v2-1.pdf,Plots of Jan 2024 sensor data for SWH-W,,2024-01-01,2024-12-31,,SWH_2024
SWH_W_2024_wx-tempavg15_L2_v2-1.parquet,Year 2024 sensor data for W plot at SWH site,,2024-01-01,2024-12-31,'NA',SWH_2024
SWH_W_2024_wx-tempavg15_L2_v2-1.pdf,Plots of Jan 2024 sensor data for SWH-W,,2024-01-01,2024-12-31,,SWH_2024
SWH_W_2024_wx-tempavg24_L2_v2-1.parquet,Year 2024 sensor data for W plot at SWH site,,2024-01-01,2024-12-31,'NA',SWH_2024
SWH_W_2024_wx-tempavg24_L2_v2-1.pdf,Plots of Jan 2024 sensor data for SWH-W,,2024-01-01,2024-12-31,,SWH_2024
SWH_W_2024_wx-tempmax15_L2_v2-1.parquet,Year 2024 sensor data for W plot at SWH site,,2024-01-01,2024-12-31,'NA',SWH_2024
SWH_W_2024_wx-tempmax15_L2_v2-1.pdf,Plots of Jan 2024 sensor data for SWH-W,,2024-01-01,2024-12-31,,SWH_2024
SWH_W_2024_wx-tempmax24_L2_v2-1.parquet,Year 2024 sensor data for W plot at SWH site,,2024-01-01,2024-12-31,'NA',SWH_2024
SWH_W_2024_wx-tempmax24_L2_v2-1.pdf,Plots of Jan 2024 sensor data for SWH-W,,2024-01-01,2024-12-31,,SWH_2024
SWH_W_2024_wx-tempmin15_L2_v2-1.parquet,Year 2024 sensor data for W plot at SWH site,,2024-01-01,2024-12-31,'NA',SWH_2024
SWH_W_2024_wx-tempmin15_L2_v2-1.pdf,Plots of Jan 2024 sensor data for SWH-W,,2024-01-01,2024-12-31,,SWH_2024
SWH_W_2024_wx-tempmin24_L2_v2-1.parquet,Year 2024 sensor data for W plot at SWH site,,2024-01-01,2024-12-31,'NA',SWH_2024
SWH_W_2024_wx-tempmin24_L2_v2-1.pdf,Plots of Jan 2024 sensor data for SWH-W,,2024-01-01,2024-12-31,,SWH_2024
SWH_W_2024_wx-tilt-ns15_L2_v2-1.parquet,Year 2024 sensor data for W plot at SWH site,,2024-01-01,2024-12-31,'NA',SWH_2024
SWH_W_2024_wx-tilt-ns15_L2_v2-1.pdf,Plots of Jan 2024 sensor data for SWH-W,,2024-01-01,2024-12-31,,SWH_2024
SWH_W_2024_wx-tilt-ns24_L2_v2-1.parquet,Year 2024 sensor data for W plot at SWH site,,2024-01-01,2024-12-31,'NA',SWH_2024
SWH_W_2024_wx-tilt-ns24_L2_v2-1.pdf,Plots of Jan 2024 sensor data for SWH-W,,2024-01-01,2024-12-31,,SWH_2024
SWH_W_2024_wx-tilt-we15_L2_v2-1.parquet,Year 2024 sensor data for W plot at SWH site,,2024-01-01,2024-12-31,'NA',SWH_2024
SWH_W_2024_wx-tilt-we15_L2_v2-1.pdf,Plots of Jan 2024 sensor data for SWH-W,,2024-01-01,2024-12-31,,SWH_2024
SWH_W_2024_wx-tilt-we24_L2_v2-1.parquet,Year 2024 sensor data for W plot at SWH site,,2024-01-01,2024-12-31,'NA',SWH_2024
SWH_W_2024_wx-tilt-we24_L2_v2-1.pdf,Plots of Jan 2024 sensor data for SWH-W,,2024-01-01,2024-12-31,,SWH_2024
SWH_W_2024_wx-vappress15_L2_v2-1.parquet,Year 2024 sensor data for W plot at SWH site,,2024-01-01,2024-12-31,'NA',SWH_2024
SWH_W_2024_wx-vappress15_L2_v2-1.pdf,Plots of Jan 2024 sensor data for SWH-W,,2024-01-01,2024-12-31,,SWH_2024
SWH_W_2024_wx-vappress24_L2_v2-1.parquet,Year 2024 sensor data for W plot at SWH site,,2024-01-01,2024-12-31,'NA',SWH_2024
SWH_W_2024_wx-vappress24_L2_v2-1.pdf,Plots of Jan 2024 sensor data for SWH-W,,2024-01-01,2024-12-31,,SWH_2024
SWH_W_2024_wx-winddir-sd115_L2_v2-1.parquet,Year 2024 sensor data for W plot at SWH site,,2024-01-01,2024-12-31,'NA',SWH_2024
SWH_W_2024_wx-winddir-sd115_L2_v2-1.pdf,Plots of Jan 2024 sensor data for SWH-W,,2024-01-01,2024-12-31,,SWH_2024
SWH_W_2024_wx-winddir15_L2_v2-1.parquet,Year 2024 sensor data for W plot at SWH site,,2024-01-01,2024-12-31,'NA',SWH_2024
SWH_W_2024_wx-winddir15_L2_v2-1.pdf,Plots of Jan 2024 sensor data for SWH-W,,2024-01-01,2024-12-31,,SWH_2024
SWH_W_2024_wx-winderrors24_L2_v2-1.parquet,Year 2024 sensor data for W plot at SWH site,,2024-01-01,2024-12-31,'NA',SWH_2024
SWH_W_2024_wx-winderrors24_L2_v2-1.pdf,Plots of Jan 2024 sensor data for SWH-W,,2024-01-01,2024-12-31,,SWH_2024
SWH_W_2024_wx-windspeed15_L2_v2-1.parquet,Year 2024 sensor data for W plot at SWH site,,2024-01-01,2024-12-31,'NA',SWH_2024
SWH_W_2024_wx-windspeed15_L2_v2-1.pdf,Plots of Jan 2024 sensor data for SWH-W,,2024-01-01,2024-12-31,,SWH_2024
SWH_2025_L2_v2-1_metadata.txt,Metadata for all data files in SWH_2025 folder,,,,,SWH_2025
SWH_SWAMP_2025_battery-voltage_L2_v2-1.parquet,Year 2025 sensor data for SWAMP plot at SWH site,,2025-01-01,2025-12-31,'NA',SWH_2025
SWH_SWAMP_2025_battery-voltage_L2_v2-1.pdf,Plots of Jan 2025 sensor data for SWH-SWAMP,,2025-01-01,2025-12-31,,SWH_2025
SWH_SWAMP_2025_gw-act-cond_L2_v2-1.parquet,Year 2025 sensor data for SWAMP plot at SWH site,,2025-01-01,2025-12-31,'NA',SWH_2025
SWH_SWAMP_2025_gw-act-cond_L2_v2-1.pdf,Plots of Jan 2025 sensor data for SWH-SWAMP,,2025-01-01,2025-12-31,,SWH_2025
SWH_SWAMP_2025_gw-bar-pressure_L2_v2-1.parquet,Year 2025 sensor data for SWAMP plot at SWH site,,2025-01-01,2025-12-31,'NA',SWH_2025
SWH_SWAMP_2025_gw-bar-pressure_L2_v2-1.pdf,Plots of Jan 2025 sensor data for SWH-SWAMP,,2025-01-01,2025-12-31,,SWH_2025
SWH_SWAMP_2025_gw-battery_L2_v2-1.parquet,Year 2025 sensor data for SWAMP plot at SWH site,,2025-01-01,2025-12-31,'NA',SWH_2025
SWH_SWAMP_2025_gw-battery_L2_v2-1.pdf,Plots of Jan 2025 sensor data for SWH-SWAMP,,2025-01-01,2025-12-31,,SWH_2025
SWH_SWAMP_2025_gw-density_L2_v2-1.parquet,Year 2025 sensor data for SWAMP plot at SWH site,,2025-01-01,2025-12-31,'NA',SWH_2025
SWH_SWAMP_2025_gw-density_L2_v2-1.pdf,Plots of Jan 2025 sensor data for SWH-SWAMP,,2025-01-01,2025-12-31,,SWH_2025
SWH_SWAMP_2025_gw-depth_L2_v2-1.parquet,Year 2025 sensor data for SWAMP plot at SWH site,,2025-01-01,2025-12-31,'NA',SWH_2025
SWH_SWAMP_2025_gw-depth_L2_v2-1.pdf,Plots of Jan 2025 sensor data for SWH-SWAMP,,2025-01-01,2025-12-31,,SWH_2025
SWH_SWAMP_2025_gw-part-pressure_L2_v2-1.parquet,Year 2025 sensor data for SWAMP plot at SWH site,,2025-01-01,2025-12-31,'NA',SWH_2025
SWH_SWAMP_2025_gw-part-pressure_L2_v2-1.pdf,Plots of Jan 2025 sensor data for SWH-SWAMP,,2025-01-01,2025-12-31,,SWH_2025
SWH_SWAMP_2025_gw-perc-sat_L2_v2-1.parquet,Year 2025 sensor data for SWAMP plot at SWH site,,2025-01-01,2025-12-31,'NA',SWH_2025
SWH_SWAMP_2025_gw-perc-sat_L2_v2-1.pdf,Plots of Jan 2025 sensor data for SWH-SWAMP,,2025-01-01,2025-12-31,,SWH_2025
SWH_SWAMP_2025_gw-ph_L2_v2-1.parquet,Year 2025 sensor data for SWAMP plot at SWH site,,2025-01-01,2025-12-31,'NA',SWH_2025
SWH_SWAMP_2025_gw-ph_L2_v2-1.pdf,Plots of Jan 2025 sensor data for SWH-SWAMP,,2025-01-01,2025-12-31,,SWH_2025
SWH_SWAMP_2025_gw-ph-mv_L2_v2-1.parquet,Year 2025 sensor data for SWAMP plot at SWH site,,2025-01-01,2025-12-31,'NA',SWH_2025
SWH_SWAMP_2025_gw-ph-mv_L2_v2-1.pdf,Plots of Jan 2025 sensor data for SWH-SWAMP,,2025-01-01,2025-12-31,,SWH_2025
SWH_SWAMP_2025_gw-ph-orp_L2_v2-1.parquet,Year 2025 sensor data for SWAMP plot at SWH site,,2025-01-01,2025-12-31,'NA',SWH_2025
SWH_SWAMP_2025_gw-ph-orp_L2_v2-1.pdf,Plots of Jan 2025 sensor data for SWH-SWAMP,,2025-01-01,2025-12-31,,SWH_2025
SWH_SWAMP_2025_gw-pressure-vented_L2_v2-1.parquet,Year 2025 sensor data for SWAMP plot at SWH site,,2025-01-01,2025-12-31,'NA',SWH_2025
SWH_SWAMP_2025_gw-pressure-vented_L2_v2-1.pdf,Plots of Jan 2025 sensor data for SWH-SWAMP,,2025-01-01,2025-12-31,,SWH_2025
SWH_SWAMP_2025_gw-rdo-conc_L2_v2-1.parquet,Year 2025 sensor data for SWAMP plot at SWH site,,2025-01-01,2025-12-31,'NA',SWH_2025
SWH_SWAMP_2025_gw-rdo-conc_L2_v2-1.pdf,Plots of Jan 2025 sensor data for SWH-SWAMP,,2025-01-01,2025-12-31,,SWH_2025
SWH_SWAMP_2025_gw-resistivity_L2_v2-1.parquet,Year 2025 sensor data for SWAMP plot at SWH site,,2025-01-01,2025-12-31,'NA',SWH_2025
SWH_SWAMP_2025_gw-resistivity_L2_v2-1.pdf,Plots of Jan 2025 sensor data for SWH-SWAMP,,2025-01-01,2025-12-31,,SWH_2025
SWH_SWAMP_2025_gw-salinity_L2_v2-1.parquet,Year 2025 sensor data for SWAMP plot at SWH site,,2025-01-01,2025-12-31,'NA',SWH_2025
SWH_SWAMP_2025_gw-salinity_L2_v2-1.pdf,Plots of Jan 2025 sensor data for SWH-SWAMP,,2025-01-01,2025-12-31,,SWH_2025
SWH_SWAMP_2025_gw-spec-cond_L2_v2-1.parquet,Year 2025 sensor data for SWAMP plot at SWH site,,2025-01-01,2025-12-31,'NA',SWH_2025
SWH_SWAMP_2025_gw-spec-cond_L2_v2-1.pdf,Plots of Jan 2025 sensor data for SWH-SWAMP,,2025-01-01,2025-12-31,,SWH_2025
SWH_SWAMP_2025_gw-tds_L2_v2-1.parquet,Year 2025 sensor data for SWAMP plot at SWH site,,2025-01-01,2025-12-31,'NA',SWH_2025
SWH_SWAMP_2025_gw-tds_L2_v2-1.pdf,Plots of Jan 2025 sensor data for SWH-SWAMP,,2025-01-01,2025-12-31,,SWH_2025
SWH_SWAMP_2025_gw-temperature_L2_v2-1.parquet,Year 2025 sensor data for SWAMP plot at SWH site,,2025-01-01,2025-12-31,'NA',SWH_2025
SWH_SWAMP_2025_gw-temperature_L2_v2-1.pdf,Plots of Jan 2025 sensor data for SWH-SWAMP,,2025-01-01,2025-12-31,,SWH_2025
SWH_SWAMP_2025_gw-voltage-ext_L2_v2-1.parquet,Year 2025 sensor data for SWAMP plot at SWH site,,2025-01-01,2025-12-31,'NA',SWH_2025
SWH_SWAMP_2025_gw-voltage-ext_L2_v2-1.pdf,Plots of Jan 2025 sensor data for SWH-SWAMP,,2025-01-01,2025-12-31,,SWH_2025
SWH_SWAMP_2025_redox-15cm_L2_v2-1.parquet,Year 2025 sensor data for SWAMP plot at SWH site,,2025-01-01,2025-12-31,'NA',SWH_2025
SWH_SWAMP_2025_redox-15cm_L2_v2-1.pdf,Plots of Jan 2025 sensor data for SWH-SWAMP,,2025-01-01,2025-12-31,,SWH_2025
SWH_SWAMP_2025_redox-5cm_L2_v2-1.parquet,Year 2025 sensor data for SWAMP plot at SWH site,,2025-01-01,2025-12-31,'NA',SWH_2025
SWH_SWAMP_2025_redox-5cm_L2_v2-1.pdf,Plots of Jan 2025 sensor data for SWH-SWAMP,,2025-01-01,2025-12-31,,SWH_2025
SWH_SWAMP_2025_sapflow-3.5cm_L2_v2-1.parquet,Year 2025 sensor data for SWAMP plot at SWH site,,2025-01-01,2025-12-31,'NA',SWH_2025
SWH_SWAMP_2025_sapflow-3.5cm_L2_v2-1.pdf,Plots of Jan 2025 sensor data for SWH-SWAMP,,2025-01-01,2025-12-31,,SWH_2025
SWH_SWAMP_2025_sapflow-5cm_L2_v2-1.parquet,Year 2025 sensor data for SWAMP plot at SWH site,,2025-01-01,2025-12-31,'NA',SWH_2025
SWH_SWAMP_2025_sapflow-5cm_L2_v2-1.pdf,Plots of Jan 2025 sensor data for SWH-SWAMP,,2025-01-01,2025-12-31,,SWH_2025
SWH_SWAMP_2025_soil-EC-10cm_L2_v2-1.parquet,Year 2025 sensor data for SWAMP plot at SWH site,,2025-01-01,2025-12-31,'NA',SWH_2025
SWH_SWAMP_2025_soil-EC-10cm_L2_v2-1.pdf,Plots of Jan 2025 sensor data for SWH-SWAMP,,2025-01-01,2025-12-31,,SWH_2025
SWH_SWAMP_2025_soil-EC-30cm_L2_v2-1.parquet,Year 2025 sensor data for SWAMP plot at SWH site,,2025-01-01,2025-12-31,'NA',SWH_2025
SWH_SWAMP_2025_soil-EC-30cm_L2_v2-1.pdf,Plots of Jan 2025 sensor data for SWH-SWAMP,,2025-01-01,2025-12-31,,SWH_2025
SWH_SWAMP_2025_soil-salinity-10cm_L2_v2-1.parquet,Year 2025 sensor data for SWAMP plot at SWH site,,2025-01-01,2025-12-31,'NA',SWH_2025
SWH_SWAMP_2025_soil-salinity-10cm_L2_v2-1.pdf,Plots of Jan 2025 sensor data for SWH-SWAMP,,2025-01-01,2025-12-31,,SWH_2025
SWH_SWAMP_2025_soil-salinity-30cm_L2_v2-1.parquet,Year 2025 sensor data for SWAMP plot at SWH site,,2025-01-01,2025-12-31,'NA',SWH_2025
SWH_SWAMP_2025_soil-salinity-30cm_L2_v2-1.pdf,Plots of Jan 2025 sensor data for SWH-SWAMP,,2025-01-01,2025-12-31,,SWH_2025
SWH_SWAMP_2025_soil-temp-10cm_L2_v2-1.parquet,Year 2025 sensor data for SWAMP plot at SWH site,,2025-01-01,2025-12-31,'NA',SWH_2025
SWH_SWAMP_2025_soil-temp-10cm_L2_v2-1.pdf,Plots of Jan 2025 sensor data for SWH-SWAMP,,2025-01-01,2025-12-31,,SWH_2025
SWH_SWAMP_2025_soil-temp-30cm_L2_v2-1.parquet,Year 2025 sensor data for SWAMP plot at SWH site,,2025-01-01,2025-12-31,'NA',SWH_2025
SWH_SWAMP_2025_soil-temp-30cm_L2_v2-1.pdf,Plots of Jan 2025 sensor data for SWH-SWAMP,,2025-01-01,2025-12-31,,SWH_2025
SWH_SWAMP_2025_soil-vwc-10cm_L2_v2-1.parquet,Year 2025 sensor data for SWAMP plot at SWH site,,2025-01-01,2025-12-31,'NA',SWH_2025
SWH_SWAMP_2025_soil-vwc-10cm_L2_v2-1.pdf,Plots of Jan 2025 sensor data for SWH-SWAMP,,2025-01-01,2025-12-31,,SWH_2025
SWH_SWAMP_2025_soil-vwc-30cm_L2_v2-1.parquet,Year 2025 sensor data for SWAMP plot at SWH site,,2025-01-01,2025-12-31,'NA',SWH_2025
SWH_SWAMP_2025_soil-vwc-30cm_L2_v2-1.pdf,Plots of Jan 2025 sensor data for SWH-SWAMP,,2025-01-01,2025-12-31,,SWH_2025
SWH_SWAMP_2025_solar-voltage_L2_v2-1.parquet,Year 2025 sensor data for SWAMP plot at SWH site,,2025-01-01,2025-12-31,'NA',SWH_2025
SWH_SWAMP_2025_solar-voltage_L2_v2-1.pdf,Plots of Jan 2025 sensor data for SWH-SWAMP,,2025-01-01,2025-12-31,,SWH_2025
SWH_TR_2025_battery-voltage_L2_v2-1.parquet,Year 2025 sensor data for TR plot at SWH site,,2025-01-01,2025-12-31,'NA',SWH_2025
SWH_TR_2025_battery-voltage_L2_v2-1.pdf,Plots of Jan 2025 sensor data for SWH-TR,,2025-01-01,2025-12-31,,SWH_2025
SWH_TR_2025_gw-act-cond_L2_v2-1.parquet,Year 2025 sensor data for TR plot at SWH site,,2025-01-01,2025-12-31,'NA',SWH_2025
SWH_TR_2025_gw-act-cond_L2_v2-1.pdf,Plots of Jan 2025 sensor data for SWH-TR,,2025-01-01,2025-12-31,,SWH_2025
SWH_TR_2025_gw-bar-pressure_L2_v2-1.parquet,Year 2025 sensor data for TR plot at SWH site,,2025-01-01,2025-12-31,'NA',SWH_2025
SWH_TR_2025_gw-bar-pressure_L2_v2-1.pdf,Plots of Jan 2025 sensor data for SWH-TR,,2025-01-01,2025-12-31,,SWH_2025
SWH_TR_2025_gw-battery_L2_v2-1.parquet,Year 2025 sensor data for TR plot at SWH site,,2025-01-01,2025-12-31,'NA',SWH_2025
SWH_TR_2025_gw-battery_L2_v2-1.pdf,Plots of Jan 2025 sensor data for SWH-TR,,2025-01-01,2025-12-31,,SWH_2025
SWH_TR_2025_gw-density_L2_v2-1.parquet,Year 2025 sensor data for TR plot at SWH site,,2025-01-01,2025-12-31,'NA',SWH_2025
SWH_TR_2025_gw-density_L2_v2-1.pdf,Plots of Jan 2025 sensor data for SWH-TR,,2025-01-01,2025-12-31,,SWH_2025
SWH_TR_2025_gw-depth_L2_v2-1.parquet,Year 2025 sensor data for TR plot at SWH site,,2025-01-01,2025-12-31,'NA',SWH_2025
SWH_TR_2025_gw-depth_L2_v2-1.pdf,Plots of Jan 2025 sensor data for SWH-TR,,2025-01-01,2025-12-31,,SWH_2025
SWH_TR_2025_gw-part-pressure_L2_v2-1.parquet,Year 2025 sensor data for TR plot at SWH site,,2025-01-01,2025-12-31,'NA',SWH_2025
SWH_TR_2025_gw-part-pressure_L2_v2-1.pdf,Plots of Jan 2025 sensor data for SWH-TR,,2025-01-01,2025-12-31,,SWH_2025
SWH_TR_2025_gw-perc-sat_L2_v2-1.parquet,Year 2025 sensor data for TR plot at SWH site,,2025-01-01,2025-12-31,'NA',SWH_2025
SWH_TR_2025_gw-perc-sat_L2_v2-1.pdf,Plots of Jan 2025 sensor data for SWH-TR,,2025-01-01,2025-12-31,,SWH_2025
SWH_TR_2025_gw-ph_L2_v2-1.parquet,Year 2025 sensor data for TR plot at SWH site,,2025-01-01,2025-12-31,'NA',SWH_2025
SWH_TR_2025_gw-ph_L2_v2-1.pdf,Plots of Jan 2025 sensor data for SWH-TR,,2025-01-01,2025-12-31,,SWH_2025
SWH_TR_2025_gw-ph-mv_L2_v2-1.parquet,Year 2025 sensor data for TR plot at SWH site,,2025-01-01,2025-12-31,'NA',SWH_2025
SWH_TR_2025_gw-ph-mv_L2_v2-1.pdf,Plots of Jan 2025 sensor data for SWH-TR,,2025-01-01,2025-12-31,,SWH_2025
SWH_TR_2025_gw-ph-orp_L2_v2-1.parquet,Year 2025 sensor data for TR plot at SWH site,,2025-01-01,2025-12-31,'NA',SWH_2025
SWH_TR_2025_gw-ph-orp_L2_v2-1.pdf,Plots of Jan 2025 sensor data for SWH-TR,,2025-01-01,2025-12-31,,SWH_2025
SWH_TR_2025_gw-pressure-vented_L2_v2-1.parquet,Year 2025 sensor data for TR plot at SWH site,,2025-01-01,2025-12-31,'NA',SWH_2025
SWH_TR_2025_gw-pressure-vented_L2_v2-1.pdf,Plots of Jan 2025 sensor data for SWH-TR,,2025-01-01,2025-12-31,,SWH_2025
SWH_TR_2025_gw-rdo-conc_L2_v2-1.parquet,Year 2025 sensor data for TR plot at SWH site,,2025-01-01,2025-12-31,'NA',SWH_2025
SWH_TR_2025_gw-rdo-conc_L2_v2-1.pdf,Plots of Jan 2025 sensor data for SWH-TR,,2025-01-01,2025-12-31,,SWH_2025
SWH_TR_2025_gw-resistivity_L2_v2-1.parquet,Year 2025 sensor data for TR plot at SWH site,,2025-01-01,2025-12-31,'NA',SWH_2025
SWH_TR_2025_gw-resistivity_L2_v2-1.pdf,Plots of Jan 2025 sensor data for SWH-TR,,2025-01-01,2025-12-31,,SWH_2025
SWH_TR_2025_gw-salinity_L2_v2-1.parquet,Year 2025 sensor data for TR plot at SWH site,,2025-01-01,2025-12-31,'NA',SWH_2025
SWH_TR_2025_gw-salinity_L2_v2-1.pdf,Plots of Jan 2025 sensor data for SWH-TR,,2025-01-01,2025-12-31,,SWH_2025
SWH_TR_2025_gw-spec-cond_L2_v2-1.parquet,Year 2025 sensor data for TR plot at SWH site,,2025-01-01,2025-12-31,'NA',SWH_2025
SWH_TR_2025_gw-spec-cond_L2_v2-1.pdf,Plots of Jan 2025 sensor data for SWH-TR,,2025-01-01,2025-12-31,,SWH_2025
SWH_TR_2025_gw-tds_L2_v2-1.parquet,Year 2025 sensor data for TR plot at SWH site,,2025-01-01,2025-12-31,'NA',SWH_2025
SWH_TR_2025_gw-tds_L2_v2-1.pdf,Plots of Jan 2025 sensor data for SWH-TR,,2025-01-01,2025-12-31,,SWH_2025
SWH_TR_2025_gw-temperature_L2_v2-1.parquet,Year 2025 sensor data for TR plot at SWH site,,2025-01-01,2025-12-31,'NA',SWH_2025
SWH_TR_2025_gw-temperature_L2_v2-1.pdf,Plots of Jan 2025 sensor data for SWH-TR,,2025-01-01,2025-12-31,,SWH_2025
SWH_TR_2025_gw-voltage-ext_L2_v2-1.parquet,Year 2025 sensor data for TR plot at SWH site,,2025-01-01,2025-12-31,'NA',SWH_2025
SWH_TR_2025_gw-voltage-ext_L2_v2-1.pdf,Plots of Jan 2025 sensor data for SWH-TR,,2025-01-01,2025-12-31,,SWH_2025
SWH_TR_2025_redox-15cm_L2_v2-1.parquet,Year 2025 sensor data for TR plot at SWH site,,2025-01-01,2025-12-31,'NA',SWH_2025
SWH_TR_2025_redox-15cm_L2_v2-1.pdf,Plots of Jan 2025 sensor data for SWH-TR,,2025-01-01,2025-12-31,,SWH_2025
SWH_TR_2025_redox-5cm_L2_v2-1.parquet,Year 2025 sensor data for TR plot at SWH site,,2025-01-01,2025-12-31,'NA',SWH_2025
SWH_TR_2025_redox-5cm_L2_v2-1.pdf,Plots of Jan 2025 sensor data for SWH-TR,,2025-01-01,2025-12-31,,SWH_2025
SWH_TR_2025_sapflow-3.5cm_L2_v2-1.parquet,Year 2025 sensor data for TR plot at SWH site,,2025-01-01,2025-12-31,'NA',SWH_2025
SWH_TR_2025_sapflow-3.5cm_L2_v2-1.pdf,Plots of Jan 2025 sensor data for SWH-TR,,2025-01-01,2025-12-31,,SWH_2025
SWH_TR_2025_sapflow-5cm_L2_v2-1.parquet,Year 2025 sensor data for TR plot at SWH site,,2025-01-01,2025-12-31,'NA',SWH_2025
SWH_TR_2025_sapflow-5cm_L2_v2-1.pdf,Plots of Jan 2025 sensor data for SWH-TR,,2025-01-01,2025-12-31,,SWH_2025
SWH_TR_2025_soil-EC-10cm_L2_v2-1.parquet,Year 2025 sensor data for TR plot at SWH site,,2025-01-01,2025-12-31,'NA',SWH_2025
SWH_TR_2025_soil-EC-10cm_L2_v2-1.pdf,Plots of Jan 2025 sensor data for SWH-TR,,2025-01-01,2025-12-31,,SWH_2025
SWH_TR_2025_soil-EC-30cm_L2_v2-1.parquet,Year 2025 sensor data for TR plot at SWH site,,2025-01-01,2025-12-31,'NA',SWH_2025
SWH_TR_2025_soil-EC-30cm_L2_v2-1.pdf,Plots of Jan 2025 sensor data for SWH-TR,,2025-01-01,2025-12-31,,SWH_2025
SWH_TR_2025_soil-salinity-10cm_L2_v2-1.parquet,Year 2025 sensor data for TR plot at SWH site,,2025-01-01,2025-12-31,'NA',SWH_2025
SWH_TR_2025_soil-salinity-10cm_L2_v2-1.pdf,Plots of Jan 2025 sensor data for SWH-TR,,2025-01-01,2025-12-31,,SWH_2025
SWH_TR_2025_soil-salinity-30cm_L2_v2-1.parquet,Year 2025 sensor data for TR plot at SWH site,,2025-01-01,2025-12-31,'NA',SWH_2025
SWH_TR_2025_soil-salinity-30cm_L2_v2-1.pdf,Plots of Jan 2025 sensor data for SWH-TR,,2025-01-01,2025-12-31,,SWH_2025
SWH_TR_2025_soil-temp-10cm_L2_v2-1.parquet,Year 2025 sensor data for TR plot at SWH site,,2025-01-01,2025-12-31,'NA',SWH_2025
SWH_TR_2025_soil-temp-10cm_L2_v2-1.pdf,Plots of Jan 2025 sensor data for SWH-TR,,2025-01-01,2025-12-31,,SWH_2025
SWH_TR_2025_soil-temp-30cm_L2_v2-1.parquet,Year 2025 sensor data for TR plot at SWH site,,2025-01-01,2025-12-31,'NA',SWH_2025
SWH_TR_2025_soil-temp-30cm_L2_v2-1.pdf,Plots of Jan 2025 sensor data for SWH-TR,,2025-01-01,2025-12-31,,SWH_2025
SWH_TR_2025_soil-vwc-10cm_L2_v2-1.parquet,Year 2025 sensor data for TR plot at SWH site,,2025-01-01,2025-12-31,'NA',SWH_2025
SWH_TR_2025_soil-vwc-10cm_L2_v2-1.pdf,Plots of Jan 2025 sensor data for SWH-TR,,2025-01-01,2025-12-31,,SWH_2025
SWH_TR_2025_soil-vwc-30cm_L2_v2-1.parquet,Year 2025 sensor data for TR plot at SWH site,,2025-01-01,2025-12-31,'NA',SWH_2025
SWH_TR_2025_soil-vwc-30cm_L2_v2-1.pdf,Plots of Jan 2025 sensor data for SWH-TR,,2025-01-01,2025-12-31,,SWH_2025
SWH_TR_2025_solar-voltage_L2_v2-1.parquet,Year 2025 sensor data for TR plot at SWH site,,2025-01-01,2025-12-31,'NA',SWH_2025
SWH_TR_2025_solar-voltage_L2_v2-1.pdf,Plots of Jan 2025 sensor data for SWH-TR,,2025-01-01,2025-12-31,,SWH_2025
SWH_UP_2025_battery-voltage_L2_v2-1.parquet,Year 2025 sensor data for UP plot at SWH site,,2025-01-01,2025-12-31,'NA',SWH_2025
SWH_UP_2025_battery-voltage_L2_v2-1.pdf,Plots of Jan 2025 sensor data for SWH-UP,,2025-01-01,2025-12-31,,SWH_2025
SWH_UP_2025_gw-act-cond_L2_v2-1.parquet,Year 2025 sensor data for UP plot at SWH site,,2025-01-01,2025-12-31,'NA',SWH_2025
SWH_UP_2025_gw-act-cond_L2_v2-1.pdf,Plots of Jan 2025 sensor data for SWH-UP,,2025-01-01,2025-12-31,,SWH_2025
SWH_UP_2025_gw-bar-pressure_L2_v2-1.parquet,Year 2025 sensor data for UP plot at SWH site,,2025-01-01,2025-12-31,'NA',SWH_2025
SWH_UP_2025_gw-bar-pressure_L2_v2-1.pdf,Plots of Jan 2025 sensor data for SWH-UP,,2025-01-01,2025-12-31,,SWH_2025
SWH_UP_2025_gw-battery_L2_v2-1.parquet,Year 2025 sensor data for UP plot at SWH site,,2025-01-01,2025-12-31,'NA',SWH_2025
SWH_UP_2025_gw-battery_L2_v2-1.pdf,Plots of Jan 2025 sensor data for SWH-UP,,2025-01-01,2025-12-31,,SWH_2025
SWH_UP_2025_gw-density_L2_v2-1.parquet,Year 2025 sensor data for UP plot at SWH site,,2025-01-01,2025-12-31,'NA',SWH_2025
SWH_UP_2025_gw-density_L2_v2-1.pdf,Plots of Jan 2025 sensor data for SWH-UP,,2025-01-01,2025-12-31,,SWH_2025
SWH_UP_2025_gw-depth_L2_v2-1.parquet,Year 2025 sensor data for UP plot at SWH site,,2025-01-01,2025-12-31,'NA',SWH_2025
SWH_UP_2025_gw-depth_L2_v2-1.pdf,Plots of Jan 2025 sensor data for SWH-UP,,2025-01-01,2025-12-31,,SWH_2025
SWH_UP_2025_gw-part-pressure_L2_v2-1.parquet,Year 2025 sensor data for UP plot at SWH site,,2025-01-01,2025-12-31,'NA',SWH_2025
SWH_UP_2025_gw-part-pressure_L2_v2-1.pdf,Plots of Jan 2025 sensor data for SWH-UP,,2025-01-01,2025-12-31,,SWH_2025
SWH_UP_2025_gw-perc-sat_L2_v2-1.parquet,Year 2025 sensor data for UP plot at SWH site,,2025-01-01,2025-12-31,'NA',SWH_2025
SWH_UP_2025_gw-perc-sat_L2_v2-1.pdf,Plots of Jan 2025 sensor data for SWH-UP,,2025-01-01,2025-12-31,,SWH_2025
SWH_UP_2025_gw-ph_L2_v2-1.parquet,Year 2025 sensor data for UP plot at SWH site,,2025-01-01,2025-12-31,'NA',SWH_2025
SWH_UP_2025_gw-ph_L2_v2-1.pdf,Plots of Jan 2025 sensor data for SWH-UP,,2025-01-01,2025-12-31,,SWH_2025
SWH_UP_2025_gw-ph-mv_L2_v2-1.parquet,Year 2025 sensor data for UP plot at SWH site,,2025-01-01,2025-12-31,'NA',SWH_2025
SWH_UP_2025_gw-ph-mv_L2_v2-1.pdf,Plots of Jan 2025 sensor data for SWH-UP,,2025-01-01,2025-12-31,,SWH_2025
SWH_UP_2025_gw-ph-orp_L2_v2-1.parquet,Year 2025 sensor data for UP plot at SWH site,,2025-01-01,2025-12-31,'NA',SWH_2025
SWH_UP_2025_gw-ph-orp_L2_v2-1.pdf,Plots of Jan 2025 sensor data for SWH-UP,,2025-01-01,2025-12-31,,SWH_2025
SWH_UP_2025_gw-pressure-vented_L2_v2-1.parquet,Year 2025 sensor data for UP plot at SWH site,,2025-01-01,2025-12-31,'NA',SWH_2025
SWH_UP_2025_gw-pressure-vented_L2_v2-1.pdf,Plots of Jan 2025 sensor data for SWH-UP,,2025-01-01,2025-12-31,,SWH_2025
SWH_UP_2025_gw-rdo-conc_L2_v2-1.parquet,Year 2025 sensor data for UP plot at SWH site,,2025-01-01,2025-12-31,'NA',SWH_2025
SWH_UP_2025_gw-rdo-conc_L2_v2-1.pdf,Plots of Jan 2025 sensor data for SWH-UP,,2025-01-01,2025-12-31,,SWH_2025
SWH_UP_2025_gw-resistivity_L2_v2-1.parquet,Year 2025 sensor data for UP plot at SWH site,,2025-01-01,2025-12-31,'NA',SWH_2025
SWH_UP_2025_gw-resistivity_L2_v2-1.pdf,Plots of Jan 2025 sensor data for SWH-UP,,2025-01-01,2025-12-31,,SWH_2025
SWH_UP_2025_gw-salinity_L2_v2-1.parquet,Year 2025 sensor data for UP plot at SWH site,,2025-01-01,2025-12-31,'NA',SWH_2025
SWH_UP_2025_gw-salinity_L2_v2-1.pdf,Plots of Jan 2025 sensor data for SWH-UP,,2025-01-01,2025-12-31,,SWH_2025
SWH_UP_2025_gw-spec-cond_L2_v2-1.parquet,Year 2025 sensor data for UP plot at SWH site,,2025-01-01,2025-12-31,'NA',SWH_2025
SWH_UP_2025_gw-spec-cond_L2_v2-1.pdf,Plots of Jan 2025 sensor data for SWH-UP,,2025-01-01,2025-12-31,,SWH_2025
SWH_UP_2025_gw-tds_L2_v2-1.parquet,Year 2025 sensor data for UP plot at SWH site,,2025-01-01,2025-12-31,'NA',SWH_2025
SWH_UP_2025_gw-tds_L2_v2-1.pdf,Plots of Jan 2025 sensor data for SWH-UP,,2025-01-01,2025-12-31,,SWH_2025
SWH_UP_2025_gw-temperature_L2_v2-1.parquet,Year 2025 sensor data for UP plot at SWH site,,2025-01-01,2025-12-31,'NA',SWH_2025
SWH_UP_2025_gw-temperature_L2_v2-1.pdf,Plots of Jan 2025 sensor data for SWH-UP,,2025-01-01,2025-12-31,,SWH_2025
SWH_UP_2025_gw-voltage-ext_L2_v2-1.parquet,Year 2025 sensor data for UP plot at SWH site,,2025-01-01,2025-12-31,'NA',SWH_2025
SWH_UP_2025_gw-voltage-ext_L2_v2-1.pdf,Plots of Jan 2025 sensor data for SWH-UP,,2025-01-01,2025-12-31,,SWH_2025
SWH_UP_2025_redox-15cm_L2_v2-1.parquet,Year 2025 sensor data for UP plot at SWH site,,2025-01-01,2025-12-31,'NA',SWH_2025
SWH_UP_2025_redox-15cm_L2_v2-1.pdf,Plots of Jan 2025 sensor data for SWH-UP,,2025-01-01,2025-12-31,,SWH_2025
SWH_UP_2025_redox-5cm_L2_v2-1.parquet,Year 2025 sensor data for UP plot at SWH site,,2025-01-01,2025-12-31,'NA',SWH_2025
SWH_UP_2025_redox-5cm_L2_v2-1.pdf,Plots of Jan 2025 sensor data for SWH-UP,,2025-01-01,2025-12-31,,SWH_2025
SWH_UP_2025_soil-EC-10cm_L2_v2-1.parquet,Year 2025 sensor data for UP plot at SWH site,,2025-01-01,2025-12-31,'NA',SWH_2025
SWH_UP_2025_soil-EC-10cm_L2_v2-1.pdf,Plots of Jan 2025 sensor data for SWH-UP,,2025-01-01,2025-12-31,,SWH_2025
SWH_UP_2025_soil-EC-30cm_L2_v2-1.parquet,Year 2025 sensor data for UP plot at SWH site,,2025-01-01,2025-12-31,'NA',SWH_2025
SWH_UP_2025_soil-EC-30cm_L2_v2-1.pdf,Plots of Jan 2025 sensor data for SWH-UP,,2025-01-01,2025-12-31,,SWH_2025
SWH_UP_2025_soil-salinity-10cm_L2_v2-1.parquet,Year 2025 sensor data for UP plot at SWH site,,2025-01-01,2025-12-31,'NA',SWH_2025
SWH_UP_2025_soil-salinity-10cm_L2_v2-1.pdf,Plots of Jan 2025 sensor data for SWH-UP,,2025-01-01,2025-12-31,,SWH_2025
SWH_UP_2025_soil-salinity-30cm_L2_v2-1.parquet,Year 2025 sensor data for UP plot at SWH site,,2025-01-01,2025-12-31,'NA',SWH_2025
SWH_UP_2025_soil-salinity-30cm_L2_v2-1.pdf,Plots of Jan 2025 sensor data for SWH-UP,,2025-01-01,2025-12-31,,SWH_2025
SWH_UP_2025_soil-temp-10cm_L2_v2-1.parquet,Year 2025 sensor data for UP plot at SWH site,,2025-01-01,2025-12-31,'NA',SWH_2025
SWH_UP_2025_soil-temp-10cm_L2_v2-1.pdf,Plots of Jan 2025 sensor data for SWH-UP,,2025-01-01,2025-12-31,,SWH_2025
SWH_UP_2025_soil-temp-30cm_L2_v2-1.parquet,Year 2025 sensor data for UP plot at SWH site,,2025-01-01,2025-12-31,'NA',SWH_2025
SWH_UP_2025_soil-temp-30cm_L2_v2-1.pdf,Plots of Jan 2025 sensor data for SWH-UP,,2025-01-01,2025-12-31,,SWH_2025
SWH_UP_2025_soil-vwc-10cm_L2_v2-1.parquet,Year 2025 sensor data for UP plot at SWH site,,2025-01-01,2025-12-31,'NA',SWH_2025
SWH_UP_2025_soil-vwc-10cm_L2_v2-1.pdf,Plots of Jan 2025 sensor data for SWH-UP,,2025-01-01,2025-12-31,,SWH_2025
SWH_UP_2025_soil-vwc-30cm_L2_v2-1.parquet,Year 2025 sensor data for UP plot at SWH site,,2025-01-01,2025-12-31,'NA',SWH_2025
SWH_UP_2025_soil-vwc-30cm_L2_v2-1.pdf,Plots of Jan 2025 sensor data for SWH-UP,,2025-01-01,2025-12-31,,SWH_2025
SWH_UP_2025_solar-voltage_L2_v2-1.parquet,Year 2025 sensor data for UP plot at SWH site,,2025-01-01,2025-12-31,'NA',SWH_2025
SWH_UP_2025_solar-voltage_L2_v2-1.pdf,Plots of Jan 2025 sensor data for SWH-UP,,2025-01-01,2025-12-31,,SWH_2025
SWH_W_2025_battery-voltage_L2_v2-1.parquet,Year 2025 sensor data for W plot at SWH site,,2025-01-01,2025-12-31,'NA',SWH_2025
SWH_W_2025_battery-voltage_L2_v2-1.pdf,Plots of Jan 2025 sensor data for SWH-W,,2025-01-01,2025-12-31,,SWH_2025
SWH_W_2025_gw-act-cond_L2_v2-1.parquet,Year 2025 sensor data for W plot at SWH site,,2025-01-01,2025-12-31,'NA',SWH_2025
SWH_W_2025_gw-act-cond_L2_v2-1.pdf,Plots of Jan 2025 sensor data for SWH-W,,2025-01-01,2025-12-31,,SWH_2025
SWH_W_2025_gw-bar-pressure_L2_v2-1.parquet,Year 2025 sensor data for W plot at SWH site,,2025-01-01,2025-12-31,'NA',SWH_2025
SWH_W_2025_gw-bar-pressure_L2_v2-1.pdf,Plots of Jan 2025 sensor data for SWH-W,,2025-01-01,2025-12-31,,SWH_2025
SWH_W_2025_gw-battery_L2_v2-1.parquet,Year 2025 sensor data for W plot at SWH site,,2025-01-01,2025-12-31,'NA',SWH_2025
SWH_W_2025_gw-battery_L2_v2-1.pdf,Plots of Jan 2025 sensor data for SWH-W,,2025-01-01,2025-12-31,,SWH_2025
SWH_W_2025_gw-density_L2_v2-1.parquet,Year 2025 sensor data for W plot at SWH site,,2025-01-01,2025-12-31,'NA',SWH_2025
SWH_W_2025_gw-density_L2_v2-1.pdf,Plots of Jan 2025 sensor data for SWH-W,,2025-01-01,2025-12-31,,SWH_2025
SWH_W_2025_gw-depth_L2_v2-1.parquet,Year 2025 sensor data for W plot at SWH site,,2025-01-01,2025-12-31,'NA',SWH_2025
SWH_W_2025_gw-depth_L2_v2-1.pdf,Plots of Jan 2025 sensor data for SWH-W,,2025-01-01,2025-12-31,,SWH_2025
SWH_W_2025_gw-part-pressure_L2_v2-1.parquet,Year 2025 sensor data for W plot at SWH site,,2025-01-01,2025-12-31,'NA',SWH_2025
SWH_W_2025_gw-part-pressure_L2_v2-1.pdf,Plots of Jan 2025 sensor data for SWH-W,,2025-01-01,2025-12-31,,SWH_2025
SWH_W_2025_gw-perc-sat_L2_v2-1.parquet,Year 2025 sensor data for W plot at SWH site,,2025-01-01,2025-12-31,'NA',SWH_2025
SWH_W_2025_gw-perc-sat_L2_v2-1.pdf,Plots of Jan 2025 sensor data for SWH-W,,2025-01-01,2025-12-31,,SWH_2025
SWH_W_2025_gw-ph_L2_v2-1.parquet,Year 2025 sensor data for W plot at SWH site,,2025-01-01,2025-12-31,'NA',SWH_2025
SWH_W_2025_gw-ph_L2_v2-1.pdf,Plots of Jan 2025 sensor data for SWH-W,,2025-01-01,2025-12-31,,SWH_2025
SWH_W_2025_gw-ph-mv_L2_v2-1.parquet,Year 2025 sensor data for W plot at SWH site,,2025-01-01,2025-12-31,'NA',SWH_2025
SWH_W_2025_gw-ph-mv_L2_v2-1.pdf,Plots of Jan 2025 sensor data for SWH-W,,2025-01-01,2025-12-31,,SWH_2025
SWH_W_2025_gw-ph-orp_L2_v2-1.parquet,Year 2025 sensor data for W plot at SWH site,,2025-01-01,2025-12-31,'NA',SWH_2025
SWH_W_2025_gw-ph-orp_L2_v2-1.pdf,Plots of Jan 2025 sensor data for SWH-W,,2025-01-01,2025-12-31,,SWH_2025
SWH_W_2025_gw-pressure-vented_L2_v2-1.parquet,Year 2025 sensor data for W plot at SWH site,,2025-01-01,2025-12-31,'NA',SWH_2025
SWH_W_2025_gw-pressure-vented_L2_v2-1.pdf,Plots of Jan 2025 sensor data for SWH-W,,2025-01-01,2025-12-31,,SWH_2025
SWH_W_2025_gw-rdo-conc_L2_v2-1.parquet,Year 2025 sensor data for W plot at SWH site,,2025-01-01,2025-12-31,'NA',SWH_2025
SWH_W_2025_gw-rdo-conc_L2_v2-1.pdf,Plots of Jan 2025 sensor data for SWH-W,,2025-01-01,2025-12-31,,SWH_2025
SWH_W_2025_gw-resistivity_L2_v2-1.parquet,Year 2025 sensor data for W plot at SWH site,,2025-01-01,2025-12-31,'NA',SWH_2025
SWH_W_2025_gw-resistivity_L2_v2-1.pdf,Plots of Jan 2025 sensor data for SWH-W,,2025-01-01,2025-12-31,,SWH_2025
SWH_W_2025_gw-salinity_L2_v2-1.parquet,Year 2025 sensor data for W plot at SWH site,,2025-01-01,2025-12-31,'NA',SWH_2025
SWH_W_2025_gw-salinity_L2_v2-1.pdf,Plots of Jan 2025 sensor data for SWH-W,,2025-01-01,2025-12-31,,SWH_2025
SWH_W_2025_gw-spec-cond_L2_v2-1.parquet,Year 2025 sensor data for W plot at SWH site,,2025-01-01,2025-12-31,'NA',SWH_2025
SWH_W_2025_gw-spec-cond_L2_v2-1.pdf,Plots of Jan 2025 sensor data for SWH-W,,2025-01-01,2025-12-31,,SWH_2025
SWH_W_2025_gw-tds_L2_v2-1.parquet,Year 2025 sensor data for W plot at SWH site,,2025-01-01,2025-12-31,'NA',SWH_2025
SWH_W_2025_gw-tds_L2_v2-1.pdf,Plots of Jan 2025 sensor data for SWH-W,,2025-01-01,2025-12-31,,SWH_2025
SWH_W_2025_gw-temperature_L2_v2-1.parquet,Year 2025 sensor data for W plot at SWH site,,2025-01-01,2025-12-31,'NA',SWH_2025
SWH_W_2025_gw-temperature_L2_v2-1.pdf,Plots of Jan 2025 sensor data for SWH-W,,2025-01-01,2025-12-31,,SWH_2025
SWH_W_2025_gw-voltage-ext_L2_v2-1.parquet,Year 2025 sensor data for W plot at SWH site,,2025-01-01,2025-12-31,'NA',SWH_2025
SWH_W_2025_gw-voltage-ext_L2_v2-1.pdf,Plots of Jan 2025 sensor data for SWH-W,,2025-01-01,2025-12-31,,SWH_2025
SWH_W_2025_redox-15cm_L2_v2-1.parquet,Year 2025 sensor data for W plot at SWH site,,2025-01-01,2025-12-31,'NA',SWH_2025
SWH_W_2025_redox-15cm_L2_v2-1.pdf,Plots of Jan 2025 sensor data for SWH-W,,2025-01-01,2025-12-31,,SWH_2025
SWH_W_2025_redox-5cm_L2_v2-1.parquet,Year 2025 sensor data for W plot at SWH site,,2025-01-01,2025-12-31,'NA',SWH_2025
SWH_W_2025_redox-5cm_L2_v2-1.pdf,Plots of Jan 2025 sensor data for SWH-W,,2025-01-01,2025-12-31,,SWH_2025
SWH_W_2025_soil-EC-10cm_L2_v2-1.parquet,Year 2025 sensor data for W plot at SWH site,,2025-01-01,2025-12-31,'NA',SWH_2025
SWH_W_2025_soil-EC-10cm_L2_v2-1.pdf,Plots of Jan 2025 sensor data for SWH-W,,2025-01-01,2025-12-31,,SWH_2025
SWH_W_2025_soil-EC-30cm_L2_v2-1.parquet,Year 2025 sensor data for W plot at SWH site,,2025-01-01,2025-12-31,'NA',SWH_2025
SWH_W_2025_soil-EC-30cm_L2_v2-1.pdf,Plots of Jan 2025 sensor data for SWH-W,,2025-01-01,2025-12-31,,SWH_2025
SWH_W_2025_soil-salinity-10cm_L2_v2-1.parquet,Year 2025 sensor data for W plot at SWH site,,2025-01-01,2025-12-31,'NA',SWH_2025
SWH_W_2025_soil-salinity-10cm_L2_v2-1.pdf,Plots of Jan 2025 sensor data for SWH-W,,2025-01-01,2025-12-31,,SWH_2025
SWH_W_2025_soil-salinity-30cm_L2_v2-1.parquet,Year 2025 sensor data for W plot at SWH site,,2025-01-01,2025-12-31,'NA',SWH_2025
SWH_W_2025_soil-salinity-30cm_L2_v2-1.pdf,Plots of Jan 2025 sensor data for SWH-W,,2025-01-01,2025-12-31,,SWH_2025
SWH_W_2025_soil-temp-10cm_L2_v2-1.parquet,Year 2025 sensor data for W plot at SWH site,,2025-01-01,2025-12-31,'NA',SWH_2025
SWH_W_2025_soil-temp-10cm_L2_v2-1.pdf,Plots of Jan 2025 sensor data for SWH-W,,2025-01-01,2025-12-31,,SWH_2025
SWH_W_2025_soil-temp-30cm_L2_v2-1.parquet,Year 2025 sensor data for W plot at SWH site,,2025-01-01,2025-12-31,'NA',SWH_2025
SWH_W_2025_soil-temp-30cm_L2_v2-1.pdf,Plots of Jan 2025 sensor data for SWH-W,,2025-01-01,2025-12-31,,SWH_2025
SWH_W_2025_soil-vwc-10cm_L2_v2-1.parquet,Year 2025 sensor data for W plot at SWH site,,2025-01-01,2025-12-31,'NA',SWH_2025
SWH_W_2025_soil-vwc-10cm_L2_v2-1.pdf,Plots of Jan 2025 sensor data for SWH-W,,2025-01-01,2025-12-31,,SWH_2025
SWH_W_2025_soil-vwc-30cm_L2_v2-1.parquet,Year 2025 sensor data for W plot at SWH site,,2025-01-01,2025-12-31,'NA',SWH_2025
SWH_W_2025_soil-vwc-30cm_L2_v2-1.pdf,Plots of Jan 2025 sensor data for SWH-W,,2025-01-01,2025-12-31,,SWH_2025
SWH_W_2025_solar-voltage_L2_v2-1.parquet,Year 2025 sensor data for W plot at SWH site,,2025-01-01,2025-12-31,'NA',SWH_2025
SWH_W_2025_solar-voltage_L2_v2-1.pdf,Plots of Jan 2025 sensor data for SWH-W,,2025-01-01,2025-12-31,,SWH_2025
SWH_W_2025_wx-barpress15_L2_v2-1.parquet,Year 2025 sensor data for W plot at SWH site,,2025-01-01,2025-12-31,'NA',SWH_2025
SWH_W_2025_wx-barpress15_L2_v2-1.pdf,Plots of Jan 2025 sensor data for SWH-W,,2025-01-01,2025-12-31,,SWH_2025
SWH_W_2025_wx-bpmax15_L2_v2-1.parquet,Year 2025 sensor data for W plot at SWH site,,2025-01-01,2025-12-31,'NA',SWH_2025
SWH_W_2025_wx-bpmax15_L2_v2-1.pdf,Plots of Jan 2025 sensor data for SWH-W,,2025-01-01,2025-12-31,,SWH_2025
SWH_W_2025_wx-bpmin15_L2_v2-1.parquet,Year 2025 sensor data for W plot at SWH site,,2025-01-01,2025-12-31,'NA',SWH_2025
SWH_W_2025_wx-bpmin15_L2_v2-1.pdf,Plots of Jan 2025 sensor data for SWH-W,,2025-01-01,2025-12-31,,SWH_2025
SWH_W_2025_wx-dist-min15_L2_v2-1.parquet,Year 2025 sensor data for W plot at SWH site,,2025-01-01,2025-12-31,'NA',SWH_2025
SWH_W_2025_wx-dist-min15_L2_v2-1.pdf,Plots of Jan 2025 sensor data for SWH-W,,2025-01-01,2025-12-31,,SWH_2025
SWH_W_2025_wx-invalid-wind15_L2_v2-1.parquet,Year 2025 sensor data for W plot at SWH site,,2025-01-01,2025-12-31,'NA',SWH_2025
SWH_W_2025_wx-invalid-wind15_L2_v2-1.pdf,Plots of Jan 2025 sensor data for SWH-W,,2025-01-01,2025-12-31,,SWH_2025
SWH_W_2025_wx-maxws15_L2_v2-1.parquet,Year 2025 sensor data for W plot at SWH site,,2025-01-01,2025-12-31,'NA',SWH_2025
SWH_W_2025_wx-maxws15_L2_v2-1.pdf,Plots of Jan 2025 sensor data for SWH-W,,2025-01-01,2025-12-31,,SWH_2025
SWH_W_2025_wx-maxws24_L2_v2-1.parquet,Year 2025 sensor data for W plot at SWH site,,2025-01-01,2025-12-31,'NA',SWH_2025
SWH_W_2025_wx-maxws24_L2_v2-1.pdf,Plots of Jan 2025 sensor data for SWH-W,,2025-01-01,2025-12-31,,SWH_2025
SWH_W_2025_wx-par-den15_L2_v2-1.parquet,Year 2025 sensor data for W plot at SWH site,,2025-01-01,2025-12-31,'NA',SWH_2025
SWH_W_2025_wx-par-den15_L2_v2-1.pdf,Plots of Jan 2025 sensor data for SWH-W,,2025-01-01,2025-12-31,,SWH_2025
SWH_W_2025_wx-par-den24_L2_v2-1.parquet,Year 2025 sensor data for W plot at SWH site,,2025-01-01,2025-12-31,'NA',SWH_2025
SWH_W_2025_wx-par-den24_L2_v2-1.pdf,Plots of Jan 2025 sensor data for SWH-W,,2025-01-01,2025-12-31,,SWH_2025
SWH_W_2025_wx-par-tot15_L2_v2-1.parquet,Year 2025 sensor data for W plot at SWH site,,2025-01-01,2025-12-31,'NA',SWH_2025
SWH_W_2025_wx-par-tot15_L2_v2-1.pdf,Plots of Jan 2025 sensor data for SWH-W,,2025-01-01,2025-12-31,,SWH_2025
SWH_W_2025_wx-par-tot24_L2_v2-1.parquet,Year 2025 sensor data for W plot at SWH site,,2025-01-01,2025-12-31,'NA',SWH_2025
SWH_W_2025_wx-par-tot24_L2_v2-1.pdf,Plots of Jan 2025 sensor data for SWH-W,,2025-01-01,2025-12-31,,SWH_2025
SWH_W_2025_wx-rain15_L2_v2-1.parquet,Year 2025 sensor data for W plot at SWH site,,2025-01-01,2025-12-31,'NA',SWH_2025
SWH_W_2025_wx-rain15_L2_v2-1.pdf,Plots of Jan 2025 sensor data for SWH-W,,2025-01-01,2025-12-31,,SWH_2025
SWH_W_2025_wx-rain24_L2_v2-1.parquet,Year 2025 sensor data for W plot at SWH site,,2025-01-01,2025-12-31,'NA',SWH_2025
SWH_W_2025_wx-rain24_L2_v2-1.pdf,Plots of Jan 2025 sensor data for SWH-W,,2025-01-01,2025-12-31,,SWH_2025
SWH_W_2025_wx-rh15_L2_v2-1.parquet,Year 2025 sensor data for W plot at SWH site,,2025-01-01,2025-12-31,'NA',SWH_2025
SWH_W_2025_wx-rh15_L2_v2-1.pdf,Plots of Jan 2025 sensor data for SWH-W,,2025-01-01,2025-12-31,,SWH_2025
SWH_W_2025_wx-rh24_L2_v2-1.parquet,Year 2025 sensor data for W plot at SWH site,,2025-01-01,2025-12-31,'NA',SWH_2025
SWH_W_2025_wx-rh24_L2_v2-1.pdf,Plots of Jan 2025 sensor data for SWH-W,,2025-01-01,2025-12-31,,SWH_2025
SWH_W_2025_wx-rht15_L2_v2-1.parquet,Year 2025 sensor data for W plot at SWH site,,2025-01-01,2025-12-31,'NA',SWH_2025
SWH_W_2025_wx-rht15_L2_v2-1.pdf,Plots of Jan 2025 sensor data for SWH-W,,2025-01-01,2025-12-31,,SWH_2025
SWH_W_2025_wx-rht24_L2_v2-1.parquet,Year 2025 sensor data for W plot at SWH site,,2025-01-01,2025-12-31,'NA',SWH_2025
SWH_W_2025_wx-rht24_L2_v2-1.pdf,Plots of Jan 2025 sensor data for SWH-W,,2025-01-01,2025-12-31,,SWH_2025
SWH_W_2025_wx-rhtmax24_L2_v2-1.parquet,Year 2025 sensor data for W plot at SWH site,,2025-01-01,2025-12-31,'NA',SWH_2025
SWH_W_2025_wx-rhtmax24_L2_v2-1.pdf,Plots of Jan 2025 sensor data for SWH-W,,2025-01-01,2025-12-31,,SWH_2025
SWH_W_2025_wx-rhtmin24_L2_v2-1.parquet,Year 2025 sensor data for W plot at SWH site,,2025-01-01,2025-12-31,'NA',SWH_2025
SWH_W_2025_wx-rhtmin24_L2_v2-1.pdf,Plots of Jan 2025 sensor data for SWH-W,,2025-01-01,2025-12-31,,SWH_2025
SWH_W_2025_wx-slr-fd15_L2_v2-1.parquet,Year 2025 sensor data for W plot at SWH site,,2025-01-01,2025-12-31,'NA',SWH_2025
SWH_W_2025_wx-slr-fd15_L2_v2-1.pdf,Plots of Jan 2025 sensor data for SWH-W,,2025-01-01,2025-12-31,,SWH_2025
SWH_W_2025_wx-slr-fd24_L2_v2-1.parquet,Year 2025 sensor data for W plot at SWH site,,2025-01-01,2025-12-31,'NA',SWH_2025
SWH_W_2025_wx-slr-fd24_L2_v2-1.pdf,Plots of Jan 2025 sensor data for SWH-W,,2025-01-01,2025-12-31,,SWH_2025
SWH_W_2025_wx-slr-tf15_L2_v2-1.parquet,Year 2025 sensor data for W plot at SWH site,,2025-01-01,2025-12-31,'NA',SWH_2025
SWH_W_2025_wx-slr-tf15_L2_v2-1.pdf,Plots of Jan 2025 sensor data for SWH-W,,2025-01-01,2025-12-31,,SWH_2025
SWH_W_2025_wx-slr-tf24_L2_v2-1.parquet,Year 2025 sensor data for W plot at SWH site,,2025-01-01,2025-12-31,'NA',SWH_2025
SWH_W_2025_wx-slr-tf24_L2_v2-1.pdf,Plots of Jan 2025 sensor data for SWH-W,,2025-01-01,2025-12-31,,SWH_2025
SWH_W_2025_wx-strikes15_L2_v2-1.parquet,Year 2025 sensor data for W plot at SWH site,,2025-01-01,2025-12-31,'NA',SWH_2025
SWH_W_2025_wx-strikes15_L2_v2-1.pdf,Plots of Jan 2025 sensor data for SWH-W,,2025-01-01,2025-12-31,,SWH_2025
SWH_W_2025_wx-tempavg15_L2_v2-1.parquet,Year 2025 sensor data for W plot at SWH site,,2025-01-01,2025-12-31,'NA',SWH_2025
SWH_W_2025_wx-tempavg15_L2_v2-1.pdf,Plots of Jan 2025 sensor data for SWH-W,,2025-01-01,2025-12-31,,SWH_2025
SWH_W_2025_wx-tempavg24_L2_v2-1.parquet,Year 2025 sensor data for W plot at SWH site,,2025-01-01,2025-12-31,'NA',SWH_2025
SWH_W_2025_wx-tempavg24_L2_v2-1.pdf,Plots of Jan 2025 sensor data for SWH-W,,2025-01-01,2025-12-31,,SWH_2025
SWH_W_2025_wx-tempmax15_L2_v2-1.parquet,Year 2025 sensor data for W plot at SWH site,,2025-01-01,2025-12-31,'NA',SWH_2025
SWH_W_2025_wx-tempmax15_L2_v2-1.pdf,Plots of Jan 2025 sensor data for SWH-W,,2025-01-01,2025-12-31,,SWH_2025
SWH_W_2025_wx-tempmax24_L2_v2-1.parquet,Year 2025 sensor data for W plot at SWH site,,2025-01-01,2025-12-31,'NA',SWH_2025
SWH_W_2025_wx-tempmax24_L2_v2-1.pdf,Plots of Jan 2025 sensor data for SWH-W,,2025-01-01,2025-12-31,,SWH_2025
SWH_W_2025_wx-tempmin15_L2_v2-1.parquet,Year 2025 sensor data for W plot at SWH site,,2025-01-01,2025-12-31,'NA',SWH_2025
SWH_W_2025_wx-tempmin15_L2_v2-1.pdf,Plots of Jan 2025 sensor data for SWH-W,,2025-01-01,2025-12-31,,SWH_2025
SWH_W_2025_wx-tempmin24_L2_v2-1.parquet,Year 2025 sensor data for W plot at SWH site,,2025-01-01,2025-12-31,'NA',SWH_2025
SWH_W_2025_wx-tempmin24_L2_v2-1.pdf,Plots of Jan 2025 sensor data for SWH-W,,2025-01-01,2025-12-31,,SWH_2025
SWH_W_2025_wx-tilt-ns15_L2_v2-1.parquet,Year 2025 sensor data for W plot at SWH site,,2025-01-01,2025-12-31,'NA',SWH_2025
SWH_W_2025_wx-tilt-ns15_L2_v2-1.pdf,Plots of Jan 2025 sensor data for SWH-W,,2025-01-01,2025-12-31,,SWH_2025
SWH_W_2025_wx-tilt-ns24_L2_v2-1.parquet,Year 2025 sensor data for W plot at SWH site,,2025-01-01,2025-12-31,'NA',SWH_2025
SWH_W_2025_wx-tilt-ns24_L2_v2-1.pdf,Plots of Jan 2025 sensor data for SWH-W,,2025-01-01,2025-12-31,,SWH_2025
SWH_W_2025_wx-tilt-we15_L2_v2-1.parquet,Year 2025 sensor data for W plot at SWH site,,2025-01-01,2025-12-31,'NA',SWH_2025
SWH_W_2025_wx-tilt-we15_L2_v2-1.pdf,Plots of Jan 2025 sensor data for SWH-W,,2025-01-01,2025-12-31,,SWH_2025
SWH_W_2025_wx-tilt-we24_L2_v2-1.parquet,Year 2025 sensor data for W plot at SWH site,,2025-01-01,2025-12-31,'NA',SWH_2025
SWH_W_2025_wx-tilt-we24_L2_v2-1.pdf,Plots of Jan 2025 sensor data for SWH-W,,2025-01-01,2025-12-31,,SWH_2025
SWH_W_2025_wx-vappress15_L2_v2-1.parquet,Year 2025 sensor data for W plot at SWH site,,2025-01-01,2025-12-31,'NA',SWH_2025
SWH_W_2025_wx-vappress15_L2_v2-1.pdf,Plots of Jan 2025 sensor data for SWH-W,,2025-01-01,2025-12-31,,SWH_2025
SWH_W_2025_wx-vappress24_L2_v2-1.parquet,Year 2025 sensor data for W plot at SWH site,,2025-01-01,2025-12-31,'NA',SWH_2025
SWH_W_2025_wx-vappress24_L2_v2-1.pdf,Plots of Jan 2025 sensor data for SWH-W,,2025-01-01,2025-12-31,,SWH_2025
SWH_W_2025_wx-vpd15_L2_v2-1.parquet,Year 2025 sensor data for W plot at SWH site,,2025-01-01,2025-12-31,'NA',SWH_2025
SWH_W_2025_wx-vpd15_L2_v2-1.pdf,Plots of Jan 2025 sensor data for SWH-W,,2025-01-01,2025-12-31,,SWH_2025
SWH_W_2025_wx-vpdmax15_L2_v2-1.parquet,Year 2025 sensor data for W plot at SWH site,,2025-01-01,2025-12-31,'NA',SWH_2025
SWH_W_2025_wx-vpdmax15_L2_v2-1.pdf,Plots of Jan 2025 sensor data for SWH-W,,2025-01-01,2025-12-31,,SWH_2025
SWH_W_2025_wx-vpdmin15_L2_v2-1.parquet,Year 2025 sensor data for W plot at SWH site,,2025-01-01,2025-12-31,'NA',SWH_2025
SWH_W_2025_wx-vpdmin15_L2_v2-1.pdf,Plots of Jan 2025 sensor data for SWH-W,,2025-01-01,2025-12-31,,SWH_2025
SWH_W_2025_wx-winddir-sd115_L2_v2-1.parquet,Year 2025 sensor data for W plot at SWH site,,2025-01-01,2025-12-31,'NA',SWH_2025
SWH_W_2025_wx-winddir-sd115_L2_v2-1.pdf,Plots of Jan 2025 sensor data for SWH-W,,2025-01-01,2025-12-31,,SWH_2025
SWH_W_2025_wx-winddir15_L2_v2-1.parquet,Year 2025 sensor data for W plot at SWH site,,2025-01-01,2025-12-31,'NA',SWH_2025
SWH_W_2025_wx-winddir15_L2_v2-1.pdf,Plots of Jan 2025 sensor data for SWH-W,,2025-01-01,2025-12-31,,SWH_2025
SWH_W_2025_wx-winderrors24_L2_v2-1.parquet,Year 2025 sensor data for W plot at SWH site,,2025-01-01,2025-12-31,'NA',SWH_2025
SWH_W_2025_wx-winderrors24_L2_v2-1.pdf,Plots of Jan 2025 sensor data for SWH-W,,2025-01-01,2025-12-31,,SWH_2025
SWH_W_2025_wx-windspeed15_L2_v2-1.parquet,Year 2025 sensor data for W plot at SWH site,,2025-01-01,2025-12-31,'NA',SWH_2025
SWH_W_2025_wx-windspeed15_L2_v2-1.pdf,Plots of Jan 2025 sensor data for SWH-W,,2025-01-01,2025-12-31,,SWH_2025
v2-1 L2 Sensor Data Package QStart.pdf,Quick start guide with overview descriptions of data package,,,,,./data/L2
